query,expected_tier,correct_answer,config,semantic_weight,keyword_weight,rank,doc_index,semantic_score,keyword_score,fused_score,faiss_distance,retrieved_text,has_relevance_annotations,p_at_1,r_at_1,p_at_3,r_at_3,p_at_5,r_at_5
Apple iPhone 13,direct,Apple iPhone 13 is on Shelf A with stock 8 and unit price $599.99.,semantic_only,1.0,0.0,1,1,1.0,0.6666666666666666,1.0,47.665748596191406,"Item: Apple iPhone 14 Pro, Shelf: Shelf A, Shelf ID: A, Location: (-0.151, 2.203, 0.001), Stock: 10, Price: $999.99, Category: Smartphones",False,nan,nan,nan,nan,nan,nan
Apple iPhone 13,direct,Apple iPhone 13 is on Shelf A with stock 8 and unit price $599.99.,semantic_only,1.0,0.0,2,2,0.9484824017527539,1.0,0.9484824017527539,49.089324951171875,"Item: Apple iPhone 13, Shelf: Shelf A, Shelf ID: A, Location: (-0.151, 2.203, 0.001), Stock: 8, Price: $599.99, Category: Smartphones",False,nan,nan,nan,nan,nan,nan
Apple iPhone 13,direct,Apple iPhone 13 is on Shelf A with stock 8 and unit price $599.99.,semantic_only,1.0,0.0,3,0,0.9243529957831979,0.6666666666666666,0.9243529957831979,49.785125732421875,"Item: Apple iPhone 14, Shelf: Shelf A, Shelf ID: A, Location: (-0.151, 2.203, 0.001), Stock: 10, Price: $799.99, Category: Smartphones",False,nan,nan,nan,nan,nan,nan
Apple iPhone 13,direct,Apple iPhone 13 is on Shelf A with stock 8 and unit price $599.99.,semantic_only,1.0,0.0,4,4,0.773745337607607,0.3333333333333333,0.773745337607607,54.60643768310547,"Item: iPhone Screen Protector, Shelf: Shelf A, Shelf ID: A, Location: (-0.151, 2.203, 0.001), Stock: 32, Price: $9.99, Category: Accessories",False,nan,nan,nan,nan,nan,nan
Apple iPhone 13,direct,Apple iPhone 13 is on Shelf A with stock 8 and unit price $599.99.,semantic_only,1.0,0.0,5,3,0.6749794281095781,0.3333333333333333,0.6749794281095781,58.29816818237305,"Item: iPhone Charging Cable, Shelf: Shelf A, Shelf ID: A, Location: (-0.151, 2.203, 0.001), Stock: 45, Price: $19.99, Category: Accessories",False,nan,nan,nan,nan,nan,nan
Apple iPhone 13,direct,Apple iPhone 13 is on Shelf A with stock 8 and unit price $599.99.,keyword_only,0.0,1.0,1,2,0.9484824017527539,1.0,1.0,49.089324951171875,"Item: Apple iPhone 13, Shelf: Shelf A, Shelf ID: A, Location: (-0.151, 2.203, 0.001), Stock: 8, Price: $599.99, Category: Smartphones",False,nan,nan,nan,nan,nan,nan
Apple iPhone 13,direct,Apple iPhone 13 is on Shelf A with stock 8 and unit price $599.99.,keyword_only,0.0,1.0,2,0,0.9243529957831979,0.6666666666666666,0.6666666666666666,49.785125732421875,"Item: Apple iPhone 14, Shelf: Shelf A, Shelf ID: A, Location: (-0.151, 2.203, 0.001), Stock: 10, Price: $799.99, Category: Smartphones",False,nan,nan,nan,nan,nan,nan
Apple iPhone 13,direct,Apple iPhone 13 is on Shelf A with stock 8 and unit price $599.99.,keyword_only,0.0,1.0,3,1,1.0,0.6666666666666666,0.6666666666666666,47.665748596191406,"Item: Apple iPhone 14 Pro, Shelf: Shelf A, Shelf ID: A, Location: (-0.151, 2.203, 0.001), Stock: 10, Price: $999.99, Category: Smartphones",False,nan,nan,nan,nan,nan,nan
Apple iPhone 13,direct,Apple iPhone 13 is on Shelf A with stock 8 and unit price $599.99.,keyword_only,0.0,1.0,4,3,0.6749794281095781,0.3333333333333333,0.3333333333333333,58.29816818237305,"Item: iPhone Charging Cable, Shelf: Shelf A, Shelf ID: A, Location: (-0.151, 2.203, 0.001), Stock: 45, Price: $19.99, Category: Accessories",False,nan,nan,nan,nan,nan,nan
Apple iPhone 13,direct,Apple iPhone 13 is on Shelf A with stock 8 and unit price $599.99.,keyword_only,0.0,1.0,5,4,0.773745337607607,0.3333333333333333,0.3333333333333333,54.60643768310547,"Item: iPhone Screen Protector, Shelf: Shelf A, Shelf ID: A, Location: (-0.151, 2.203, 0.001), Stock: 32, Price: $9.99, Category: Accessories",False,nan,nan,nan,nan,nan,nan
Apple iPhone 13,direct,Apple iPhone 13 is on Shelf A with stock 8 and unit price $599.99.,hybrid_50_50,0.5,0.5,1,2,0.9484824017527539,1.0,0.974241200876377,49.089324951171875,"Item: Apple iPhone 13, Shelf: Shelf A, Shelf ID: A, Location: (-0.151, 2.203, 0.001), Stock: 8, Price: $599.99, Category: Smartphones",False,nan,nan,nan,nan,nan,nan
Apple iPhone 13,direct,Apple iPhone 13 is on Shelf A with stock 8 and unit price $599.99.,hybrid_50_50,0.5,0.5,2,1,1.0,0.6666666666666666,0.8333333333333333,47.665748596191406,"Item: Apple iPhone 14 Pro, Shelf: Shelf A, Shelf ID: A, Location: (-0.151, 2.203, 0.001), Stock: 10, Price: $999.99, Category: Smartphones",False,nan,nan,nan,nan,nan,nan
Apple iPhone 13,direct,Apple iPhone 13 is on Shelf A with stock 8 and unit price $599.99.,hybrid_50_50,0.5,0.5,3,0,0.9243529957831979,0.6666666666666666,0.7955098312249322,49.785125732421875,"Item: Apple iPhone 14, Shelf: Shelf A, Shelf ID: A, Location: (-0.151, 2.203, 0.001), Stock: 10, Price: $799.99, Category: Smartphones",False,nan,nan,nan,nan,nan,nan
Apple iPhone 13,direct,Apple iPhone 13 is on Shelf A with stock 8 and unit price $599.99.,hybrid_50_50,0.5,0.5,4,4,0.773745337607607,0.3333333333333333,0.5535393354704702,54.60643768310547,"Item: iPhone Screen Protector, Shelf: Shelf A, Shelf ID: A, Location: (-0.151, 2.203, 0.001), Stock: 32, Price: $9.99, Category: Accessories",False,nan,nan,nan,nan,nan,nan
Apple iPhone 13,direct,Apple iPhone 13 is on Shelf A with stock 8 and unit price $599.99.,hybrid_50_50,0.5,0.5,5,3,0.6749794281095781,0.3333333333333333,0.5041563807214557,58.29816818237305,"Item: iPhone Charging Cable, Shelf: Shelf A, Shelf ID: A, Location: (-0.151, 2.203, 0.001), Stock: 45, Price: $19.99, Category: Accessories",False,nan,nan,nan,nan,nan,nan
Apple iPhone 13,direct,Apple iPhone 13 is on Shelf A with stock 8 and unit price $599.99.,hybrid_60_40,0.6,0.4,1,2,0.9484824017527539,1.0,0.9690894410516523,49.089324951171875,"Item: Apple iPhone 13, Shelf: Shelf A, Shelf ID: A, Location: (-0.151, 2.203, 0.001), Stock: 8, Price: $599.99, Category: Smartphones",False,nan,nan,nan,nan,nan,nan
Apple iPhone 13,direct,Apple iPhone 13 is on Shelf A with stock 8 and unit price $599.99.,hybrid_60_40,0.6,0.4,2,1,1.0,0.6666666666666666,0.8666666666666667,47.665748596191406,"Item: Apple iPhone 14 Pro, Shelf: Shelf A, Shelf ID: A, Location: (-0.151, 2.203, 0.001), Stock: 10, Price: $999.99, Category: Smartphones",False,nan,nan,nan,nan,nan,nan
Apple iPhone 13,direct,Apple iPhone 13 is on Shelf A with stock 8 and unit price $599.99.,hybrid_60_40,0.6,0.4,3,0,0.9243529957831979,0.6666666666666666,0.8212784641365853,49.785125732421875,"Item: Apple iPhone 14, Shelf: Shelf A, Shelf ID: A, Location: (-0.151, 2.203, 0.001), Stock: 10, Price: $799.99, Category: Smartphones",False,nan,nan,nan,nan,nan,nan
Apple iPhone 13,direct,Apple iPhone 13 is on Shelf A with stock 8 and unit price $599.99.,hybrid_60_40,0.6,0.4,4,4,0.773745337607607,0.3333333333333333,0.5975805358978975,54.60643768310547,"Item: iPhone Screen Protector, Shelf: Shelf A, Shelf ID: A, Location: (-0.151, 2.203, 0.001), Stock: 32, Price: $9.99, Category: Accessories",False,nan,nan,nan,nan,nan,nan
Apple iPhone 13,direct,Apple iPhone 13 is on Shelf A with stock 8 and unit price $599.99.,hybrid_60_40,0.6,0.4,5,3,0.6749794281095781,0.3333333333333333,0.5383209901990802,58.29816818237305,"Item: iPhone Charging Cable, Shelf: Shelf A, Shelf ID: A, Location: (-0.151, 2.203, 0.001), Stock: 45, Price: $19.99, Category: Accessories",False,nan,nan,nan,nan,nan,nan
Apple iPhone 13,direct,Apple iPhone 13 is on Shelf A with stock 8 and unit price $599.99.,hybrid_70_30,0.7,0.3,1,2,0.9484824017527539,1.0,0.9639376812269276,49.089324951171875,"Item: Apple iPhone 13, Shelf: Shelf A, Shelf ID: A, Location: (-0.151, 2.203, 0.001), Stock: 8, Price: $599.99, Category: Smartphones",False,nan,nan,nan,nan,nan,nan
Apple iPhone 13,direct,Apple iPhone 13 is on Shelf A with stock 8 and unit price $599.99.,hybrid_70_30,0.7,0.3,2,1,1.0,0.6666666666666666,0.8999999999999999,47.665748596191406,"Item: Apple iPhone 14 Pro, Shelf: Shelf A, Shelf ID: A, Location: (-0.151, 2.203, 0.001), Stock: 10, Price: $999.99, Category: Smartphones",False,nan,nan,nan,nan,nan,nan
Apple iPhone 13,direct,Apple iPhone 13 is on Shelf A with stock 8 and unit price $599.99.,hybrid_70_30,0.7,0.3,3,0,0.9243529957831979,0.6666666666666666,0.8470470970482384,49.785125732421875,"Item: Apple iPhone 14, Shelf: Shelf A, Shelf ID: A, Location: (-0.151, 2.203, 0.001), Stock: 10, Price: $799.99, Category: Smartphones",False,nan,nan,nan,nan,nan,nan
Apple iPhone 13,direct,Apple iPhone 13 is on Shelf A with stock 8 and unit price $599.99.,hybrid_70_30,0.7,0.3,4,4,0.773745337607607,0.3333333333333333,0.6416217363253248,54.60643768310547,"Item: iPhone Screen Protector, Shelf: Shelf A, Shelf ID: A, Location: (-0.151, 2.203, 0.001), Stock: 32, Price: $9.99, Category: Accessories",False,nan,nan,nan,nan,nan,nan
Apple iPhone 13,direct,Apple iPhone 13 is on Shelf A with stock 8 and unit price $599.99.,hybrid_70_30,0.7,0.3,5,3,0.6749794281095781,0.3333333333333333,0.5724855996767046,58.29816818237305,"Item: iPhone Charging Cable, Shelf: Shelf A, Shelf ID: A, Location: (-0.151, 2.203, 0.001), Stock: 45, Price: $19.99, Category: Accessories",False,nan,nan,nan,nan,nan,nan
Apple iPhone 13,direct,Apple iPhone 13 is on Shelf A with stock 8 and unit price $599.99.,hybrid_80_20,0.8,0.2,1,2,0.9484824017527539,1.0,0.9587859214022032,49.089324951171875,"Item: Apple iPhone 13, Shelf: Shelf A, Shelf ID: A, Location: (-0.151, 2.203, 0.001), Stock: 8, Price: $599.99, Category: Smartphones",False,nan,nan,nan,nan,nan,nan
Apple iPhone 13,direct,Apple iPhone 13 is on Shelf A with stock 8 and unit price $599.99.,hybrid_80_20,0.8,0.2,2,1,1.0,0.6666666666666666,0.9333333333333333,47.665748596191406,"Item: Apple iPhone 14 Pro, Shelf: Shelf A, Shelf ID: A, Location: (-0.151, 2.203, 0.001), Stock: 10, Price: $999.99, Category: Smartphones",False,nan,nan,nan,nan,nan,nan
Apple iPhone 13,direct,Apple iPhone 13 is on Shelf A with stock 8 and unit price $599.99.,hybrid_80_20,0.8,0.2,3,0,0.9243529957831979,0.6666666666666666,0.8728157299598917,49.785125732421875,"Item: Apple iPhone 14, Shelf: Shelf A, Shelf ID: A, Location: (-0.151, 2.203, 0.001), Stock: 10, Price: $799.99, Category: Smartphones",False,nan,nan,nan,nan,nan,nan
Apple iPhone 13,direct,Apple iPhone 13 is on Shelf A with stock 8 and unit price $599.99.,hybrid_80_20,0.8,0.2,4,4,0.773745337607607,0.3333333333333333,0.6856629367527523,54.60643768310547,"Item: iPhone Screen Protector, Shelf: Shelf A, Shelf ID: A, Location: (-0.151, 2.203, 0.001), Stock: 32, Price: $9.99, Category: Accessories",False,nan,nan,nan,nan,nan,nan
Apple iPhone 13,direct,Apple iPhone 13 is on Shelf A with stock 8 and unit price $599.99.,hybrid_80_20,0.8,0.2,5,3,0.6749794281095781,0.3333333333333333,0.6066502091543292,58.29816818237305,"Item: iPhone Charging Cable, Shelf: Shelf A, Shelf ID: A, Location: (-0.151, 2.203, 0.001), Stock: 45, Price: $19.99, Category: Accessories",False,nan,nan,nan,nan,nan,nan
Samsung Galaxy Tab S9,direct,Samsung Galaxy Tab S9 is on Shelf B with stock 15 and unit price $699.99.,semantic_only,1.0,0.0,1,7,1.0,1.0,1.0,36.92431640625,"Item: Samsung Galaxy Tab S9, Shelf: Shelf B, Shelf ID: B, Location: (1.430, 2.184, 0.000), Stock: 15, Price: $699.99, Category: Tablets",False,nan,nan,nan,nan,nan,nan
Samsung Galaxy Tab S9,direct,Samsung Galaxy Tab S9 is on Shelf B with stock 15 and unit price $699.99.,semantic_only,1.0,0.0,2,6,0.7639571313897731,0.5,0.7639571313897731,43.39214324951172,"Item: Samsung Galaxy S24, Shelf: Shelf B, Shelf ID: B, Location: (1.430, 2.184, 0.000), Stock: 22, Price: $899.99, Category: Smartphones",False,nan,nan,nan,nan,nan,nan
Samsung Galaxy Tab S9,direct,Samsung Galaxy Tab S9 is on Shelf B with stock 15 and unit price $699.99.,semantic_only,1.0,0.0,3,5,0.6378891028093335,0.5,0.6378891028093335,47.84089660644531,"Item: Samsung Galaxy S23, Shelf: Shelf B, Shelf ID: B, Location: (1.430, 2.184, 0.000), Stock: 196, Price: $749.99, Category: Smartphones",False,nan,nan,nan,nan,nan,nan
Samsung Galaxy Tab S9,direct,Samsung Galaxy Tab S9 is on Shelf B with stock 15 and unit price $699.99.,semantic_only,1.0,0.0,4,9,0.48360747523061787,0.25,0.48360747523061787,54.668190002441406,"Item: Samsung Fast Charger, Shelf: Shelf B, Shelf ID: B, Location: (1.430, 2.184, 0.000), Stock: 66, Price: $29.99, Category: Accessories",False,nan,nan,nan,nan,nan,nan
Samsung Galaxy Tab S9,direct,Samsung Galaxy Tab S9 is on Shelf B with stock 15 and unit price $699.99.,semantic_only,1.0,0.0,5,8,0.33693889071769556,0.25,0.33693889071769556,63.1995849609375,"Item: Samsung Wireless Earbuds, Shelf: Shelf B, Shelf ID: B, Location: (1.430, 2.184, 0.000), Stock: 27, Price: $129.99, Category: Audio",False,nan,nan,nan,nan,nan,nan
Samsung Galaxy Tab S9,direct,Samsung Galaxy Tab S9 is on Shelf B with stock 15 and unit price $699.99.,keyword_only,0.0,1.0,1,7,1.0,1.0,1.0,36.92431640625,"Item: Samsung Galaxy Tab S9, Shelf: Shelf B, Shelf ID: B, Location: (1.430, 2.184, 0.000), Stock: 15, Price: $699.99, Category: Tablets",False,nan,nan,nan,nan,nan,nan
Samsung Galaxy Tab S9,direct,Samsung Galaxy Tab S9 is on Shelf B with stock 15 and unit price $699.99.,keyword_only,0.0,1.0,2,5,0.6378891028093335,0.5,0.5,47.84089660644531,"Item: Samsung Galaxy S23, Shelf: Shelf B, Shelf ID: B, Location: (1.430, 2.184, 0.000), Stock: 196, Price: $749.99, Category: Smartphones",False,nan,nan,nan,nan,nan,nan
Samsung Galaxy Tab S9,direct,Samsung Galaxy Tab S9 is on Shelf B with stock 15 and unit price $699.99.,keyword_only,0.0,1.0,3,6,0.7639571313897731,0.5,0.5,43.39214324951172,"Item: Samsung Galaxy S24, Shelf: Shelf B, Shelf ID: B, Location: (1.430, 2.184, 0.000), Stock: 22, Price: $899.99, Category: Smartphones",False,nan,nan,nan,nan,nan,nan
Samsung Galaxy Tab S9,direct,Samsung Galaxy Tab S9 is on Shelf B with stock 15 and unit price $699.99.,keyword_only,0.0,1.0,4,8,0.33693889071769556,0.25,0.25,63.1995849609375,"Item: Samsung Wireless Earbuds, Shelf: Shelf B, Shelf ID: B, Location: (1.430, 2.184, 0.000), Stock: 27, Price: $129.99, Category: Audio",False,nan,nan,nan,nan,nan,nan
Samsung Galaxy Tab S9,direct,Samsung Galaxy Tab S9 is on Shelf B with stock 15 and unit price $699.99.,keyword_only,0.0,1.0,5,9,0.48360747523061787,0.25,0.25,54.668190002441406,"Item: Samsung Fast Charger, Shelf: Shelf B, Shelf ID: B, Location: (1.430, 2.184, 0.000), Stock: 66, Price: $29.99, Category: Accessories",False,nan,nan,nan,nan,nan,nan
Samsung Galaxy Tab S9,direct,Samsung Galaxy Tab S9 is on Shelf B with stock 15 and unit price $699.99.,hybrid_50_50,0.5,0.5,1,7,1.0,1.0,1.0,36.92431640625,"Item: Samsung Galaxy Tab S9, Shelf: Shelf B, Shelf ID: B, Location: (1.430, 2.184, 0.000), Stock: 15, Price: $699.99, Category: Tablets",False,nan,nan,nan,nan,nan,nan
Samsung Galaxy Tab S9,direct,Samsung Galaxy Tab S9 is on Shelf B with stock 15 and unit price $699.99.,hybrid_50_50,0.5,0.5,2,6,0.7639571313897731,0.5,0.6319785656948865,43.39214324951172,"Item: Samsung Galaxy S24, Shelf: Shelf B, Shelf ID: B, Location: (1.430, 2.184, 0.000), Stock: 22, Price: $899.99, Category: Smartphones",False,nan,nan,nan,nan,nan,nan
Samsung Galaxy Tab S9,direct,Samsung Galaxy Tab S9 is on Shelf B with stock 15 and unit price $699.99.,hybrid_50_50,0.5,0.5,3,5,0.6378891028093335,0.5,0.5689445514046667,47.84089660644531,"Item: Samsung Galaxy S23, Shelf: Shelf B, Shelf ID: B, Location: (1.430, 2.184, 0.000), Stock: 196, Price: $749.99, Category: Smartphones",False,nan,nan,nan,nan,nan,nan
Samsung Galaxy Tab S9,direct,Samsung Galaxy Tab S9 is on Shelf B with stock 15 and unit price $699.99.,hybrid_50_50,0.5,0.5,4,9,0.48360747523061787,0.25,0.36680373761530893,54.668190002441406,"Item: Samsung Fast Charger, Shelf: Shelf B, Shelf ID: B, Location: (1.430, 2.184, 0.000), Stock: 66, Price: $29.99, Category: Accessories",False,nan,nan,nan,nan,nan,nan
Samsung Galaxy Tab S9,direct,Samsung Galaxy Tab S9 is on Shelf B with stock 15 and unit price $699.99.,hybrid_50_50,0.5,0.5,5,8,0.33693889071769556,0.25,0.2934694453588478,63.1995849609375,"Item: Samsung Wireless Earbuds, Shelf: Shelf B, Shelf ID: B, Location: (1.430, 2.184, 0.000), Stock: 27, Price: $129.99, Category: Audio",False,nan,nan,nan,nan,nan,nan
Samsung Galaxy Tab S9,direct,Samsung Galaxy Tab S9 is on Shelf B with stock 15 and unit price $699.99.,hybrid_60_40,0.6,0.4,1,7,1.0,1.0,1.0,36.92431640625,"Item: Samsung Galaxy Tab S9, Shelf: Shelf B, Shelf ID: B, Location: (1.430, 2.184, 0.000), Stock: 15, Price: $699.99, Category: Tablets",False,nan,nan,nan,nan,nan,nan
Samsung Galaxy Tab S9,direct,Samsung Galaxy Tab S9 is on Shelf B with stock 15 and unit price $699.99.,hybrid_60_40,0.6,0.4,2,6,0.7639571313897731,0.5,0.6583742788338638,43.39214324951172,"Item: Samsung Galaxy S24, Shelf: Shelf B, Shelf ID: B, Location: (1.430, 2.184, 0.000), Stock: 22, Price: $899.99, Category: Smartphones",False,nan,nan,nan,nan,nan,nan
Samsung Galaxy Tab S9,direct,Samsung Galaxy Tab S9 is on Shelf B with stock 15 and unit price $699.99.,hybrid_60_40,0.6,0.4,3,5,0.6378891028093335,0.5,0.5827334616856001,47.84089660644531,"Item: Samsung Galaxy S23, Shelf: Shelf B, Shelf ID: B, Location: (1.430, 2.184, 0.000), Stock: 196, Price: $749.99, Category: Smartphones",False,nan,nan,nan,nan,nan,nan
Samsung Galaxy Tab S9,direct,Samsung Galaxy Tab S9 is on Shelf B with stock 15 and unit price $699.99.,hybrid_60_40,0.6,0.4,4,9,0.48360747523061787,0.25,0.39016448513837076,54.668190002441406,"Item: Samsung Fast Charger, Shelf: Shelf B, Shelf ID: B, Location: (1.430, 2.184, 0.000), Stock: 66, Price: $29.99, Category: Accessories",False,nan,nan,nan,nan,nan,nan
Samsung Galaxy Tab S9,direct,Samsung Galaxy Tab S9 is on Shelf B with stock 15 and unit price $699.99.,hybrid_60_40,0.6,0.4,5,8,0.33693889071769556,0.25,0.3021633344306173,63.1995849609375,"Item: Samsung Wireless Earbuds, Shelf: Shelf B, Shelf ID: B, Location: (1.430, 2.184, 0.000), Stock: 27, Price: $129.99, Category: Audio",False,nan,nan,nan,nan,nan,nan
Samsung Galaxy Tab S9,direct,Samsung Galaxy Tab S9 is on Shelf B with stock 15 and unit price $699.99.,hybrid_70_30,0.7,0.3,1,7,1.0,1.0,1.0,36.92431640625,"Item: Samsung Galaxy Tab S9, Shelf: Shelf B, Shelf ID: B, Location: (1.430, 2.184, 0.000), Stock: 15, Price: $699.99, Category: Tablets",False,nan,nan,nan,nan,nan,nan
Samsung Galaxy Tab S9,direct,Samsung Galaxy Tab S9 is on Shelf B with stock 15 and unit price $699.99.,hybrid_70_30,0.7,0.3,2,6,0.7639571313897731,0.5,0.6847699919728412,43.39214324951172,"Item: Samsung Galaxy S24, Shelf: Shelf B, Shelf ID: B, Location: (1.430, 2.184, 0.000), Stock: 22, Price: $899.99, Category: Smartphones",False,nan,nan,nan,nan,nan,nan
Samsung Galaxy Tab S9,direct,Samsung Galaxy Tab S9 is on Shelf B with stock 15 and unit price $699.99.,hybrid_70_30,0.7,0.3,3,5,0.6378891028093335,0.5,0.5965223719665335,47.84089660644531,"Item: Samsung Galaxy S23, Shelf: Shelf B, Shelf ID: B, Location: (1.430, 2.184, 0.000), Stock: 196, Price: $749.99, Category: Smartphones",False,nan,nan,nan,nan,nan,nan
Samsung Galaxy Tab S9,direct,Samsung Galaxy Tab S9 is on Shelf B with stock 15 and unit price $699.99.,hybrid_70_30,0.7,0.3,4,9,0.48360747523061787,0.25,0.4135252326614325,54.668190002441406,"Item: Samsung Fast Charger, Shelf: Shelf B, Shelf ID: B, Location: (1.430, 2.184, 0.000), Stock: 66, Price: $29.99, Category: Accessories",False,nan,nan,nan,nan,nan,nan
Samsung Galaxy Tab S9,direct,Samsung Galaxy Tab S9 is on Shelf B with stock 15 and unit price $699.99.,hybrid_70_30,0.7,0.3,5,8,0.33693889071769556,0.25,0.31085722350238687,63.1995849609375,"Item: Samsung Wireless Earbuds, Shelf: Shelf B, Shelf ID: B, Location: (1.430, 2.184, 0.000), Stock: 27, Price: $129.99, Category: Audio",False,nan,nan,nan,nan,nan,nan
Samsung Galaxy Tab S9,direct,Samsung Galaxy Tab S9 is on Shelf B with stock 15 and unit price $699.99.,hybrid_80_20,0.8,0.2,1,7,1.0,1.0,1.0,36.92431640625,"Item: Samsung Galaxy Tab S9, Shelf: Shelf B, Shelf ID: B, Location: (1.430, 2.184, 0.000), Stock: 15, Price: $699.99, Category: Tablets",False,nan,nan,nan,nan,nan,nan
Samsung Galaxy Tab S9,direct,Samsung Galaxy Tab S9 is on Shelf B with stock 15 and unit price $699.99.,hybrid_80_20,0.8,0.2,2,6,0.7639571313897731,0.5,0.7111657051118184,43.39214324951172,"Item: Samsung Galaxy S24, Shelf: Shelf B, Shelf ID: B, Location: (1.430, 2.184, 0.000), Stock: 22, Price: $899.99, Category: Smartphones",False,nan,nan,nan,nan,nan,nan
Samsung Galaxy Tab S9,direct,Samsung Galaxy Tab S9 is on Shelf B with stock 15 and unit price $699.99.,hybrid_80_20,0.8,0.2,3,5,0.6378891028093335,0.5,0.6103112822474668,47.84089660644531,"Item: Samsung Galaxy S23, Shelf: Shelf B, Shelf ID: B, Location: (1.430, 2.184, 0.000), Stock: 196, Price: $749.99, Category: Smartphones",False,nan,nan,nan,nan,nan,nan
Samsung Galaxy Tab S9,direct,Samsung Galaxy Tab S9 is on Shelf B with stock 15 and unit price $699.99.,hybrid_80_20,0.8,0.2,4,9,0.48360747523061787,0.25,0.4368859801844943,54.668190002441406,"Item: Samsung Fast Charger, Shelf: Shelf B, Shelf ID: B, Location: (1.430, 2.184, 0.000), Stock: 66, Price: $29.99, Category: Accessories",False,nan,nan,nan,nan,nan,nan
Samsung Galaxy Tab S9,direct,Samsung Galaxy Tab S9 is on Shelf B with stock 15 and unit price $699.99.,hybrid_80_20,0.8,0.2,5,8,0.33693889071769556,0.25,0.31955111257415647,63.1995849609375,"Item: Samsung Wireless Earbuds, Shelf: Shelf B, Shelf ID: B, Location: (1.430, 2.184, 0.000), Stock: 27, Price: $129.99, Category: Audio",False,nan,nan,nan,nan,nan,nan
Sony WH-CH720N,direct,Sony WH-CH720N is on Shelf C with stock 23 and unit price $129.99.,semantic_only,1.0,0.0,1,11,1.0,1.0,1.0,35.206199645996094,"Item: Sony WH-CH720N, Shelf: Shelf C, Shelf ID: C, Location: (3.265, 2.080, 0.001), Stock: 23, Price: $129.99, Category: Headphones",False,nan,nan,nan,nan,nan,nan
Sony WH-CH720N,direct,Sony WH-CH720N is on Shelf C with stock 23 and unit price $129.99.,semantic_only,1.0,0.0,2,10,0.7550321582102815,0.6666666666666666,0.7550321582102815,41.338966369628906,"Item: Sony WH-1000XM5, Shelf: Shelf C, Shelf ID: C, Location: (3.265, 2.080, 0.001), Stock: 16, Price: $399.99, Category: Headphones",False,nan,nan,nan,nan,nan,nan
Sony WH-CH720N,direct,Sony WH-CH720N is on Shelf C with stock 23 and unit price $129.99.,semantic_only,1.0,0.0,3,12,0.6426770005710626,0.3333333333333333,0.6426770005710626,44.9052848815918,"Item: Sony WF-1000XM5, Shelf: Shelf C, Shelf ID: C, Location: (3.265, 2.080, 0.001), Stock: 18, Price: $299.99, Category: Earbuds",False,nan,nan,nan,nan,nan,nan
Sony WH-CH720N,direct,Sony WH-CH720N is on Shelf C with stock 23 and unit price $129.99.,semantic_only,1.0,0.0,4,14,0.5750544643410034,0.3333333333333333,0.5750544643410034,47.356807708740234,"Item: Sony Carrying Case, Shelf: Shelf C, Shelf ID: C, Location: (3.265, 2.080, 0.001), Stock: 42, Price: $19.99, Category: Accessories",False,nan,nan,nan,nan,nan,nan
Sony WH-CH720N,direct,Sony WH-CH720N is on Shelf C with stock 23 and unit price $129.99.,semantic_only,1.0,0.0,5,13,0.4805731060248321,0.3333333333333333,0.4805731060248321,51.255897521972656,"Item: Sony Extra Bass Headphones, Shelf: Shelf C, Shelf ID: C, Location: (3.265, 2.080, 0.001), Stock: 31, Price: $79.99, Category: Headphones",False,nan,nan,nan,nan,nan,nan
Sony WH-CH720N,direct,Sony WH-CH720N is on Shelf C with stock 23 and unit price $129.99.,keyword_only,0.0,1.0,1,11,1.0,1.0,1.0,35.206199645996094,"Item: Sony WH-CH720N, Shelf: Shelf C, Shelf ID: C, Location: (3.265, 2.080, 0.001), Stock: 23, Price: $129.99, Category: Headphones",False,nan,nan,nan,nan,nan,nan
Sony WH-CH720N,direct,Sony WH-CH720N is on Shelf C with stock 23 and unit price $129.99.,keyword_only,0.0,1.0,2,10,0.7550321582102815,0.6666666666666666,0.6666666666666666,41.338966369628906,"Item: Sony WH-1000XM5, Shelf: Shelf C, Shelf ID: C, Location: (3.265, 2.080, 0.001), Stock: 16, Price: $399.99, Category: Headphones",False,nan,nan,nan,nan,nan,nan
Sony WH-CH720N,direct,Sony WH-CH720N is on Shelf C with stock 23 and unit price $129.99.,keyword_only,0.0,1.0,3,12,0.6426770005710626,0.3333333333333333,0.3333333333333333,44.9052848815918,"Item: Sony WF-1000XM5, Shelf: Shelf C, Shelf ID: C, Location: (3.265, 2.080, 0.001), Stock: 18, Price: $299.99, Category: Earbuds",False,nan,nan,nan,nan,nan,nan
Sony WH-CH720N,direct,Sony WH-CH720N is on Shelf C with stock 23 and unit price $129.99.,keyword_only,0.0,1.0,4,13,0.4805731060248321,0.3333333333333333,0.3333333333333333,51.255897521972656,"Item: Sony Extra Bass Headphones, Shelf: Shelf C, Shelf ID: C, Location: (3.265, 2.080, 0.001), Stock: 31, Price: $79.99, Category: Headphones",False,nan,nan,nan,nan,nan,nan
Sony WH-CH720N,direct,Sony WH-CH720N is on Shelf C with stock 23 and unit price $129.99.,keyword_only,0.0,1.0,5,14,0.5750544643410034,0.3333333333333333,0.3333333333333333,47.356807708740234,"Item: Sony Carrying Case, Shelf: Shelf C, Shelf ID: C, Location: (3.265, 2.080, 0.001), Stock: 42, Price: $19.99, Category: Accessories",False,nan,nan,nan,nan,nan,nan
Sony WH-CH720N,direct,Sony WH-CH720N is on Shelf C with stock 23 and unit price $129.99.,hybrid_50_50,0.5,0.5,1,11,1.0,1.0,1.0,35.206199645996094,"Item: Sony WH-CH720N, Shelf: Shelf C, Shelf ID: C, Location: (3.265, 2.080, 0.001), Stock: 23, Price: $129.99, Category: Headphones",False,nan,nan,nan,nan,nan,nan
Sony WH-CH720N,direct,Sony WH-CH720N is on Shelf C with stock 23 and unit price $129.99.,hybrid_50_50,0.5,0.5,2,10,0.7550321582102815,0.6666666666666666,0.7108494124384741,41.338966369628906,"Item: Sony WH-1000XM5, Shelf: Shelf C, Shelf ID: C, Location: (3.265, 2.080, 0.001), Stock: 16, Price: $399.99, Category: Headphones",False,nan,nan,nan,nan,nan,nan
Sony WH-CH720N,direct,Sony WH-CH720N is on Shelf C with stock 23 and unit price $129.99.,hybrid_50_50,0.5,0.5,3,12,0.6426770005710626,0.3333333333333333,0.488005166952198,44.9052848815918,"Item: Sony WF-1000XM5, Shelf: Shelf C, Shelf ID: C, Location: (3.265, 2.080, 0.001), Stock: 18, Price: $299.99, Category: Earbuds",False,nan,nan,nan,nan,nan,nan
Sony WH-CH720N,direct,Sony WH-CH720N is on Shelf C with stock 23 and unit price $129.99.,hybrid_50_50,0.5,0.5,4,14,0.5750544643410034,0.3333333333333333,0.4541938988371683,47.356807708740234,"Item: Sony Carrying Case, Shelf: Shelf C, Shelf ID: C, Location: (3.265, 2.080, 0.001), Stock: 42, Price: $19.99, Category: Accessories",False,nan,nan,nan,nan,nan,nan
Sony WH-CH720N,direct,Sony WH-CH720N is on Shelf C with stock 23 and unit price $129.99.,hybrid_50_50,0.5,0.5,5,13,0.4805731060248321,0.3333333333333333,0.4069532196790827,51.255897521972656,"Item: Sony Extra Bass Headphones, Shelf: Shelf C, Shelf ID: C, Location: (3.265, 2.080, 0.001), Stock: 31, Price: $79.99, Category: Headphones",False,nan,nan,nan,nan,nan,nan
Sony WH-CH720N,direct,Sony WH-CH720N is on Shelf C with stock 23 and unit price $129.99.,hybrid_60_40,0.6,0.4,1,11,1.0,1.0,1.0,35.206199645996094,"Item: Sony WH-CH720N, Shelf: Shelf C, Shelf ID: C, Location: (3.265, 2.080, 0.001), Stock: 23, Price: $129.99, Category: Headphones",False,nan,nan,nan,nan,nan,nan
Sony WH-CH720N,direct,Sony WH-CH720N is on Shelf C with stock 23 and unit price $129.99.,hybrid_60_40,0.6,0.4,2,10,0.7550321582102815,0.6666666666666666,0.7196859615928355,41.338966369628906,"Item: Sony WH-1000XM5, Shelf: Shelf C, Shelf ID: C, Location: (3.265, 2.080, 0.001), Stock: 16, Price: $399.99, Category: Headphones",False,nan,nan,nan,nan,nan,nan
Sony WH-CH720N,direct,Sony WH-CH720N is on Shelf C with stock 23 and unit price $129.99.,hybrid_60_40,0.6,0.4,3,12,0.6426770005710626,0.3333333333333333,0.5189395336759709,44.9052848815918,"Item: Sony WF-1000XM5, Shelf: Shelf C, Shelf ID: C, Location: (3.265, 2.080, 0.001), Stock: 18, Price: $299.99, Category: Earbuds",False,nan,nan,nan,nan,nan,nan
Sony WH-CH720N,direct,Sony WH-CH720N is on Shelf C with stock 23 and unit price $129.99.,hybrid_60_40,0.6,0.4,4,14,0.5750544643410034,0.3333333333333333,0.4783660119379354,47.356807708740234,"Item: Sony Carrying Case, Shelf: Shelf C, Shelf ID: C, Location: (3.265, 2.080, 0.001), Stock: 42, Price: $19.99, Category: Accessories",False,nan,nan,nan,nan,nan,nan
Sony WH-CH720N,direct,Sony WH-CH720N is on Shelf C with stock 23 and unit price $129.99.,hybrid_60_40,0.6,0.4,5,13,0.4805731060248321,0.3333333333333333,0.4216771969482326,51.255897521972656,"Item: Sony Extra Bass Headphones, Shelf: Shelf C, Shelf ID: C, Location: (3.265, 2.080, 0.001), Stock: 31, Price: $79.99, Category: Headphones",False,nan,nan,nan,nan,nan,nan
Sony WH-CH720N,direct,Sony WH-CH720N is on Shelf C with stock 23 and unit price $129.99.,hybrid_70_30,0.7,0.3,1,11,1.0,1.0,1.0,35.206199645996094,"Item: Sony WH-CH720N, Shelf: Shelf C, Shelf ID: C, Location: (3.265, 2.080, 0.001), Stock: 23, Price: $129.99, Category: Headphones",False,nan,nan,nan,nan,nan,nan
Sony WH-CH720N,direct,Sony WH-CH720N is on Shelf C with stock 23 and unit price $129.99.,hybrid_70_30,0.7,0.3,2,10,0.7550321582102815,0.6666666666666666,0.728522510747197,41.338966369628906,"Item: Sony WH-1000XM5, Shelf: Shelf C, Shelf ID: C, Location: (3.265, 2.080, 0.001), Stock: 16, Price: $399.99, Category: Headphones",False,nan,nan,nan,nan,nan,nan
Sony WH-CH720N,direct,Sony WH-CH720N is on Shelf C with stock 23 and unit price $129.99.,hybrid_70_30,0.7,0.3,3,12,0.6426770005710626,0.3333333333333333,0.5498739003997438,44.9052848815918,"Item: Sony WF-1000XM5, Shelf: Shelf C, Shelf ID: C, Location: (3.265, 2.080, 0.001), Stock: 18, Price: $299.99, Category: Earbuds",False,nan,nan,nan,nan,nan,nan
Sony WH-CH720N,direct,Sony WH-CH720N is on Shelf C with stock 23 and unit price $129.99.,hybrid_70_30,0.7,0.3,4,14,0.5750544643410034,0.3333333333333333,0.5025381250387023,47.356807708740234,"Item: Sony Carrying Case, Shelf: Shelf C, Shelf ID: C, Location: (3.265, 2.080, 0.001), Stock: 42, Price: $19.99, Category: Accessories",False,nan,nan,nan,nan,nan,nan
Sony WH-CH720N,direct,Sony WH-CH720N is on Shelf C with stock 23 and unit price $129.99.,hybrid_70_30,0.7,0.3,5,13,0.4805731060248321,0.3333333333333333,0.43640117421738245,51.255897521972656,"Item: Sony Extra Bass Headphones, Shelf: Shelf C, Shelf ID: C, Location: (3.265, 2.080, 0.001), Stock: 31, Price: $79.99, Category: Headphones",False,nan,nan,nan,nan,nan,nan
Sony WH-CH720N,direct,Sony WH-CH720N is on Shelf C with stock 23 and unit price $129.99.,hybrid_80_20,0.8,0.2,1,11,1.0,1.0,1.0,35.206199645996094,"Item: Sony WH-CH720N, Shelf: Shelf C, Shelf ID: C, Location: (3.265, 2.080, 0.001), Stock: 23, Price: $129.99, Category: Headphones",False,nan,nan,nan,nan,nan,nan
Sony WH-CH720N,direct,Sony WH-CH720N is on Shelf C with stock 23 and unit price $129.99.,hybrid_80_20,0.8,0.2,2,10,0.7550321582102815,0.6666666666666666,0.7373590599015585,41.338966369628906,"Item: Sony WH-1000XM5, Shelf: Shelf C, Shelf ID: C, Location: (3.265, 2.080, 0.001), Stock: 16, Price: $399.99, Category: Headphones",False,nan,nan,nan,nan,nan,nan
Sony WH-CH720N,direct,Sony WH-CH720N is on Shelf C with stock 23 and unit price $129.99.,hybrid_80_20,0.8,0.2,3,12,0.6426770005710626,0.3333333333333333,0.5808082671235167,44.9052848815918,"Item: Sony WF-1000XM5, Shelf: Shelf C, Shelf ID: C, Location: (3.265, 2.080, 0.001), Stock: 18, Price: $299.99, Category: Earbuds",False,nan,nan,nan,nan,nan,nan
Sony WH-CH720N,direct,Sony WH-CH720N is on Shelf C with stock 23 and unit price $129.99.,hybrid_80_20,0.8,0.2,4,14,0.5750544643410034,0.3333333333333333,0.5267102381394694,47.356807708740234,"Item: Sony Carrying Case, Shelf: Shelf C, Shelf ID: C, Location: (3.265, 2.080, 0.001), Stock: 42, Price: $19.99, Category: Accessories",False,nan,nan,nan,nan,nan,nan
Sony WH-CH720N,direct,Sony WH-CH720N is on Shelf C with stock 23 and unit price $129.99.,hybrid_80_20,0.8,0.2,5,13,0.4805731060248321,0.3333333333333333,0.45112515148653237,51.255897521972656,"Item: Sony Extra Bass Headphones, Shelf: Shelf C, Shelf ID: C, Location: (3.265, 2.080, 0.001), Stock: 31, Price: $79.99, Category: Headphones",False,nan,nan,nan,nan,nan,nan
Sony Extra Bass Headphones,direct,Sony Extra Bass Headphones is on Shelf C with stock 31 and unit price $79.99.,semantic_only,1.0,0.0,1,13,1.0,1.0,1.0,31.536643981933594,"Item: Sony Extra Bass Headphones, Shelf: Shelf C, Shelf ID: C, Location: (3.265, 2.080, 0.001), Stock: 31, Price: $79.99, Category: Headphones",False,nan,nan,nan,nan,nan,nan
Sony Extra Bass Headphones,direct,Sony Extra Bass Headphones is on Shelf C with stock 31 and unit price $79.99.,semantic_only,1.0,0.0,2,10,0.5099461338705519,0.5,0.5099461338705519,47.796913146972656,"Item: Sony WH-1000XM5, Shelf: Shelf C, Shelf ID: C, Location: (3.265, 2.080, 0.001), Stock: 16, Price: $399.99, Category: Headphones",False,nan,nan,nan,nan,nan,nan
Sony Extra Bass Headphones,direct,Sony Extra Bass Headphones is on Shelf C with stock 31 and unit price $79.99.,semantic_only,1.0,0.0,3,11,0.4677712907558538,0.5,0.4677712907558538,49.989967346191406,"Item: Sony WH-CH720N, Shelf: Shelf C, Shelf ID: C, Location: (3.265, 2.080, 0.001), Stock: 23, Price: $129.99, Category: Headphones",False,nan,nan,nan,nan,nan,nan
Sony Extra Bass Headphones,direct,Sony Extra Bass Headphones is on Shelf C with stock 31 and unit price $79.99.,semantic_only,1.0,0.0,4,21,0.44353346615497524,0.25,0.44353346615497524,51.34187316894531,"Item: Bose QuietComfort Ultra, Shelf: Shelf E, Shelf ID: E, Location: (6.865, 2.080, 0.000), Stock: 7, Price: $429.99, Category: Headphones",False,nan,nan,nan,nan,nan,nan
Sony Extra Bass Headphones,direct,Sony Extra Bass Headphones is on Shelf C with stock 31 and unit price $79.99.,semantic_only,1.0,0.0,5,20,0.4399853397398345,0.25,0.4399853397398345,51.545814514160156,"Item: Bose QuietComfort 45, Shelf: Shelf E, Shelf ID: E, Location: (6.865, 2.080, 0.000), Stock: 11, Price: $329.99, Category: Headphones",False,nan,nan,nan,nan,nan,nan
Sony Extra Bass Headphones,direct,Sony Extra Bass Headphones is on Shelf C with stock 31 and unit price $79.99.,keyword_only,0.0,1.0,1,13,1.0,1.0,1.0,31.536643981933594,"Item: Sony Extra Bass Headphones, Shelf: Shelf C, Shelf ID: C, Location: (3.265, 2.080, 0.001), Stock: 31, Price: $79.99, Category: Headphones",False,nan,nan,nan,nan,nan,nan
Sony Extra Bass Headphones,direct,Sony Extra Bass Headphones is on Shelf C with stock 31 and unit price $79.99.,keyword_only,0.0,1.0,2,10,0.5099461338705519,0.5,0.5,47.796913146972656,"Item: Sony WH-1000XM5, Shelf: Shelf C, Shelf ID: C, Location: (3.265, 2.080, 0.001), Stock: 16, Price: $399.99, Category: Headphones",False,nan,nan,nan,nan,nan,nan
Sony Extra Bass Headphones,direct,Sony Extra Bass Headphones is on Shelf C with stock 31 and unit price $79.99.,keyword_only,0.0,1.0,3,11,0.4677712907558538,0.5,0.5,49.989967346191406,"Item: Sony WH-CH720N, Shelf: Shelf C, Shelf ID: C, Location: (3.265, 2.080, 0.001), Stock: 23, Price: $129.99, Category: Headphones",False,nan,nan,nan,nan,nan,nan
Sony Extra Bass Headphones,direct,Sony Extra Bass Headphones is on Shelf C with stock 31 and unit price $79.99.,keyword_only,0.0,1.0,4,12,0.3763583991626281,0.25,0.25,55.49304962158203,"Item: Sony WF-1000XM5, Shelf: Shelf C, Shelf ID: C, Location: (3.265, 2.080, 0.001), Stock: 18, Price: $299.99, Category: Earbuds",False,nan,nan,nan,nan,nan,nan
Sony Extra Bass Headphones,direct,Sony Extra Bass Headphones is on Shelf C with stock 31 and unit price $79.99.,keyword_only,0.0,1.0,5,14,0.17646408678843112,0.25,0.25,72.94390106201172,"Item: Sony Carrying Case, Shelf: Shelf C, Shelf ID: C, Location: (3.265, 2.080, 0.001), Stock: 42, Price: $19.99, Category: Accessories",False,nan,nan,nan,nan,nan,nan
Sony Extra Bass Headphones,direct,Sony Extra Bass Headphones is on Shelf C with stock 31 and unit price $79.99.,hybrid_50_50,0.5,0.5,1,13,1.0,1.0,1.0,31.536643981933594,"Item: Sony Extra Bass Headphones, Shelf: Shelf C, Shelf ID: C, Location: (3.265, 2.080, 0.001), Stock: 31, Price: $79.99, Category: Headphones",False,nan,nan,nan,nan,nan,nan
Sony Extra Bass Headphones,direct,Sony Extra Bass Headphones is on Shelf C with stock 31 and unit price $79.99.,hybrid_50_50,0.5,0.5,2,10,0.5099461338705519,0.5,0.5049730669352759,47.796913146972656,"Item: Sony WH-1000XM5, Shelf: Shelf C, Shelf ID: C, Location: (3.265, 2.080, 0.001), Stock: 16, Price: $399.99, Category: Headphones",False,nan,nan,nan,nan,nan,nan
Sony Extra Bass Headphones,direct,Sony Extra Bass Headphones is on Shelf C with stock 31 and unit price $79.99.,hybrid_50_50,0.5,0.5,3,11,0.4677712907558538,0.5,0.4838856453779269,49.989967346191406,"Item: Sony WH-CH720N, Shelf: Shelf C, Shelf ID: C, Location: (3.265, 2.080, 0.001), Stock: 23, Price: $129.99, Category: Headphones",False,nan,nan,nan,nan,nan,nan
Sony Extra Bass Headphones,direct,Sony Extra Bass Headphones is on Shelf C with stock 31 and unit price $79.99.,hybrid_50_50,0.5,0.5,4,21,0.44353346615497524,0.25,0.3467667330774876,51.34187316894531,"Item: Bose QuietComfort Ultra, Shelf: Shelf E, Shelf ID: E, Location: (6.865, 2.080, 0.000), Stock: 7, Price: $429.99, Category: Headphones",False,nan,nan,nan,nan,nan,nan
Sony Extra Bass Headphones,direct,Sony Extra Bass Headphones is on Shelf C with stock 31 and unit price $79.99.,hybrid_50_50,0.5,0.5,5,20,0.4399853397398345,0.25,0.3449926698699173,51.545814514160156,"Item: Bose QuietComfort 45, Shelf: Shelf E, Shelf ID: E, Location: (6.865, 2.080, 0.000), Stock: 11, Price: $329.99, Category: Headphones",False,nan,nan,nan,nan,nan,nan
Sony Extra Bass Headphones,direct,Sony Extra Bass Headphones is on Shelf C with stock 31 and unit price $79.99.,hybrid_60_40,0.6,0.4,1,13,1.0,1.0,1.0,31.536643981933594,"Item: Sony Extra Bass Headphones, Shelf: Shelf C, Shelf ID: C, Location: (3.265, 2.080, 0.001), Stock: 31, Price: $79.99, Category: Headphones",False,nan,nan,nan,nan,nan,nan
Sony Extra Bass Headphones,direct,Sony Extra Bass Headphones is on Shelf C with stock 31 and unit price $79.99.,hybrid_60_40,0.6,0.4,2,10,0.5099461338705519,0.5,0.5059676803223312,47.796913146972656,"Item: Sony WH-1000XM5, Shelf: Shelf C, Shelf ID: C, Location: (3.265, 2.080, 0.001), Stock: 16, Price: $399.99, Category: Headphones",False,nan,nan,nan,nan,nan,nan
Sony Extra Bass Headphones,direct,Sony Extra Bass Headphones is on Shelf C with stock 31 and unit price $79.99.,hybrid_60_40,0.6,0.4,3,11,0.4677712907558538,0.5,0.48066277445351224,49.989967346191406,"Item: Sony WH-CH720N, Shelf: Shelf C, Shelf ID: C, Location: (3.265, 2.080, 0.001), Stock: 23, Price: $129.99, Category: Headphones",False,nan,nan,nan,nan,nan,nan
Sony Extra Bass Headphones,direct,Sony Extra Bass Headphones is on Shelf C with stock 31 and unit price $79.99.,hybrid_60_40,0.6,0.4,4,21,0.44353346615497524,0.25,0.3661200796929851,51.34187316894531,"Item: Bose QuietComfort Ultra, Shelf: Shelf E, Shelf ID: E, Location: (6.865, 2.080, 0.000), Stock: 7, Price: $429.99, Category: Headphones",False,nan,nan,nan,nan,nan,nan
Sony Extra Bass Headphones,direct,Sony Extra Bass Headphones is on Shelf C with stock 31 and unit price $79.99.,hybrid_60_40,0.6,0.4,5,20,0.4399853397398345,0.25,0.3639912038439007,51.545814514160156,"Item: Bose QuietComfort 45, Shelf: Shelf E, Shelf ID: E, Location: (6.865, 2.080, 0.000), Stock: 11, Price: $329.99, Category: Headphones",False,nan,nan,nan,nan,nan,nan
Sony Extra Bass Headphones,direct,Sony Extra Bass Headphones is on Shelf C with stock 31 and unit price $79.99.,hybrid_70_30,0.7,0.3,1,13,1.0,1.0,1.0,31.536643981933594,"Item: Sony Extra Bass Headphones, Shelf: Shelf C, Shelf ID: C, Location: (3.265, 2.080, 0.001), Stock: 31, Price: $79.99, Category: Headphones",False,nan,nan,nan,nan,nan,nan
Sony Extra Bass Headphones,direct,Sony Extra Bass Headphones is on Shelf C with stock 31 and unit price $79.99.,hybrid_70_30,0.7,0.3,2,10,0.5099461338705519,0.5,0.5069622937093863,47.796913146972656,"Item: Sony WH-1000XM5, Shelf: Shelf C, Shelf ID: C, Location: (3.265, 2.080, 0.001), Stock: 16, Price: $399.99, Category: Headphones",False,nan,nan,nan,nan,nan,nan
Sony Extra Bass Headphones,direct,Sony Extra Bass Headphones is on Shelf C with stock 31 and unit price $79.99.,hybrid_70_30,0.7,0.3,3,11,0.4677712907558538,0.5,0.4774399035290976,49.989967346191406,"Item: Sony WH-CH720N, Shelf: Shelf C, Shelf ID: C, Location: (3.265, 2.080, 0.001), Stock: 23, Price: $129.99, Category: Headphones",False,nan,nan,nan,nan,nan,nan
Sony Extra Bass Headphones,direct,Sony Extra Bass Headphones is on Shelf C with stock 31 and unit price $79.99.,hybrid_70_30,0.7,0.3,4,21,0.44353346615497524,0.25,0.38547342630848264,51.34187316894531,"Item: Bose QuietComfort Ultra, Shelf: Shelf E, Shelf ID: E, Location: (6.865, 2.080, 0.000), Stock: 7, Price: $429.99, Category: Headphones",False,nan,nan,nan,nan,nan,nan
Sony Extra Bass Headphones,direct,Sony Extra Bass Headphones is on Shelf C with stock 31 and unit price $79.99.,hybrid_70_30,0.7,0.3,5,20,0.4399853397398345,0.25,0.38298973781788415,51.545814514160156,"Item: Bose QuietComfort 45, Shelf: Shelf E, Shelf ID: E, Location: (6.865, 2.080, 0.000), Stock: 11, Price: $329.99, Category: Headphones",False,nan,nan,nan,nan,nan,nan
Sony Extra Bass Headphones,direct,Sony Extra Bass Headphones is on Shelf C with stock 31 and unit price $79.99.,hybrid_80_20,0.8,0.2,1,13,1.0,1.0,1.0,31.536643981933594,"Item: Sony Extra Bass Headphones, Shelf: Shelf C, Shelf ID: C, Location: (3.265, 2.080, 0.001), Stock: 31, Price: $79.99, Category: Headphones",False,nan,nan,nan,nan,nan,nan
Sony Extra Bass Headphones,direct,Sony Extra Bass Headphones is on Shelf C with stock 31 and unit price $79.99.,hybrid_80_20,0.8,0.2,2,10,0.5099461338705519,0.5,0.5079569070964415,47.796913146972656,"Item: Sony WH-1000XM5, Shelf: Shelf C, Shelf ID: C, Location: (3.265, 2.080, 0.001), Stock: 16, Price: $399.99, Category: Headphones",False,nan,nan,nan,nan,nan,nan
Sony Extra Bass Headphones,direct,Sony Extra Bass Headphones is on Shelf C with stock 31 and unit price $79.99.,hybrid_80_20,0.8,0.2,3,11,0.4677712907558538,0.5,0.47421703260468306,49.989967346191406,"Item: Sony WH-CH720N, Shelf: Shelf C, Shelf ID: C, Location: (3.265, 2.080, 0.001), Stock: 23, Price: $129.99, Category: Headphones",False,nan,nan,nan,nan,nan,nan
Sony Extra Bass Headphones,direct,Sony Extra Bass Headphones is on Shelf C with stock 31 and unit price $79.99.,hybrid_80_20,0.8,0.2,4,21,0.44353346615497524,0.25,0.4048267729239802,51.34187316894531,"Item: Bose QuietComfort Ultra, Shelf: Shelf E, Shelf ID: E, Location: (6.865, 2.080, 0.000), Stock: 7, Price: $429.99, Category: Headphones",False,nan,nan,nan,nan,nan,nan
Sony Extra Bass Headphones,direct,Sony Extra Bass Headphones is on Shelf C with stock 31 and unit price $79.99.,hybrid_80_20,0.8,0.2,5,20,0.4399853397398345,0.25,0.40198827179186764,51.545814514160156,"Item: Bose QuietComfort 45, Shelf: Shelf E, Shelf ID: E, Location: (6.865, 2.080, 0.000), Stock: 11, Price: $329.99, Category: Headphones",False,nan,nan,nan,nan,nan,nan
Dell Inspiron 14,direct,Dell Inspiron 14 is on Shelf D with stock 14 and unit price $699.99.,semantic_only,1.0,0.0,1,17,1.0,1.0,1.0,41.65386962890625,"Item: Dell Inspiron 14, Shelf: Shelf D, Shelf ID: D, Location: (4.831, 2.309, -0.000), Stock: 14, Price: $699.99, Category: Laptops",False,nan,nan,nan,nan,nan,nan
Dell Inspiron 14,direct,Dell Inspiron 14 is on Shelf D with stock 14 and unit price $699.99.,semantic_only,1.0,0.0,2,16,0.6592023754022067,0.3333333333333333,0.6592023754022067,52.32416534423828,"Item: Dell XPS 15, Shelf: Shelf D, Shelf ID: D, Location: (4.831, 2.309, -0.000), Stock: 8, Price: $1799.99, Category: Laptops",False,nan,nan,nan,nan,nan,nan
Dell Inspiron 14,direct,Dell Inspiron 14 is on Shelf D with stock 14 and unit price $699.99.,semantic_only,1.0,0.0,3,15,0.6411356857149318,0.3333333333333333,0.6411356857149318,53.04084014892578,"Item: Dell XPS 13, Shelf: Shelf D, Shelf ID: D, Location: (4.831, 2.309, -0.000), Stock: 45, Price: $1199.99, Category: Laptops",False,nan,nan,nan,nan,nan,nan
Dell Inspiron 14,direct,Dell Inspiron 14 is on Shelf D with stock 14 and unit price $699.99.,semantic_only,1.0,0.0,4,18,0.5334776789104843,0.3333333333333333,0.5334776789104843,57.745643615722656,"Item: Dell Laptop Charger, Shelf: Shelf D, Shelf ID: D, Location: (4.831, 2.309, -0.000), Stock: 23, Price: $89.99, Category: Accessories",False,nan,nan,nan,nan,nan,nan
Dell Inspiron 14,direct,Dell Inspiron 14 is on Shelf D with stock 14 and unit price $699.99.,semantic_only,1.0,0.0,5,19,0.497979360809395,0.3333333333333333,0.497979360809395,59.481868743896484,"Item: Dell Laptop Bag, Shelf: Shelf D, Shelf ID: D, Location: (4.831, 2.309, -0.000), Stock: 19, Price: $49.99, Category: Accessories",False,nan,nan,nan,nan,nan,nan
Dell Inspiron 14,direct,Dell Inspiron 14 is on Shelf D with stock 14 and unit price $699.99.,keyword_only,0.0,1.0,1,17,1.0,1.0,1.0,41.65386962890625,"Item: Dell Inspiron 14, Shelf: Shelf D, Shelf ID: D, Location: (4.831, 2.309, -0.000), Stock: 14, Price: $699.99, Category: Laptops",False,nan,nan,nan,nan,nan,nan
Dell Inspiron 14,direct,Dell Inspiron 14 is on Shelf D with stock 14 and unit price $699.99.,keyword_only,0.0,1.0,2,0,0.15777976838256436,0.3333333333333333,0.3333333333333333,83.38245391845703,"Item: Apple iPhone 14, Shelf: Shelf A, Shelf ID: A, Location: (-0.151, 2.203, 0.001), Stock: 10, Price: $799.99, Category: Smartphones",False,nan,nan,nan,nan,nan,nan
Dell Inspiron 14,direct,Dell Inspiron 14 is on Shelf D with stock 14 and unit price $699.99.,keyword_only,0.0,1.0,3,1,0.19351461948043785,0.3333333333333333,0.3333333333333333,80.01942443847656,"Item: Apple iPhone 14 Pro, Shelf: Shelf A, Shelf ID: A, Location: (-0.151, 2.203, 0.001), Stock: 10, Price: $999.99, Category: Smartphones",False,nan,nan,nan,nan,nan,nan
Dell Inspiron 14,direct,Dell Inspiron 14 is on Shelf D with stock 14 and unit price $699.99.,keyword_only,0.0,1.0,4,15,0.6411356857149318,0.3333333333333333,0.3333333333333333,53.04084014892578,"Item: Dell XPS 13, Shelf: Shelf D, Shelf ID: D, Location: (4.831, 2.309, -0.000), Stock: 45, Price: $1199.99, Category: Laptops",False,nan,nan,nan,nan,nan,nan
Dell Inspiron 14,direct,Dell Inspiron 14 is on Shelf D with stock 14 and unit price $699.99.,keyword_only,0.0,1.0,5,16,0.6592023754022067,0.3333333333333333,0.3333333333333333,52.32416534423828,"Item: Dell XPS 15, Shelf: Shelf D, Shelf ID: D, Location: (4.831, 2.309, -0.000), Stock: 8, Price: $1799.99, Category: Laptops",False,nan,nan,nan,nan,nan,nan
Dell Inspiron 14,direct,Dell Inspiron 14 is on Shelf D with stock 14 and unit price $699.99.,hybrid_50_50,0.5,0.5,1,17,1.0,1.0,1.0,41.65386962890625,"Item: Dell Inspiron 14, Shelf: Shelf D, Shelf ID: D, Location: (4.831, 2.309, -0.000), Stock: 14, Price: $699.99, Category: Laptops",False,nan,nan,nan,nan,nan,nan
Dell Inspiron 14,direct,Dell Inspiron 14 is on Shelf D with stock 14 and unit price $699.99.,hybrid_50_50,0.5,0.5,2,16,0.6592023754022067,0.3333333333333333,0.49626785436777,52.32416534423828,"Item: Dell XPS 15, Shelf: Shelf D, Shelf ID: D, Location: (4.831, 2.309, -0.000), Stock: 8, Price: $1799.99, Category: Laptops",False,nan,nan,nan,nan,nan,nan
Dell Inspiron 14,direct,Dell Inspiron 14 is on Shelf D with stock 14 and unit price $699.99.,hybrid_50_50,0.5,0.5,3,15,0.6411356857149318,0.3333333333333333,0.4872345095241326,53.04084014892578,"Item: Dell XPS 13, Shelf: Shelf D, Shelf ID: D, Location: (4.831, 2.309, -0.000), Stock: 45, Price: $1199.99, Category: Laptops",False,nan,nan,nan,nan,nan,nan
Dell Inspiron 14,direct,Dell Inspiron 14 is on Shelf D with stock 14 and unit price $699.99.,hybrid_50_50,0.5,0.5,4,18,0.5334776789104843,0.3333333333333333,0.43340550612190876,57.745643615722656,"Item: Dell Laptop Charger, Shelf: Shelf D, Shelf ID: D, Location: (4.831, 2.309, -0.000), Stock: 23, Price: $89.99, Category: Accessories",False,nan,nan,nan,nan,nan,nan
Dell Inspiron 14,direct,Dell Inspiron 14 is on Shelf D with stock 14 and unit price $699.99.,hybrid_50_50,0.5,0.5,5,19,0.497979360809395,0.3333333333333333,0.4156563470713641,59.481868743896484,"Item: Dell Laptop Bag, Shelf: Shelf D, Shelf ID: D, Location: (4.831, 2.309, -0.000), Stock: 19, Price: $49.99, Category: Accessories",False,nan,nan,nan,nan,nan,nan
Dell Inspiron 14,direct,Dell Inspiron 14 is on Shelf D with stock 14 and unit price $699.99.,hybrid_60_40,0.6,0.4,1,17,1.0,1.0,1.0,41.65386962890625,"Item: Dell Inspiron 14, Shelf: Shelf D, Shelf ID: D, Location: (4.831, 2.309, -0.000), Stock: 14, Price: $699.99, Category: Laptops",False,nan,nan,nan,nan,nan,nan
Dell Inspiron 14,direct,Dell Inspiron 14 is on Shelf D with stock 14 and unit price $699.99.,hybrid_60_40,0.6,0.4,2,16,0.6592023754022067,0.3333333333333333,0.5288547585746574,52.32416534423828,"Item: Dell XPS 15, Shelf: Shelf D, Shelf ID: D, Location: (4.831, 2.309, -0.000), Stock: 8, Price: $1799.99, Category: Laptops",False,nan,nan,nan,nan,nan,nan
Dell Inspiron 14,direct,Dell Inspiron 14 is on Shelf D with stock 14 and unit price $699.99.,hybrid_60_40,0.6,0.4,3,15,0.6411356857149318,0.3333333333333333,0.5180147447622925,53.04084014892578,"Item: Dell XPS 13, Shelf: Shelf D, Shelf ID: D, Location: (4.831, 2.309, -0.000), Stock: 45, Price: $1199.99, Category: Laptops",False,nan,nan,nan,nan,nan,nan
Dell Inspiron 14,direct,Dell Inspiron 14 is on Shelf D with stock 14 and unit price $699.99.,hybrid_60_40,0.6,0.4,4,18,0.5334776789104843,0.3333333333333333,0.4534199406796239,57.745643615722656,"Item: Dell Laptop Charger, Shelf: Shelf D, Shelf ID: D, Location: (4.831, 2.309, -0.000), Stock: 23, Price: $89.99, Category: Accessories",False,nan,nan,nan,nan,nan,nan
Dell Inspiron 14,direct,Dell Inspiron 14 is on Shelf D with stock 14 and unit price $699.99.,hybrid_60_40,0.6,0.4,5,19,0.497979360809395,0.3333333333333333,0.4321209498189703,59.481868743896484,"Item: Dell Laptop Bag, Shelf: Shelf D, Shelf ID: D, Location: (4.831, 2.309, -0.000), Stock: 19, Price: $49.99, Category: Accessories",False,nan,nan,nan,nan,nan,nan
Dell Inspiron 14,direct,Dell Inspiron 14 is on Shelf D with stock 14 and unit price $699.99.,hybrid_70_30,0.7,0.3,1,17,1.0,1.0,1.0,41.65386962890625,"Item: Dell Inspiron 14, Shelf: Shelf D, Shelf ID: D, Location: (4.831, 2.309, -0.000), Stock: 14, Price: $699.99, Category: Laptops",False,nan,nan,nan,nan,nan,nan
Dell Inspiron 14,direct,Dell Inspiron 14 is on Shelf D with stock 14 and unit price $699.99.,hybrid_70_30,0.7,0.3,2,16,0.6592023754022067,0.3333333333333333,0.5614416627815447,52.32416534423828,"Item: Dell XPS 15, Shelf: Shelf D, Shelf ID: D, Location: (4.831, 2.309, -0.000), Stock: 8, Price: $1799.99, Category: Laptops",False,nan,nan,nan,nan,nan,nan
Dell Inspiron 14,direct,Dell Inspiron 14 is on Shelf D with stock 14 and unit price $699.99.,hybrid_70_30,0.7,0.3,3,15,0.6411356857149318,0.3333333333333333,0.5487949800004522,53.04084014892578,"Item: Dell XPS 13, Shelf: Shelf D, Shelf ID: D, Location: (4.831, 2.309, -0.000), Stock: 45, Price: $1199.99, Category: Laptops",False,nan,nan,nan,nan,nan,nan
Dell Inspiron 14,direct,Dell Inspiron 14 is on Shelf D with stock 14 and unit price $699.99.,hybrid_70_30,0.7,0.3,4,18,0.5334776789104843,0.3333333333333333,0.47343437523733894,57.745643615722656,"Item: Dell Laptop Charger, Shelf: Shelf D, Shelf ID: D, Location: (4.831, 2.309, -0.000), Stock: 23, Price: $89.99, Category: Accessories",False,nan,nan,nan,nan,nan,nan
Dell Inspiron 14,direct,Dell Inspiron 14 is on Shelf D with stock 14 and unit price $699.99.,hybrid_70_30,0.7,0.3,5,19,0.497979360809395,0.3333333333333333,0.44858555256657645,59.481868743896484,"Item: Dell Laptop Bag, Shelf: Shelf D, Shelf ID: D, Location: (4.831, 2.309, -0.000), Stock: 19, Price: $49.99, Category: Accessories",False,nan,nan,nan,nan,nan,nan
Dell Inspiron 14,direct,Dell Inspiron 14 is on Shelf D with stock 14 and unit price $699.99.,hybrid_80_20,0.8,0.2,1,17,1.0,1.0,1.0,41.65386962890625,"Item: Dell Inspiron 14, Shelf: Shelf D, Shelf ID: D, Location: (4.831, 2.309, -0.000), Stock: 14, Price: $699.99, Category: Laptops",False,nan,nan,nan,nan,nan,nan
Dell Inspiron 14,direct,Dell Inspiron 14 is on Shelf D with stock 14 and unit price $699.99.,hybrid_80_20,0.8,0.2,2,16,0.6592023754022067,0.3333333333333333,0.5940285669884321,52.32416534423828,"Item: Dell XPS 15, Shelf: Shelf D, Shelf ID: D, Location: (4.831, 2.309, -0.000), Stock: 8, Price: $1799.99, Category: Laptops",False,nan,nan,nan,nan,nan,nan
Dell Inspiron 14,direct,Dell Inspiron 14 is on Shelf D with stock 14 and unit price $699.99.,hybrid_80_20,0.8,0.2,3,15,0.6411356857149318,0.3333333333333333,0.5795752152386121,53.04084014892578,"Item: Dell XPS 13, Shelf: Shelf D, Shelf ID: D, Location: (4.831, 2.309, -0.000), Stock: 45, Price: $1199.99, Category: Laptops",False,nan,nan,nan,nan,nan,nan
Dell Inspiron 14,direct,Dell Inspiron 14 is on Shelf D with stock 14 and unit price $699.99.,hybrid_80_20,0.8,0.2,4,18,0.5334776789104843,0.3333333333333333,0.49344880979505407,57.745643615722656,"Item: Dell Laptop Charger, Shelf: Shelf D, Shelf ID: D, Location: (4.831, 2.309, -0.000), Stock: 23, Price: $89.99, Category: Accessories",False,nan,nan,nan,nan,nan,nan
Dell Inspiron 14,direct,Dell Inspiron 14 is on Shelf D with stock 14 and unit price $699.99.,hybrid_80_20,0.8,0.2,5,19,0.497979360809395,0.3333333333333333,0.46505015531418264,59.481868743896484,"Item: Dell Laptop Bag, Shelf: Shelf D, Shelf ID: D, Location: (4.831, 2.309, -0.000), Stock: 19, Price: $49.99, Category: Accessories",False,nan,nan,nan,nan,nan,nan
Dell Laptop Bag,direct,Dell Laptop Bag is on Shelf D with stock 19 and unit price $49.99.,semantic_only,1.0,0.0,1,19,1.0,1.0,1.0,44.815208435058594,"Item: Dell Laptop Bag, Shelf: Shelf D, Shelf ID: D, Location: (4.831, 2.309, -0.000), Stock: 19, Price: $49.99, Category: Accessories",False,nan,nan,nan,nan,nan,nan
Dell Laptop Bag,direct,Dell Laptop Bag is on Shelf D with stock 19 and unit price $49.99.,semantic_only,1.0,0.0,2,15,0.7456016016932561,0.3333333333333333,0.7456016016932561,52.65666961669922,"Item: Dell XPS 13, Shelf: Shelf D, Shelf ID: D, Location: (4.831, 2.309, -0.000), Stock: 45, Price: $1199.99, Category: Laptops",False,nan,nan,nan,nan,nan,nan
Dell Laptop Bag,direct,Dell Laptop Bag is on Shelf D with stock 19 and unit price $49.99.,semantic_only,1.0,0.0,3,16,0.7176501280927599,0.3333333333333333,0.7176501280927599,53.68503189086914,"Item: Dell XPS 15, Shelf: Shelf D, Shelf ID: D, Location: (4.831, 2.309, -0.000), Stock: 8, Price: $1799.99, Category: Laptops",False,nan,nan,nan,nan,nan,nan
Dell Laptop Bag,direct,Dell Laptop Bag is on Shelf D with stock 19 and unit price $49.99.,semantic_only,1.0,0.0,4,17,0.6580653594912607,0.3333333333333333,0.6580653594912607,56.01439666748047,"Item: Dell Inspiron 14, Shelf: Shelf D, Shelf ID: D, Location: (4.831, 2.309, -0.000), Stock: 14, Price: $699.99, Category: Laptops",False,nan,nan,nan,nan,nan,nan
Dell Laptop Bag,direct,Dell Laptop Bag is on Shelf D with stock 19 and unit price $49.99.,semantic_only,1.0,0.0,5,18,0.6555679075131005,0.6666666666666666,0.6555679075131005,56.116371154785156,"Item: Dell Laptop Charger, Shelf: Shelf D, Shelf ID: D, Location: (4.831, 2.309, -0.000), Stock: 23, Price: $89.99, Category: Accessories",False,nan,nan,nan,nan,nan,nan
Dell Laptop Bag,direct,Dell Laptop Bag is on Shelf D with stock 19 and unit price $49.99.,keyword_only,0.0,1.0,1,19,1.0,1.0,1.0,44.815208435058594,"Item: Dell Laptop Bag, Shelf: Shelf D, Shelf ID: D, Location: (4.831, 2.309, -0.000), Stock: 19, Price: $49.99, Category: Accessories",False,nan,nan,nan,nan,nan,nan
Dell Laptop Bag,direct,Dell Laptop Bag is on Shelf D with stock 19 and unit price $49.99.,keyword_only,0.0,1.0,2,18,0.6555679075131005,0.6666666666666666,0.6666666666666666,56.116371154785156,"Item: Dell Laptop Charger, Shelf: Shelf D, Shelf ID: D, Location: (4.831, 2.309, -0.000), Stock: 23, Price: $89.99, Category: Accessories",False,nan,nan,nan,nan,nan,nan
Dell Laptop Bag,direct,Dell Laptop Bag is on Shelf D with stock 19 and unit price $49.99.,keyword_only,0.0,1.0,3,15,0.7456016016932561,0.3333333333333333,0.3333333333333333,52.65666961669922,"Item: Dell XPS 13, Shelf: Shelf D, Shelf ID: D, Location: (4.831, 2.309, -0.000), Stock: 45, Price: $1199.99, Category: Laptops",False,nan,nan,nan,nan,nan,nan
Dell Laptop Bag,direct,Dell Laptop Bag is on Shelf D with stock 19 and unit price $49.99.,keyword_only,0.0,1.0,4,16,0.7176501280927599,0.3333333333333333,0.3333333333333333,53.68503189086914,"Item: Dell XPS 15, Shelf: Shelf D, Shelf ID: D, Location: (4.831, 2.309, -0.000), Stock: 8, Price: $1799.99, Category: Laptops",False,nan,nan,nan,nan,nan,nan
Dell Laptop Bag,direct,Dell Laptop Bag is on Shelf D with stock 19 and unit price $49.99.,keyword_only,0.0,1.0,5,17,0.6580653594912607,0.3333333333333333,0.3333333333333333,56.01439666748047,"Item: Dell Inspiron 14, Shelf: Shelf D, Shelf ID: D, Location: (4.831, 2.309, -0.000), Stock: 14, Price: $699.99, Category: Laptops",False,nan,nan,nan,nan,nan,nan
Dell Laptop Bag,direct,Dell Laptop Bag is on Shelf D with stock 19 and unit price $49.99.,hybrid_50_50,0.5,0.5,1,19,1.0,1.0,1.0,44.815208435058594,"Item: Dell Laptop Bag, Shelf: Shelf D, Shelf ID: D, Location: (4.831, 2.309, -0.000), Stock: 19, Price: $49.99, Category: Accessories",False,nan,nan,nan,nan,nan,nan
Dell Laptop Bag,direct,Dell Laptop Bag is on Shelf D with stock 19 and unit price $49.99.,hybrid_50_50,0.5,0.5,2,18,0.6555679075131005,0.6666666666666666,0.6611172870898836,56.116371154785156,"Item: Dell Laptop Charger, Shelf: Shelf D, Shelf ID: D, Location: (4.831, 2.309, -0.000), Stock: 23, Price: $89.99, Category: Accessories",False,nan,nan,nan,nan,nan,nan
Dell Laptop Bag,direct,Dell Laptop Bag is on Shelf D with stock 19 and unit price $49.99.,hybrid_50_50,0.5,0.5,3,15,0.7456016016932561,0.3333333333333333,0.5394674675132947,52.65666961669922,"Item: Dell XPS 13, Shelf: Shelf D, Shelf ID: D, Location: (4.831, 2.309, -0.000), Stock: 45, Price: $1199.99, Category: Laptops",False,nan,nan,nan,nan,nan,nan
Dell Laptop Bag,direct,Dell Laptop Bag is on Shelf D with stock 19 and unit price $49.99.,hybrid_50_50,0.5,0.5,4,16,0.7176501280927599,0.3333333333333333,0.5254917307130466,53.68503189086914,"Item: Dell XPS 15, Shelf: Shelf D, Shelf ID: D, Location: (4.831, 2.309, -0.000), Stock: 8, Price: $1799.99, Category: Laptops",False,nan,nan,nan,nan,nan,nan
Dell Laptop Bag,direct,Dell Laptop Bag is on Shelf D with stock 19 and unit price $49.99.,hybrid_50_50,0.5,0.5,5,17,0.6580653594912607,0.3333333333333333,0.49569934641229696,56.01439666748047,"Item: Dell Inspiron 14, Shelf: Shelf D, Shelf ID: D, Location: (4.831, 2.309, -0.000), Stock: 14, Price: $699.99, Category: Laptops",False,nan,nan,nan,nan,nan,nan
Dell Laptop Bag,direct,Dell Laptop Bag is on Shelf D with stock 19 and unit price $49.99.,hybrid_60_40,0.6,0.4,1,19,1.0,1.0,1.0,44.815208435058594,"Item: Dell Laptop Bag, Shelf: Shelf D, Shelf ID: D, Location: (4.831, 2.309, -0.000), Stock: 19, Price: $49.99, Category: Accessories",False,nan,nan,nan,nan,nan,nan
Dell Laptop Bag,direct,Dell Laptop Bag is on Shelf D with stock 19 and unit price $49.99.,hybrid_60_40,0.6,0.4,2,18,0.6555679075131005,0.6666666666666666,0.6600074111745269,56.116371154785156,"Item: Dell Laptop Charger, Shelf: Shelf D, Shelf ID: D, Location: (4.831, 2.309, -0.000), Stock: 23, Price: $89.99, Category: Accessories",False,nan,nan,nan,nan,nan,nan
Dell Laptop Bag,direct,Dell Laptop Bag is on Shelf D with stock 19 and unit price $49.99.,hybrid_60_40,0.6,0.4,3,15,0.7456016016932561,0.3333333333333333,0.580694294349287,52.65666961669922,"Item: Dell XPS 13, Shelf: Shelf D, Shelf ID: D, Location: (4.831, 2.309, -0.000), Stock: 45, Price: $1199.99, Category: Laptops",False,nan,nan,nan,nan,nan,nan
Dell Laptop Bag,direct,Dell Laptop Bag is on Shelf D with stock 19 and unit price $49.99.,hybrid_60_40,0.6,0.4,4,16,0.7176501280927599,0.3333333333333333,0.5639234101889893,53.68503189086914,"Item: Dell XPS 15, Shelf: Shelf D, Shelf ID: D, Location: (4.831, 2.309, -0.000), Stock: 8, Price: $1799.99, Category: Laptops",False,nan,nan,nan,nan,nan,nan
Dell Laptop Bag,direct,Dell Laptop Bag is on Shelf D with stock 19 and unit price $49.99.,hybrid_60_40,0.6,0.4,5,17,0.6580653594912607,0.3333333333333333,0.5281725490280897,56.01439666748047,"Item: Dell Inspiron 14, Shelf: Shelf D, Shelf ID: D, Location: (4.831, 2.309, -0.000), Stock: 14, Price: $699.99, Category: Laptops",False,nan,nan,nan,nan,nan,nan
Dell Laptop Bag,direct,Dell Laptop Bag is on Shelf D with stock 19 and unit price $49.99.,hybrid_70_30,0.7,0.3,1,19,1.0,1.0,1.0,44.815208435058594,"Item: Dell Laptop Bag, Shelf: Shelf D, Shelf ID: D, Location: (4.831, 2.309, -0.000), Stock: 19, Price: $49.99, Category: Accessories",False,nan,nan,nan,nan,nan,nan
Dell Laptop Bag,direct,Dell Laptop Bag is on Shelf D with stock 19 and unit price $49.99.,hybrid_70_30,0.7,0.3,2,18,0.6555679075131005,0.6666666666666666,0.6588975352591703,56.116371154785156,"Item: Dell Laptop Charger, Shelf: Shelf D, Shelf ID: D, Location: (4.831, 2.309, -0.000), Stock: 23, Price: $89.99, Category: Accessories",False,nan,nan,nan,nan,nan,nan
Dell Laptop Bag,direct,Dell Laptop Bag is on Shelf D with stock 19 and unit price $49.99.,hybrid_70_30,0.7,0.3,3,15,0.7456016016932561,0.3333333333333333,0.6219211211852792,52.65666961669922,"Item: Dell XPS 13, Shelf: Shelf D, Shelf ID: D, Location: (4.831, 2.309, -0.000), Stock: 45, Price: $1199.99, Category: Laptops",False,nan,nan,nan,nan,nan,nan
Dell Laptop Bag,direct,Dell Laptop Bag is on Shelf D with stock 19 and unit price $49.99.,hybrid_70_30,0.7,0.3,4,16,0.7176501280927599,0.3333333333333333,0.6023550896649319,53.68503189086914,"Item: Dell XPS 15, Shelf: Shelf D, Shelf ID: D, Location: (4.831, 2.309, -0.000), Stock: 8, Price: $1799.99, Category: Laptops",False,nan,nan,nan,nan,nan,nan
Dell Laptop Bag,direct,Dell Laptop Bag is on Shelf D with stock 19 and unit price $49.99.,hybrid_70_30,0.7,0.3,5,17,0.6580653594912607,0.3333333333333333,0.5606457516438824,56.01439666748047,"Item: Dell Inspiron 14, Shelf: Shelf D, Shelf ID: D, Location: (4.831, 2.309, -0.000), Stock: 14, Price: $699.99, Category: Laptops",False,nan,nan,nan,nan,nan,nan
Dell Laptop Bag,direct,Dell Laptop Bag is on Shelf D with stock 19 and unit price $49.99.,hybrid_80_20,0.8,0.2,1,19,1.0,1.0,1.0,44.815208435058594,"Item: Dell Laptop Bag, Shelf: Shelf D, Shelf ID: D, Location: (4.831, 2.309, -0.000), Stock: 19, Price: $49.99, Category: Accessories",False,nan,nan,nan,nan,nan,nan
Dell Laptop Bag,direct,Dell Laptop Bag is on Shelf D with stock 19 and unit price $49.99.,hybrid_80_20,0.8,0.2,2,15,0.7456016016932561,0.3333333333333333,0.6631479480212715,52.65666961669922,"Item: Dell XPS 13, Shelf: Shelf D, Shelf ID: D, Location: (4.831, 2.309, -0.000), Stock: 45, Price: $1199.99, Category: Laptops",False,nan,nan,nan,nan,nan,nan
Dell Laptop Bag,direct,Dell Laptop Bag is on Shelf D with stock 19 and unit price $49.99.,hybrid_80_20,0.8,0.2,3,18,0.6555679075131005,0.6666666666666666,0.6577876593438137,56.116371154785156,"Item: Dell Laptop Charger, Shelf: Shelf D, Shelf ID: D, Location: (4.831, 2.309, -0.000), Stock: 23, Price: $89.99, Category: Accessories",False,nan,nan,nan,nan,nan,nan
Dell Laptop Bag,direct,Dell Laptop Bag is on Shelf D with stock 19 and unit price $49.99.,hybrid_80_20,0.8,0.2,4,16,0.7176501280927599,0.3333333333333333,0.6407867691408745,53.68503189086914,"Item: Dell XPS 15, Shelf: Shelf D, Shelf ID: D, Location: (4.831, 2.309, -0.000), Stock: 8, Price: $1799.99, Category: Laptops",False,nan,nan,nan,nan,nan,nan
Dell Laptop Bag,direct,Dell Laptop Bag is on Shelf D with stock 19 and unit price $49.99.,hybrid_80_20,0.8,0.2,5,17,0.6580653594912607,0.3333333333333333,0.5931189542596752,56.01439666748047,"Item: Dell Inspiron 14, Shelf: Shelf D, Shelf ID: D, Location: (4.831, 2.309, -0.000), Stock: 14, Price: $699.99, Category: Laptops",False,nan,nan,nan,nan,nan,nan
Bose QuietComfort Ultra,direct,Bose QuietComfort Ultra is on Shelf E with stock 7 and unit price $429.99.,semantic_only,1.0,0.0,1,21,1.0,1.0,1.0,47.59815979003906,"Item: Bose QuietComfort Ultra, Shelf: Shelf E, Shelf ID: E, Location: (6.865, 2.080, 0.000), Stock: 7, Price: $429.99, Category: Headphones",False,nan,nan,nan,nan,nan,nan
Bose QuietComfort Ultra,direct,Bose QuietComfort Ultra is on Shelf E with stock 7 and unit price $429.99.,semantic_only,1.0,0.0,2,20,0.9337410669895573,0.6666666666666666,0.9337410669895573,49.333248138427734,"Item: Bose QuietComfort 45, Shelf: Shelf E, Shelf ID: E, Location: (6.865, 2.080, 0.000), Stock: 11, Price: $329.99, Category: Headphones",False,nan,nan,nan,nan,nan,nan
Bose QuietComfort Ultra,direct,Bose QuietComfort Ultra is on Shelf E with stock 7 and unit price $429.99.,semantic_only,1.0,0.0,3,22,0.6485948536164796,0.3333333333333333,0.6485948536164796,58.47077178955078,"Item: Bose SoundLink Flex, Shelf: Shelf E, Shelf ID: E, Location: (6.865, 2.080, 0.000), Stock: 25, Price: $149.99, Category: Speakers",False,nan,nan,nan,nan,nan,nan
Bose QuietComfort Ultra,direct,Bose QuietComfort Ultra is on Shelf E with stock 7 and unit price $429.99.,semantic_only,1.0,0.0,4,23,0.5689585065246711,0.3333333333333333,0.5689585065246711,61.64704513549805,"Item: Bose Soundbar 600, Shelf: Shelf E, Shelf ID: E, Location: (6.865, 2.080, 0.000), Stock: 9, Price: $399.99, Category: Home Audio",False,nan,nan,nan,nan,nan,nan
Bose QuietComfort Ultra,direct,Bose QuietComfort Ultra is on Shelf E with stock 7 and unit price $429.99.,semantic_only,1.0,0.0,5,24,0.5668357759722323,0.3333333333333333,0.5668357759722323,61.736358642578125,"Item: Bose Replacement Ear Pads, Shelf: Shelf E, Shelf ID: E, Location: (6.865, 2.080, 0.000), Stock: 36, Price: $29.99, Category: Accessories",False,nan,nan,nan,nan,nan,nan
Bose QuietComfort Ultra,direct,Bose QuietComfort Ultra is on Shelf E with stock 7 and unit price $429.99.,keyword_only,0.0,1.0,1,21,1.0,1.0,1.0,47.59815979003906,"Item: Bose QuietComfort Ultra, Shelf: Shelf E, Shelf ID: E, Location: (6.865, 2.080, 0.000), Stock: 7, Price: $429.99, Category: Headphones",False,nan,nan,nan,nan,nan,nan
Bose QuietComfort Ultra,direct,Bose QuietComfort Ultra is on Shelf E with stock 7 and unit price $429.99.,keyword_only,0.0,1.0,2,20,0.9337410669895573,0.6666666666666666,0.6666666666666666,49.333248138427734,"Item: Bose QuietComfort 45, Shelf: Shelf E, Shelf ID: E, Location: (6.865, 2.080, 0.000), Stock: 11, Price: $329.99, Category: Headphones",False,nan,nan,nan,nan,nan,nan
Bose QuietComfort Ultra,direct,Bose QuietComfort Ultra is on Shelf E with stock 7 and unit price $429.99.,keyword_only,0.0,1.0,3,22,0.6485948536164796,0.3333333333333333,0.3333333333333333,58.47077178955078,"Item: Bose SoundLink Flex, Shelf: Shelf E, Shelf ID: E, Location: (6.865, 2.080, 0.000), Stock: 25, Price: $149.99, Category: Speakers",False,nan,nan,nan,nan,nan,nan
Bose QuietComfort Ultra,direct,Bose QuietComfort Ultra is on Shelf E with stock 7 and unit price $429.99.,keyword_only,0.0,1.0,4,23,0.5689585065246711,0.3333333333333333,0.3333333333333333,61.64704513549805,"Item: Bose Soundbar 600, Shelf: Shelf E, Shelf ID: E, Location: (6.865, 2.080, 0.000), Stock: 9, Price: $399.99, Category: Home Audio",False,nan,nan,nan,nan,nan,nan
Bose QuietComfort Ultra,direct,Bose QuietComfort Ultra is on Shelf E with stock 7 and unit price $429.99.,keyword_only,0.0,1.0,5,24,0.5668357759722323,0.3333333333333333,0.3333333333333333,61.736358642578125,"Item: Bose Replacement Ear Pads, Shelf: Shelf E, Shelf ID: E, Location: (6.865, 2.080, 0.000), Stock: 36, Price: $29.99, Category: Accessories",False,nan,nan,nan,nan,nan,nan
Bose QuietComfort Ultra,direct,Bose QuietComfort Ultra is on Shelf E with stock 7 and unit price $429.99.,hybrid_50_50,0.5,0.5,1,21,1.0,1.0,1.0,47.59815979003906,"Item: Bose QuietComfort Ultra, Shelf: Shelf E, Shelf ID: E, Location: (6.865, 2.080, 0.000), Stock: 7, Price: $429.99, Category: Headphones",False,nan,nan,nan,nan,nan,nan
Bose QuietComfort Ultra,direct,Bose QuietComfort Ultra is on Shelf E with stock 7 and unit price $429.99.,hybrid_50_50,0.5,0.5,2,20,0.9337410669895573,0.6666666666666666,0.800203866828112,49.333248138427734,"Item: Bose QuietComfort 45, Shelf: Shelf E, Shelf ID: E, Location: (6.865, 2.080, 0.000), Stock: 11, Price: $329.99, Category: Headphones",False,nan,nan,nan,nan,nan,nan
Bose QuietComfort Ultra,direct,Bose QuietComfort Ultra is on Shelf E with stock 7 and unit price $429.99.,hybrid_50_50,0.5,0.5,3,22,0.6485948536164796,0.3333333333333333,0.49096409347490644,58.47077178955078,"Item: Bose SoundLink Flex, Shelf: Shelf E, Shelf ID: E, Location: (6.865, 2.080, 0.000), Stock: 25, Price: $149.99, Category: Speakers",False,nan,nan,nan,nan,nan,nan
Bose QuietComfort Ultra,direct,Bose QuietComfort Ultra is on Shelf E with stock 7 and unit price $429.99.,hybrid_50_50,0.5,0.5,4,23,0.5689585065246711,0.3333333333333333,0.4511459199290022,61.64704513549805,"Item: Bose Soundbar 600, Shelf: Shelf E, Shelf ID: E, Location: (6.865, 2.080, 0.000), Stock: 9, Price: $399.99, Category: Home Audio",False,nan,nan,nan,nan,nan,nan
Bose QuietComfort Ultra,direct,Bose QuietComfort Ultra is on Shelf E with stock 7 and unit price $429.99.,hybrid_50_50,0.5,0.5,5,24,0.5668357759722323,0.3333333333333333,0.45008455465278285,61.736358642578125,"Item: Bose Replacement Ear Pads, Shelf: Shelf E, Shelf ID: E, Location: (6.865, 2.080, 0.000), Stock: 36, Price: $29.99, Category: Accessories",False,nan,nan,nan,nan,nan,nan
Bose QuietComfort Ultra,direct,Bose QuietComfort Ultra is on Shelf E with stock 7 and unit price $429.99.,hybrid_60_40,0.6,0.4,1,21,1.0,1.0,1.0,47.59815979003906,"Item: Bose QuietComfort Ultra, Shelf: Shelf E, Shelf ID: E, Location: (6.865, 2.080, 0.000), Stock: 7, Price: $429.99, Category: Headphones",False,nan,nan,nan,nan,nan,nan
Bose QuietComfort Ultra,direct,Bose QuietComfort Ultra is on Shelf E with stock 7 and unit price $429.99.,hybrid_60_40,0.6,0.4,2,20,0.9337410669895573,0.6666666666666666,0.826911306860401,49.333248138427734,"Item: Bose QuietComfort 45, Shelf: Shelf E, Shelf ID: E, Location: (6.865, 2.080, 0.000), Stock: 11, Price: $329.99, Category: Headphones",False,nan,nan,nan,nan,nan,nan
Bose QuietComfort Ultra,direct,Bose QuietComfort Ultra is on Shelf E with stock 7 and unit price $429.99.,hybrid_60_40,0.6,0.4,3,22,0.6485948536164796,0.3333333333333333,0.5224902455032211,58.47077178955078,"Item: Bose SoundLink Flex, Shelf: Shelf E, Shelf ID: E, Location: (6.865, 2.080, 0.000), Stock: 25, Price: $149.99, Category: Speakers",False,nan,nan,nan,nan,nan,nan
Bose QuietComfort Ultra,direct,Bose QuietComfort Ultra is on Shelf E with stock 7 and unit price $429.99.,hybrid_60_40,0.6,0.4,4,23,0.5689585065246711,0.3333333333333333,0.47470843724813594,61.64704513549805,"Item: Bose Soundbar 600, Shelf: Shelf E, Shelf ID: E, Location: (6.865, 2.080, 0.000), Stock: 9, Price: $399.99, Category: Home Audio",False,nan,nan,nan,nan,nan,nan
Bose QuietComfort Ultra,direct,Bose QuietComfort Ultra is on Shelf E with stock 7 and unit price $429.99.,hybrid_60_40,0.6,0.4,5,24,0.5668357759722323,0.3333333333333333,0.4734347989166727,61.736358642578125,"Item: Bose Replacement Ear Pads, Shelf: Shelf E, Shelf ID: E, Location: (6.865, 2.080, 0.000), Stock: 36, Price: $29.99, Category: Accessories",False,nan,nan,nan,nan,nan,nan
Bose QuietComfort Ultra,direct,Bose QuietComfort Ultra is on Shelf E with stock 7 and unit price $429.99.,hybrid_70_30,0.7,0.3,1,21,1.0,1.0,1.0,47.59815979003906,"Item: Bose QuietComfort Ultra, Shelf: Shelf E, Shelf ID: E, Location: (6.865, 2.080, 0.000), Stock: 7, Price: $429.99, Category: Headphones",False,nan,nan,nan,nan,nan,nan
Bose QuietComfort Ultra,direct,Bose QuietComfort Ultra is on Shelf E with stock 7 and unit price $429.99.,hybrid_70_30,0.7,0.3,2,20,0.9337410669895573,0.6666666666666666,0.85361874689269,49.333248138427734,"Item: Bose QuietComfort 45, Shelf: Shelf E, Shelf ID: E, Location: (6.865, 2.080, 0.000), Stock: 11, Price: $329.99, Category: Headphones",False,nan,nan,nan,nan,nan,nan
Bose QuietComfort Ultra,direct,Bose QuietComfort Ultra is on Shelf E with stock 7 and unit price $429.99.,hybrid_70_30,0.7,0.3,3,22,0.6485948536164796,0.3333333333333333,0.5540163975315358,58.47077178955078,"Item: Bose SoundLink Flex, Shelf: Shelf E, Shelf ID: E, Location: (6.865, 2.080, 0.000), Stock: 25, Price: $149.99, Category: Speakers",False,nan,nan,nan,nan,nan,nan
Bose QuietComfort Ultra,direct,Bose QuietComfort Ultra is on Shelf E with stock 7 and unit price $429.99.,hybrid_70_30,0.7,0.3,4,23,0.5689585065246711,0.3333333333333333,0.4982709545672697,61.64704513549805,"Item: Bose Soundbar 600, Shelf: Shelf E, Shelf ID: E, Location: (6.865, 2.080, 0.000), Stock: 9, Price: $399.99, Category: Home Audio",False,nan,nan,nan,nan,nan,nan
Bose QuietComfort Ultra,direct,Bose QuietComfort Ultra is on Shelf E with stock 7 and unit price $429.99.,hybrid_70_30,0.7,0.3,5,24,0.5668357759722323,0.3333333333333333,0.4967850431805626,61.736358642578125,"Item: Bose Replacement Ear Pads, Shelf: Shelf E, Shelf ID: E, Location: (6.865, 2.080, 0.000), Stock: 36, Price: $29.99, Category: Accessories",False,nan,nan,nan,nan,nan,nan
Bose QuietComfort Ultra,direct,Bose QuietComfort Ultra is on Shelf E with stock 7 and unit price $429.99.,hybrid_80_20,0.8,0.2,1,21,1.0,1.0,1.0,47.59815979003906,"Item: Bose QuietComfort Ultra, Shelf: Shelf E, Shelf ID: E, Location: (6.865, 2.080, 0.000), Stock: 7, Price: $429.99, Category: Headphones",False,nan,nan,nan,nan,nan,nan
Bose QuietComfort Ultra,direct,Bose QuietComfort Ultra is on Shelf E with stock 7 and unit price $429.99.,hybrid_80_20,0.8,0.2,2,20,0.9337410669895573,0.6666666666666666,0.8803261869249792,49.333248138427734,"Item: Bose QuietComfort 45, Shelf: Shelf E, Shelf ID: E, Location: (6.865, 2.080, 0.000), Stock: 11, Price: $329.99, Category: Headphones",False,nan,nan,nan,nan,nan,nan
Bose QuietComfort Ultra,direct,Bose QuietComfort Ultra is on Shelf E with stock 7 and unit price $429.99.,hybrid_80_20,0.8,0.2,3,22,0.6485948536164796,0.3333333333333333,0.5855425495598504,58.47077178955078,"Item: Bose SoundLink Flex, Shelf: Shelf E, Shelf ID: E, Location: (6.865, 2.080, 0.000), Stock: 25, Price: $149.99, Category: Speakers",False,nan,nan,nan,nan,nan,nan
Bose QuietComfort Ultra,direct,Bose QuietComfort Ultra is on Shelf E with stock 7 and unit price $429.99.,hybrid_80_20,0.8,0.2,4,23,0.5689585065246711,0.3333333333333333,0.5218334718864035,61.64704513549805,"Item: Bose Soundbar 600, Shelf: Shelf E, Shelf ID: E, Location: (6.865, 2.080, 0.000), Stock: 9, Price: $399.99, Category: Home Audio",False,nan,nan,nan,nan,nan,nan
Bose QuietComfort Ultra,direct,Bose QuietComfort Ultra is on Shelf E with stock 7 and unit price $429.99.,hybrid_80_20,0.8,0.2,5,24,0.5668357759722323,0.3333333333333333,0.5201352874444526,61.736358642578125,"Item: Bose Replacement Ear Pads, Shelf: Shelf E, Shelf ID: E, Location: (6.865, 2.080, 0.000), Stock: 36, Price: $29.99, Category: Accessories",False,nan,nan,nan,nan,nan,nan
Bose Soundbar 600,direct,Bose Soundbar 600 is on Shelf E with stock 9 and unit price $399.99.,semantic_only,1.0,0.0,1,23,1.0,1.0,1.0,32.43027114868164,"Item: Bose Soundbar 600, Shelf: Shelf E, Shelf ID: E, Location: (6.865, 2.080, 0.000), Stock: 9, Price: $399.99, Category: Home Audio",False,nan,nan,nan,nan,nan,nan
Bose Soundbar 600,direct,Bose Soundbar 600 is on Shelf E with stock 9 and unit price $399.99.,semantic_only,1.0,0.0,2,22,0.9392271496439746,0.3333333333333333,0.9392271496439746,33.74125671386719,"Item: Bose SoundLink Flex, Shelf: Shelf E, Shelf ID: E, Location: (6.865, 2.080, 0.000), Stock: 25, Price: $149.99, Category: Speakers",False,nan,nan,nan,nan,nan,nan
Bose Soundbar 600,direct,Bose Soundbar 600 is on Shelf E with stock 9 and unit price $399.99.,semantic_only,1.0,0.0,3,20,0.7807914612841025,0.3333333333333333,0.7807914612841025,37.697513580322266,"Item: Bose QuietComfort 45, Shelf: Shelf E, Shelf ID: E, Location: (6.865, 2.080, 0.000), Stock: 11, Price: $329.99, Category: Headphones",False,nan,nan,nan,nan,nan,nan
Bose Soundbar 600,direct,Bose Soundbar 600 is on Shelf E with stock 9 and unit price $399.99.,semantic_only,1.0,0.0,4,21,0.7532167230130972,0.3333333333333333,0.7532167230130972,38.47999572753906,"Item: Bose QuietComfort Ultra, Shelf: Shelf E, Shelf ID: E, Location: (6.865, 2.080, 0.000), Stock: 7, Price: $429.99, Category: Headphones",False,nan,nan,nan,nan,nan,nan
Bose Soundbar 600,direct,Bose Soundbar 600 is on Shelf E with stock 9 and unit price $399.99.,semantic_only,1.0,0.0,5,24,0.565058953760153,0.3333333333333333,0.565058953760153,44.79916000366211,"Item: Bose Replacement Ear Pads, Shelf: Shelf E, Shelf ID: E, Location: (6.865, 2.080, 0.000), Stock: 36, Price: $29.99, Category: Accessories",False,nan,nan,nan,nan,nan,nan
Bose Soundbar 600,direct,Bose Soundbar 600 is on Shelf E with stock 9 and unit price $399.99.,keyword_only,0.0,1.0,1,23,1.0,1.0,1.0,32.43027114868164,"Item: Bose Soundbar 600, Shelf: Shelf E, Shelf ID: E, Location: (6.865, 2.080, 0.000), Stock: 9, Price: $399.99, Category: Home Audio",False,nan,nan,nan,nan,nan,nan
Bose Soundbar 600,direct,Bose Soundbar 600 is on Shelf E with stock 9 and unit price $399.99.,keyword_only,0.0,1.0,2,20,0.7807914612841025,0.3333333333333333,0.3333333333333333,37.697513580322266,"Item: Bose QuietComfort 45, Shelf: Shelf E, Shelf ID: E, Location: (6.865, 2.080, 0.000), Stock: 11, Price: $329.99, Category: Headphones",False,nan,nan,nan,nan,nan,nan
Bose Soundbar 600,direct,Bose Soundbar 600 is on Shelf E with stock 9 and unit price $399.99.,keyword_only,0.0,1.0,3,21,0.7532167230130972,0.3333333333333333,0.3333333333333333,38.47999572753906,"Item: Bose QuietComfort Ultra, Shelf: Shelf E, Shelf ID: E, Location: (6.865, 2.080, 0.000), Stock: 7, Price: $429.99, Category: Headphones",False,nan,nan,nan,nan,nan,nan
Bose Soundbar 600,direct,Bose Soundbar 600 is on Shelf E with stock 9 and unit price $399.99.,keyword_only,0.0,1.0,4,22,0.9392271496439746,0.3333333333333333,0.3333333333333333,33.74125671386719,"Item: Bose SoundLink Flex, Shelf: Shelf E, Shelf ID: E, Location: (6.865, 2.080, 0.000), Stock: 25, Price: $149.99, Category: Speakers",False,nan,nan,nan,nan,nan,nan
Bose Soundbar 600,direct,Bose Soundbar 600 is on Shelf E with stock 9 and unit price $399.99.,keyword_only,0.0,1.0,5,24,0.565058953760153,0.3333333333333333,0.3333333333333333,44.79916000366211,"Item: Bose Replacement Ear Pads, Shelf: Shelf E, Shelf ID: E, Location: (6.865, 2.080, 0.000), Stock: 36, Price: $29.99, Category: Accessories",False,nan,nan,nan,nan,nan,nan
Bose Soundbar 600,direct,Bose Soundbar 600 is on Shelf E with stock 9 and unit price $399.99.,hybrid_50_50,0.5,0.5,1,23,1.0,1.0,1.0,32.43027114868164,"Item: Bose Soundbar 600, Shelf: Shelf E, Shelf ID: E, Location: (6.865, 2.080, 0.000), Stock: 9, Price: $399.99, Category: Home Audio",False,nan,nan,nan,nan,nan,nan
Bose Soundbar 600,direct,Bose Soundbar 600 is on Shelf E with stock 9 and unit price $399.99.,hybrid_50_50,0.5,0.5,2,22,0.9392271496439746,0.3333333333333333,0.6362802414886539,33.74125671386719,"Item: Bose SoundLink Flex, Shelf: Shelf E, Shelf ID: E, Location: (6.865, 2.080, 0.000), Stock: 25, Price: $149.99, Category: Speakers",False,nan,nan,nan,nan,nan,nan
Bose Soundbar 600,direct,Bose Soundbar 600 is on Shelf E with stock 9 and unit price $399.99.,hybrid_50_50,0.5,0.5,3,20,0.7807914612841025,0.3333333333333333,0.5570623973087179,37.697513580322266,"Item: Bose QuietComfort 45, Shelf: Shelf E, Shelf ID: E, Location: (6.865, 2.080, 0.000), Stock: 11, Price: $329.99, Category: Headphones",False,nan,nan,nan,nan,nan,nan
Bose Soundbar 600,direct,Bose Soundbar 600 is on Shelf E with stock 9 and unit price $399.99.,hybrid_50_50,0.5,0.5,4,21,0.7532167230130972,0.3333333333333333,0.5432750281732153,38.47999572753906,"Item: Bose QuietComfort Ultra, Shelf: Shelf E, Shelf ID: E, Location: (6.865, 2.080, 0.000), Stock: 7, Price: $429.99, Category: Headphones",False,nan,nan,nan,nan,nan,nan
Bose Soundbar 600,direct,Bose Soundbar 600 is on Shelf E with stock 9 and unit price $399.99.,hybrid_50_50,0.5,0.5,5,24,0.565058953760153,0.3333333333333333,0.4491961435467432,44.79916000366211,"Item: Bose Replacement Ear Pads, Shelf: Shelf E, Shelf ID: E, Location: (6.865, 2.080, 0.000), Stock: 36, Price: $29.99, Category: Accessories",False,nan,nan,nan,nan,nan,nan
Bose Soundbar 600,direct,Bose Soundbar 600 is on Shelf E with stock 9 and unit price $399.99.,hybrid_60_40,0.6,0.4,1,23,1.0,1.0,1.0,32.43027114868164,"Item: Bose Soundbar 600, Shelf: Shelf E, Shelf ID: E, Location: (6.865, 2.080, 0.000), Stock: 9, Price: $399.99, Category: Home Audio",False,nan,nan,nan,nan,nan,nan
Bose Soundbar 600,direct,Bose Soundbar 600 is on Shelf E with stock 9 and unit price $399.99.,hybrid_60_40,0.6,0.4,2,22,0.9392271496439746,0.3333333333333333,0.696869623119718,33.74125671386719,"Item: Bose SoundLink Flex, Shelf: Shelf E, Shelf ID: E, Location: (6.865, 2.080, 0.000), Stock: 25, Price: $149.99, Category: Speakers",False,nan,nan,nan,nan,nan,nan
Bose Soundbar 600,direct,Bose Soundbar 600 is on Shelf E with stock 9 and unit price $399.99.,hybrid_60_40,0.6,0.4,3,20,0.7807914612841025,0.3333333333333333,0.6018082101037948,37.697513580322266,"Item: Bose QuietComfort 45, Shelf: Shelf E, Shelf ID: E, Location: (6.865, 2.080, 0.000), Stock: 11, Price: $329.99, Category: Headphones",False,nan,nan,nan,nan,nan,nan
Bose Soundbar 600,direct,Bose Soundbar 600 is on Shelf E with stock 9 and unit price $399.99.,hybrid_60_40,0.6,0.4,4,21,0.7532167230130972,0.3333333333333333,0.5852633671411916,38.47999572753906,"Item: Bose QuietComfort Ultra, Shelf: Shelf E, Shelf ID: E, Location: (6.865, 2.080, 0.000), Stock: 7, Price: $429.99, Category: Headphones",False,nan,nan,nan,nan,nan,nan
Bose Soundbar 600,direct,Bose Soundbar 600 is on Shelf E with stock 9 and unit price $399.99.,hybrid_60_40,0.6,0.4,5,24,0.565058953760153,0.3333333333333333,0.4723687055894251,44.79916000366211,"Item: Bose Replacement Ear Pads, Shelf: Shelf E, Shelf ID: E, Location: (6.865, 2.080, 0.000), Stock: 36, Price: $29.99, Category: Accessories",False,nan,nan,nan,nan,nan,nan
Bose Soundbar 600,direct,Bose Soundbar 600 is on Shelf E with stock 9 and unit price $399.99.,hybrid_70_30,0.7,0.3,1,23,1.0,1.0,1.0,32.43027114868164,"Item: Bose Soundbar 600, Shelf: Shelf E, Shelf ID: E, Location: (6.865, 2.080, 0.000), Stock: 9, Price: $399.99, Category: Home Audio",False,nan,nan,nan,nan,nan,nan
Bose Soundbar 600,direct,Bose Soundbar 600 is on Shelf E with stock 9 and unit price $399.99.,hybrid_70_30,0.7,0.3,2,22,0.9392271496439746,0.3333333333333333,0.7574590047507821,33.74125671386719,"Item: Bose SoundLink Flex, Shelf: Shelf E, Shelf ID: E, Location: (6.865, 2.080, 0.000), Stock: 25, Price: $149.99, Category: Speakers",False,nan,nan,nan,nan,nan,nan
Bose Soundbar 600,direct,Bose Soundbar 600 is on Shelf E with stock 9 and unit price $399.99.,hybrid_70_30,0.7,0.3,3,20,0.7807914612841025,0.3333333333333333,0.6465540228988716,37.697513580322266,"Item: Bose QuietComfort 45, Shelf: Shelf E, Shelf ID: E, Location: (6.865, 2.080, 0.000), Stock: 11, Price: $329.99, Category: Headphones",False,nan,nan,nan,nan,nan,nan
Bose Soundbar 600,direct,Bose Soundbar 600 is on Shelf E with stock 9 and unit price $399.99.,hybrid_70_30,0.7,0.3,4,21,0.7532167230130972,0.3333333333333333,0.6272517061091679,38.47999572753906,"Item: Bose QuietComfort Ultra, Shelf: Shelf E, Shelf ID: E, Location: (6.865, 2.080, 0.000), Stock: 7, Price: $429.99, Category: Headphones",False,nan,nan,nan,nan,nan,nan
Bose Soundbar 600,direct,Bose Soundbar 600 is on Shelf E with stock 9 and unit price $399.99.,hybrid_70_30,0.7,0.3,5,24,0.565058953760153,0.3333333333333333,0.4955412676321071,44.79916000366211,"Item: Bose Replacement Ear Pads, Shelf: Shelf E, Shelf ID: E, Location: (6.865, 2.080, 0.000), Stock: 36, Price: $29.99, Category: Accessories",False,nan,nan,nan,nan,nan,nan
Bose Soundbar 600,direct,Bose Soundbar 600 is on Shelf E with stock 9 and unit price $399.99.,hybrid_80_20,0.8,0.2,1,23,1.0,1.0,1.0,32.43027114868164,"Item: Bose Soundbar 600, Shelf: Shelf E, Shelf ID: E, Location: (6.865, 2.080, 0.000), Stock: 9, Price: $399.99, Category: Home Audio",False,nan,nan,nan,nan,nan,nan
Bose Soundbar 600,direct,Bose Soundbar 600 is on Shelf E with stock 9 and unit price $399.99.,hybrid_80_20,0.8,0.2,2,22,0.9392271496439746,0.3333333333333333,0.8180483863818464,33.74125671386719,"Item: Bose SoundLink Flex, Shelf: Shelf E, Shelf ID: E, Location: (6.865, 2.080, 0.000), Stock: 25, Price: $149.99, Category: Speakers",False,nan,nan,nan,nan,nan,nan
Bose Soundbar 600,direct,Bose Soundbar 600 is on Shelf E with stock 9 and unit price $399.99.,hybrid_80_20,0.8,0.2,3,20,0.7807914612841025,0.3333333333333333,0.6912998356939487,37.697513580322266,"Item: Bose QuietComfort 45, Shelf: Shelf E, Shelf ID: E, Location: (6.865, 2.080, 0.000), Stock: 11, Price: $329.99, Category: Headphones",False,nan,nan,nan,nan,nan,nan
Bose Soundbar 600,direct,Bose Soundbar 600 is on Shelf E with stock 9 and unit price $399.99.,hybrid_80_20,0.8,0.2,4,21,0.7532167230130972,0.3333333333333333,0.6692400450771444,38.47999572753906,"Item: Bose QuietComfort Ultra, Shelf: Shelf E, Shelf ID: E, Location: (6.865, 2.080, 0.000), Stock: 7, Price: $429.99, Category: Headphones",False,nan,nan,nan,nan,nan,nan
Bose Soundbar 600,direct,Bose Soundbar 600 is on Shelf E with stock 9 and unit price $399.99.,hybrid_80_20,0.8,0.2,5,24,0.565058953760153,0.3333333333333333,0.5187138296747891,44.79916000366211,"Item: Bose Replacement Ear Pads, Shelf: Shelf E, Shelf ID: E, Location: (6.865, 2.080, 0.000), Stock: 36, Price: $29.99, Category: Accessories",False,nan,nan,nan,nan,nan,nan
Logitech G Pro X Superlight,direct,Logitech G Pro X Superlight is on Shelf F with stock 22 and unit price $149.99.,semantic_only,1.0,0.0,1,27,1.0,1.0,1.0,43.2562255859375,"Item: Logitech G Pro X Superlight, Shelf: Shelf F, Shelf ID: F, Location: (8.776, 2.159, 0.003), Stock: 22, Price: $149.99, Category: Gaming Mouse",False,nan,nan,nan,nan,nan,nan
Logitech G Pro X Superlight,direct,Logitech G Pro X Superlight is on Shelf F with stock 22 and unit price $149.99.,semantic_only,1.0,0.0,2,26,0.6070762328029587,0.2,0.6070762328029587,54.694637298583984,"Item: Logitech MX Keys, Shelf: Shelf F, Shelf ID: F, Location: (8.776, 2.159, 0.003), Stock: 14, Price: $99.99, Category: Keyboards",False,nan,nan,nan,nan,nan,nan
Logitech G Pro X Superlight,direct,Logitech G Pro X Superlight is on Shelf F with stock 22 and unit price $149.99.,semantic_only,1.0,0.0,3,28,0.5654814135000839,0.2,0.5654814135000839,56.261329650878906,"Item: Logitech Webcam C920, Shelf: Shelf F, Shelf ID: F, Location: (8.776, 2.159, 0.003), Stock: 31, Price: $69.99, Category: Webcams",False,nan,nan,nan,nan,nan,nan
Logitech G Pro X Superlight,direct,Logitech G Pro X Superlight is on Shelf F with stock 22 and unit price $149.99.,semantic_only,1.0,0.0,4,25,0.563384810108826,0.2,0.563384810108826,56.34263610839844,"Item: Logitech MX Master 3, Shelf: Shelf F, Shelf ID: F, Location: (8.776, 2.159, 0.003), Stock: 7, Price: $99.99, Category: Computer Mouse",False,nan,nan,nan,nan,nan,nan
Logitech G Pro X Superlight,direct,Logitech G Pro X Superlight is on Shelf F with stock 22 and unit price $149.99.,semantic_only,1.0,0.0,5,29,0.4574882592884712,0.2,0.4574882592884712,60.77287292480469,"Item: Logitech Mouse Pad, Shelf: Shelf F, Shelf ID: F, Location: (8.776, 2.159, 0.003), Stock: 58, Price: $19.99, Category: Accessories",False,nan,nan,nan,nan,nan,nan
Logitech G Pro X Superlight,direct,Logitech G Pro X Superlight is on Shelf F with stock 22 and unit price $149.99.,keyword_only,0.0,1.0,1,27,1.0,1.0,1.0,43.2562255859375,"Item: Logitech G Pro X Superlight, Shelf: Shelf F, Shelf ID: F, Location: (8.776, 2.159, 0.003), Stock: 22, Price: $149.99, Category: Gaming Mouse",False,nan,nan,nan,nan,nan,nan
Logitech G Pro X Superlight,direct,Logitech G Pro X Superlight is on Shelf F with stock 22 and unit price $149.99.,keyword_only,0.0,1.0,2,1,0.04562303934334001,0.2,0.2,87.3081283569336,"Item: Apple iPhone 14 Pro, Shelf: Shelf A, Shelf ID: A, Location: (-0.151, 2.203, 0.001), Stock: 10, Price: $999.99, Category: Smartphones",False,nan,nan,nan,nan,nan,nan
Logitech G Pro X Superlight,direct,Logitech G Pro X Superlight is on Shelf F with stock 22 and unit price $149.99.,keyword_only,0.0,1.0,3,25,0.563384810108826,0.2,0.2,56.34263610839844,"Item: Logitech MX Master 3, Shelf: Shelf F, Shelf ID: F, Location: (8.776, 2.159, 0.003), Stock: 7, Price: $99.99, Category: Computer Mouse",False,nan,nan,nan,nan,nan,nan
Logitech G Pro X Superlight,direct,Logitech G Pro X Superlight is on Shelf F with stock 22 and unit price $149.99.,keyword_only,0.0,1.0,4,26,0.6070762328029587,0.2,0.2,54.694637298583984,"Item: Logitech MX Keys, Shelf: Shelf F, Shelf ID: F, Location: (8.776, 2.159, 0.003), Stock: 14, Price: $99.99, Category: Keyboards",False,nan,nan,nan,nan,nan,nan
Logitech G Pro X Superlight,direct,Logitech G Pro X Superlight is on Shelf F with stock 22 and unit price $149.99.,keyword_only,0.0,1.0,5,28,0.5654814135000839,0.2,0.2,56.261329650878906,"Item: Logitech Webcam C920, Shelf: Shelf F, Shelf ID: F, Location: (8.776, 2.159, 0.003), Stock: 31, Price: $69.99, Category: Webcams",False,nan,nan,nan,nan,nan,nan
Logitech G Pro X Superlight,direct,Logitech G Pro X Superlight is on Shelf F with stock 22 and unit price $149.99.,hybrid_50_50,0.5,0.5,1,27,1.0,1.0,1.0,43.2562255859375,"Item: Logitech G Pro X Superlight, Shelf: Shelf F, Shelf ID: F, Location: (8.776, 2.159, 0.003), Stock: 22, Price: $149.99, Category: Gaming Mouse",False,nan,nan,nan,nan,nan,nan
Logitech G Pro X Superlight,direct,Logitech G Pro X Superlight is on Shelf F with stock 22 and unit price $149.99.,hybrid_50_50,0.5,0.5,2,26,0.6070762328029587,0.2,0.4035381164014794,54.694637298583984,"Item: Logitech MX Keys, Shelf: Shelf F, Shelf ID: F, Location: (8.776, 2.159, 0.003), Stock: 14, Price: $99.99, Category: Keyboards",False,nan,nan,nan,nan,nan,nan
Logitech G Pro X Superlight,direct,Logitech G Pro X Superlight is on Shelf F with stock 22 and unit price $149.99.,hybrid_50_50,0.5,0.5,3,28,0.5654814135000839,0.2,0.3827407067500419,56.261329650878906,"Item: Logitech Webcam C920, Shelf: Shelf F, Shelf ID: F, Location: (8.776, 2.159, 0.003), Stock: 31, Price: $69.99, Category: Webcams",False,nan,nan,nan,nan,nan,nan
Logitech G Pro X Superlight,direct,Logitech G Pro X Superlight is on Shelf F with stock 22 and unit price $149.99.,hybrid_50_50,0.5,0.5,4,25,0.563384810108826,0.2,0.38169240505441304,56.34263610839844,"Item: Logitech MX Master 3, Shelf: Shelf F, Shelf ID: F, Location: (8.776, 2.159, 0.003), Stock: 7, Price: $99.99, Category: Computer Mouse",False,nan,nan,nan,nan,nan,nan
Logitech G Pro X Superlight,direct,Logitech G Pro X Superlight is on Shelf F with stock 22 and unit price $149.99.,hybrid_50_50,0.5,0.5,5,29,0.4574882592884712,0.2,0.3287441296442356,60.77287292480469,"Item: Logitech Mouse Pad, Shelf: Shelf F, Shelf ID: F, Location: (8.776, 2.159, 0.003), Stock: 58, Price: $19.99, Category: Accessories",False,nan,nan,nan,nan,nan,nan
Logitech G Pro X Superlight,direct,Logitech G Pro X Superlight is on Shelf F with stock 22 and unit price $149.99.,hybrid_60_40,0.6,0.4,1,27,1.0,1.0,1.0,43.2562255859375,"Item: Logitech G Pro X Superlight, Shelf: Shelf F, Shelf ID: F, Location: (8.776, 2.159, 0.003), Stock: 22, Price: $149.99, Category: Gaming Mouse",False,nan,nan,nan,nan,nan,nan
Logitech G Pro X Superlight,direct,Logitech G Pro X Superlight is on Shelf F with stock 22 and unit price $149.99.,hybrid_60_40,0.6,0.4,2,26,0.6070762328029587,0.2,0.4442457396817753,54.694637298583984,"Item: Logitech MX Keys, Shelf: Shelf F, Shelf ID: F, Location: (8.776, 2.159, 0.003), Stock: 14, Price: $99.99, Category: Keyboards",False,nan,nan,nan,nan,nan,nan
Logitech G Pro X Superlight,direct,Logitech G Pro X Superlight is on Shelf F with stock 22 and unit price $149.99.,hybrid_60_40,0.6,0.4,3,28,0.5654814135000839,0.2,0.4192888481000503,56.261329650878906,"Item: Logitech Webcam C920, Shelf: Shelf F, Shelf ID: F, Location: (8.776, 2.159, 0.003), Stock: 31, Price: $69.99, Category: Webcams",False,nan,nan,nan,nan,nan,nan
Logitech G Pro X Superlight,direct,Logitech G Pro X Superlight is on Shelf F with stock 22 and unit price $149.99.,hybrid_60_40,0.6,0.4,4,25,0.563384810108826,0.2,0.4180308860652956,56.34263610839844,"Item: Logitech MX Master 3, Shelf: Shelf F, Shelf ID: F, Location: (8.776, 2.159, 0.003), Stock: 7, Price: $99.99, Category: Computer Mouse",False,nan,nan,nan,nan,nan,nan
Logitech G Pro X Superlight,direct,Logitech G Pro X Superlight is on Shelf F with stock 22 and unit price $149.99.,hybrid_60_40,0.6,0.4,5,29,0.4574882592884712,0.2,0.35449295557308275,60.77287292480469,"Item: Logitech Mouse Pad, Shelf: Shelf F, Shelf ID: F, Location: (8.776, 2.159, 0.003), Stock: 58, Price: $19.99, Category: Accessories",False,nan,nan,nan,nan,nan,nan
Logitech G Pro X Superlight,direct,Logitech G Pro X Superlight is on Shelf F with stock 22 and unit price $149.99.,hybrid_70_30,0.7,0.3,1,27,1.0,1.0,1.0,43.2562255859375,"Item: Logitech G Pro X Superlight, Shelf: Shelf F, Shelf ID: F, Location: (8.776, 2.159, 0.003), Stock: 22, Price: $149.99, Category: Gaming Mouse",False,nan,nan,nan,nan,nan,nan
Logitech G Pro X Superlight,direct,Logitech G Pro X Superlight is on Shelf F with stock 22 and unit price $149.99.,hybrid_70_30,0.7,0.3,2,26,0.6070762328029587,0.2,0.4849533629620711,54.694637298583984,"Item: Logitech MX Keys, Shelf: Shelf F, Shelf ID: F, Location: (8.776, 2.159, 0.003), Stock: 14, Price: $99.99, Category: Keyboards",False,nan,nan,nan,nan,nan,nan
Logitech G Pro X Superlight,direct,Logitech G Pro X Superlight is on Shelf F with stock 22 and unit price $149.99.,hybrid_70_30,0.7,0.3,3,28,0.5654814135000839,0.2,0.4558369894500587,56.261329650878906,"Item: Logitech Webcam C920, Shelf: Shelf F, Shelf ID: F, Location: (8.776, 2.159, 0.003), Stock: 31, Price: $69.99, Category: Webcams",False,nan,nan,nan,nan,nan,nan
Logitech G Pro X Superlight,direct,Logitech G Pro X Superlight is on Shelf F with stock 22 and unit price $149.99.,hybrid_70_30,0.7,0.3,4,25,0.563384810108826,0.2,0.4543693670761782,56.34263610839844,"Item: Logitech MX Master 3, Shelf: Shelf F, Shelf ID: F, Location: (8.776, 2.159, 0.003), Stock: 7, Price: $99.99, Category: Computer Mouse",False,nan,nan,nan,nan,nan,nan
Logitech G Pro X Superlight,direct,Logitech G Pro X Superlight is on Shelf F with stock 22 and unit price $149.99.,hybrid_70_30,0.7,0.3,5,29,0.4574882592884712,0.2,0.38024178150192983,60.77287292480469,"Item: Logitech Mouse Pad, Shelf: Shelf F, Shelf ID: F, Location: (8.776, 2.159, 0.003), Stock: 58, Price: $19.99, Category: Accessories",False,nan,nan,nan,nan,nan,nan
Logitech G Pro X Superlight,direct,Logitech G Pro X Superlight is on Shelf F with stock 22 and unit price $149.99.,hybrid_80_20,0.8,0.2,1,27,1.0,1.0,1.0,43.2562255859375,"Item: Logitech G Pro X Superlight, Shelf: Shelf F, Shelf ID: F, Location: (8.776, 2.159, 0.003), Stock: 22, Price: $149.99, Category: Gaming Mouse",False,nan,nan,nan,nan,nan,nan
Logitech G Pro X Superlight,direct,Logitech G Pro X Superlight is on Shelf F with stock 22 and unit price $149.99.,hybrid_80_20,0.8,0.2,2,26,0.6070762328029587,0.2,0.525660986242367,54.694637298583984,"Item: Logitech MX Keys, Shelf: Shelf F, Shelf ID: F, Location: (8.776, 2.159, 0.003), Stock: 14, Price: $99.99, Category: Keyboards",False,nan,nan,nan,nan,nan,nan
Logitech G Pro X Superlight,direct,Logitech G Pro X Superlight is on Shelf F with stock 22 and unit price $149.99.,hybrid_80_20,0.8,0.2,3,28,0.5654814135000839,0.2,0.4923851308000671,56.261329650878906,"Item: Logitech Webcam C920, Shelf: Shelf F, Shelf ID: F, Location: (8.776, 2.159, 0.003), Stock: 31, Price: $69.99, Category: Webcams",False,nan,nan,nan,nan,nan,nan
Logitech G Pro X Superlight,direct,Logitech G Pro X Superlight is on Shelf F with stock 22 and unit price $149.99.,hybrid_80_20,0.8,0.2,4,25,0.563384810108826,0.2,0.4907078480870608,56.34263610839844,"Item: Logitech MX Master 3, Shelf: Shelf F, Shelf ID: F, Location: (8.776, 2.159, 0.003), Stock: 7, Price: $99.99, Category: Computer Mouse",False,nan,nan,nan,nan,nan,nan
Logitech G Pro X Superlight,direct,Logitech G Pro X Superlight is on Shelf F with stock 22 and unit price $149.99.,hybrid_80_20,0.8,0.2,5,29,0.4574882592884712,0.2,0.405990607430777,60.77287292480469,"Item: Logitech Mouse Pad, Shelf: Shelf F, Shelf ID: F, Location: (8.776, 2.159, 0.003), Stock: 58, Price: $19.99, Category: Accessories",False,nan,nan,nan,nan,nan,nan
Logitech Webcam C920,direct,Logitech Webcam C920 is on Shelf F with stock 31 and unit price $69.99.,semantic_only,1.0,0.0,1,28,1.0,1.0,1.0,35.943153381347656,"Item: Logitech Webcam C920, Shelf: Shelf F, Shelf ID: F, Location: (8.776, 2.159, 0.003), Stock: 31, Price: $69.99, Category: Webcams",False,nan,nan,nan,nan,nan,nan
Logitech Webcam C920,direct,Logitech Webcam C920 is on Shelf F with stock 31 and unit price $69.99.,semantic_only,1.0,0.0,2,39,0.3343917378374054,0.0,0.3343917378374054,61.01161193847656,"Source: Safety Manual, Chunk 5
SECTION 5: SECURITY & ACCESS CONTROL
-------------------------------------
- Entry to the warehouse requires ID badge scans.
- All doors auto-lock after 8:00 PM.
- Visitors must be logged in at the front desk and accompanied at all times.
- Security footage is retained for 30 days and reviewed weekly.",False,nan,nan,nan,nan,nan,nan
Logitech Webcam C920,direct,Logitech Webcam C920 is on Shelf F with stock 31 and unit price $69.99.,semantic_only,1.0,0.0,3,44,0.3187384454736885,0.0,0.3187384454736885,62.01724624633789,"Source: Safety Manual, Chunk 10
SECTION 4: VISITOR PROTOCOL
All visitors must sign in at the security desk and wear visitor badges.
Visitors must be escorted by a warehouse employee at all times.
PPE is required for visitors entering the warehouse floor.
Visits should be scheduled at least 24 hours in advance.",False,nan,nan,nan,nan,nan,nan
Logitech Webcam C920,direct,Logitech Webcam C920 is on Shelf F with stock 31 and unit price $69.99.,semantic_only,1.0,0.0,4,27,0.3051872141756236,0.3333333333333333,0.3051872141756236,62.91455078125,"Item: Logitech G Pro X Superlight, Shelf: Shelf F, Shelf ID: F, Location: (8.776, 2.159, 0.003), Stock: 22, Price: $149.99, Category: Gaming Mouse",False,nan,nan,nan,nan,nan,nan
Logitech Webcam C920,direct,Logitech Webcam C920 is on Shelf F with stock 31 and unit price $69.99.,semantic_only,1.0,0.0,5,26,0.28229595486159975,0.3333333333333333,0.28229595486159975,64.48978424072266,"Item: Logitech MX Keys, Shelf: Shelf F, Shelf ID: F, Location: (8.776, 2.159, 0.003), Stock: 14, Price: $99.99, Category: Keyboards",False,nan,nan,nan,nan,nan,nan
Logitech Webcam C920,direct,Logitech Webcam C920 is on Shelf F with stock 31 and unit price $69.99.,keyword_only,0.0,1.0,1,28,1.0,1.0,1.0,35.943153381347656,"Item: Logitech Webcam C920, Shelf: Shelf F, Shelf ID: F, Location: (8.776, 2.159, 0.003), Stock: 31, Price: $69.99, Category: Webcams",False,nan,nan,nan,nan,nan,nan
Logitech Webcam C920,direct,Logitech Webcam C920 is on Shelf F with stock 31 and unit price $69.99.,keyword_only,0.0,1.0,2,25,0.27696300009079117,0.3333333333333333,0.3333333333333333,64.86798095703125,"Item: Logitech MX Master 3, Shelf: Shelf F, Shelf ID: F, Location: (8.776, 2.159, 0.003), Stock: 7, Price: $99.99, Category: Computer Mouse",False,nan,nan,nan,nan,nan,nan
Logitech Webcam C920,direct,Logitech Webcam C920 is on Shelf F with stock 31 and unit price $69.99.,keyword_only,0.0,1.0,3,26,0.28229595486159975,0.3333333333333333,0.3333333333333333,64.48978424072266,"Item: Logitech MX Keys, Shelf: Shelf F, Shelf ID: F, Location: (8.776, 2.159, 0.003), Stock: 14, Price: $99.99, Category: Keyboards",False,nan,nan,nan,nan,nan,nan
Logitech Webcam C920,direct,Logitech Webcam C920 is on Shelf F with stock 31 and unit price $69.99.,keyword_only,0.0,1.0,4,27,0.3051872141756236,0.3333333333333333,0.3333333333333333,62.91455078125,"Item: Logitech G Pro X Superlight, Shelf: Shelf F, Shelf ID: F, Location: (8.776, 2.159, 0.003), Stock: 22, Price: $149.99, Category: Gaming Mouse",False,nan,nan,nan,nan,nan,nan
Logitech Webcam C920,direct,Logitech Webcam C920 is on Shelf F with stock 31 and unit price $69.99.,keyword_only,0.0,1.0,5,29,0.21401485866444028,0.3333333333333333,0.3333333333333333,69.68628692626953,"Item: Logitech Mouse Pad, Shelf: Shelf F, Shelf ID: F, Location: (8.776, 2.159, 0.003), Stock: 58, Price: $19.99, Category: Accessories",False,nan,nan,nan,nan,nan,nan
Logitech Webcam C920,direct,Logitech Webcam C920 is on Shelf F with stock 31 and unit price $69.99.,hybrid_50_50,0.5,0.5,1,28,1.0,1.0,1.0,35.943153381347656,"Item: Logitech Webcam C920, Shelf: Shelf F, Shelf ID: F, Location: (8.776, 2.159, 0.003), Stock: 31, Price: $69.99, Category: Webcams",False,nan,nan,nan,nan,nan,nan
Logitech Webcam C920,direct,Logitech Webcam C920 is on Shelf F with stock 31 and unit price $69.99.,hybrid_50_50,0.5,0.5,2,27,0.3051872141756236,0.3333333333333333,0.31926027375447846,62.91455078125,"Item: Logitech G Pro X Superlight, Shelf: Shelf F, Shelf ID: F, Location: (8.776, 2.159, 0.003), Stock: 22, Price: $149.99, Category: Gaming Mouse",False,nan,nan,nan,nan,nan,nan
Logitech Webcam C920,direct,Logitech Webcam C920 is on Shelf F with stock 31 and unit price $69.99.,hybrid_50_50,0.5,0.5,3,26,0.28229595486159975,0.3333333333333333,0.3078146440974665,64.48978424072266,"Item: Logitech MX Keys, Shelf: Shelf F, Shelf ID: F, Location: (8.776, 2.159, 0.003), Stock: 14, Price: $99.99, Category: Keyboards",False,nan,nan,nan,nan,nan,nan
Logitech Webcam C920,direct,Logitech Webcam C920 is on Shelf F with stock 31 and unit price $69.99.,hybrid_50_50,0.5,0.5,4,25,0.27696300009079117,0.3333333333333333,0.30514816671206224,64.86798095703125,"Item: Logitech MX Master 3, Shelf: Shelf F, Shelf ID: F, Location: (8.776, 2.159, 0.003), Stock: 7, Price: $99.99, Category: Computer Mouse",False,nan,nan,nan,nan,nan,nan
Logitech Webcam C920,direct,Logitech Webcam C920 is on Shelf F with stock 31 and unit price $69.99.,hybrid_50_50,0.5,0.5,5,29,0.21401485866444028,0.3333333333333333,0.2736740959988868,69.68628692626953,"Item: Logitech Mouse Pad, Shelf: Shelf F, Shelf ID: F, Location: (8.776, 2.159, 0.003), Stock: 58, Price: $19.99, Category: Accessories",False,nan,nan,nan,nan,nan,nan
Logitech Webcam C920,direct,Logitech Webcam C920 is on Shelf F with stock 31 and unit price $69.99.,hybrid_60_40,0.6,0.4,1,28,1.0,1.0,1.0,35.943153381347656,"Item: Logitech Webcam C920, Shelf: Shelf F, Shelf ID: F, Location: (8.776, 2.159, 0.003), Stock: 31, Price: $69.99, Category: Webcams",False,nan,nan,nan,nan,nan,nan
Logitech Webcam C920,direct,Logitech Webcam C920 is on Shelf F with stock 31 and unit price $69.99.,hybrid_60_40,0.6,0.4,2,27,0.3051872141756236,0.3333333333333333,0.3164456618387075,62.91455078125,"Item: Logitech G Pro X Superlight, Shelf: Shelf F, Shelf ID: F, Location: (8.776, 2.159, 0.003), Stock: 22, Price: $149.99, Category: Gaming Mouse",False,nan,nan,nan,nan,nan,nan
Logitech Webcam C920,direct,Logitech Webcam C920 is on Shelf F with stock 31 and unit price $69.99.,hybrid_60_40,0.6,0.4,3,26,0.28229595486159975,0.3333333333333333,0.3027109062502932,64.48978424072266,"Item: Logitech MX Keys, Shelf: Shelf F, Shelf ID: F, Location: (8.776, 2.159, 0.003), Stock: 14, Price: $99.99, Category: Keyboards",False,nan,nan,nan,nan,nan,nan
Logitech Webcam C920,direct,Logitech Webcam C920 is on Shelf F with stock 31 and unit price $69.99.,hybrid_60_40,0.6,0.4,4,25,0.27696300009079117,0.3333333333333333,0.299511133387808,64.86798095703125,"Item: Logitech MX Master 3, Shelf: Shelf F, Shelf ID: F, Location: (8.776, 2.159, 0.003), Stock: 7, Price: $99.99, Category: Computer Mouse",False,nan,nan,nan,nan,nan,nan
Logitech Webcam C920,direct,Logitech Webcam C920 is on Shelf F with stock 31 and unit price $69.99.,hybrid_60_40,0.6,0.4,5,29,0.21401485866444028,0.3333333333333333,0.26174224853199746,69.68628692626953,"Item: Logitech Mouse Pad, Shelf: Shelf F, Shelf ID: F, Location: (8.776, 2.159, 0.003), Stock: 58, Price: $19.99, Category: Accessories",False,nan,nan,nan,nan,nan,nan
Logitech Webcam C920,direct,Logitech Webcam C920 is on Shelf F with stock 31 and unit price $69.99.,hybrid_70_30,0.7,0.3,1,28,1.0,1.0,1.0,35.943153381347656,"Item: Logitech Webcam C920, Shelf: Shelf F, Shelf ID: F, Location: (8.776, 2.159, 0.003), Stock: 31, Price: $69.99, Category: Webcams",False,nan,nan,nan,nan,nan,nan
Logitech Webcam C920,direct,Logitech Webcam C920 is on Shelf F with stock 31 and unit price $69.99.,hybrid_70_30,0.7,0.3,2,27,0.3051872141756236,0.3333333333333333,0.3136310499229365,62.91455078125,"Item: Logitech G Pro X Superlight, Shelf: Shelf F, Shelf ID: F, Location: (8.776, 2.159, 0.003), Stock: 22, Price: $149.99, Category: Gaming Mouse",False,nan,nan,nan,nan,nan,nan
Logitech Webcam C920,direct,Logitech Webcam C920 is on Shelf F with stock 31 and unit price $69.99.,hybrid_70_30,0.7,0.3,3,26,0.28229595486159975,0.3333333333333333,0.2976071684031198,64.48978424072266,"Item: Logitech MX Keys, Shelf: Shelf F, Shelf ID: F, Location: (8.776, 2.159, 0.003), Stock: 14, Price: $99.99, Category: Keyboards",False,nan,nan,nan,nan,nan,nan
Logitech Webcam C920,direct,Logitech Webcam C920 is on Shelf F with stock 31 and unit price $69.99.,hybrid_70_30,0.7,0.3,4,25,0.27696300009079117,0.3333333333333333,0.2938741000635538,64.86798095703125,"Item: Logitech MX Master 3, Shelf: Shelf F, Shelf ID: F, Location: (8.776, 2.159, 0.003), Stock: 7, Price: $99.99, Category: Computer Mouse",False,nan,nan,nan,nan,nan,nan
Logitech Webcam C920,direct,Logitech Webcam C920 is on Shelf F with stock 31 and unit price $69.99.,hybrid_70_30,0.7,0.3,5,29,0.21401485866444028,0.3333333333333333,0.24981040106510816,69.68628692626953,"Item: Logitech Mouse Pad, Shelf: Shelf F, Shelf ID: F, Location: (8.776, 2.159, 0.003), Stock: 58, Price: $19.99, Category: Accessories",False,nan,nan,nan,nan,nan,nan
Logitech Webcam C920,direct,Logitech Webcam C920 is on Shelf F with stock 31 and unit price $69.99.,hybrid_80_20,0.8,0.2,1,28,1.0,1.0,1.0,35.943153381347656,"Item: Logitech Webcam C920, Shelf: Shelf F, Shelf ID: F, Location: (8.776, 2.159, 0.003), Stock: 31, Price: $69.99, Category: Webcams",False,nan,nan,nan,nan,nan,nan
Logitech Webcam C920,direct,Logitech Webcam C920 is on Shelf F with stock 31 and unit price $69.99.,hybrid_80_20,0.8,0.2,2,27,0.3051872141756236,0.3333333333333333,0.3108164380071656,62.91455078125,"Item: Logitech G Pro X Superlight, Shelf: Shelf F, Shelf ID: F, Location: (8.776, 2.159, 0.003), Stock: 22, Price: $149.99, Category: Gaming Mouse",False,nan,nan,nan,nan,nan,nan
Logitech Webcam C920,direct,Logitech Webcam C920 is on Shelf F with stock 31 and unit price $69.99.,hybrid_80_20,0.8,0.2,3,26,0.28229595486159975,0.3333333333333333,0.29250343055594646,64.48978424072266,"Item: Logitech MX Keys, Shelf: Shelf F, Shelf ID: F, Location: (8.776, 2.159, 0.003), Stock: 14, Price: $99.99, Category: Keyboards",False,nan,nan,nan,nan,nan,nan
Logitech Webcam C920,direct,Logitech Webcam C920 is on Shelf F with stock 31 and unit price $69.99.,hybrid_80_20,0.8,0.2,4,25,0.27696300009079117,0.3333333333333333,0.2882370667392996,64.86798095703125,"Item: Logitech MX Master 3, Shelf: Shelf F, Shelf ID: F, Location: (8.776, 2.159, 0.003), Stock: 7, Price: $99.99, Category: Computer Mouse",False,nan,nan,nan,nan,nan,nan
Logitech Webcam C920,direct,Logitech Webcam C920 is on Shelf F with stock 31 and unit price $69.99.,hybrid_80_20,0.8,0.2,5,39,0.3343917378374054,0.0,0.2675133902699243,61.01161193847656,"Source: Safety Manual, Chunk 5
SECTION 5: SECURITY & ACCESS CONTROL
-------------------------------------
- Entry to the warehouse requires ID badge scans.
- All doors auto-lock after 8:00 PM.
- Visitors must be logged in at the front desk and accompanied at all times.
- Security footage is retained for 30 days and reviewed weekly.",False,nan,nan,nan,nan,nan,nan
PlayStation VR2,direct,PlayStation VR2 is on Shelf G with stock 12 and unit price $549.99.,semantic_only,1.0,0.0,1,32,1.0,1.0,1.0,33.928199768066406,"Item: PlayStation VR2, Shelf: Shelf G, Shelf ID: G, Location: (6.213, 3.981, 0.001), Stock: 12, Price: $549.99, Category: Virtual Reality",False,nan,nan,nan,nan,nan,nan
PlayStation VR2,direct,PlayStation VR2 is on Shelf G with stock 12 and unit price $549.99.,semantic_only,1.0,0.0,2,31,0.5747296646773133,0.5,0.5747296646773133,47.78529739379883,"Item: PlayStation DualSense Controller, Shelf: Shelf G, Shelf ID: G, Location: (6.213, 3.981, 0.001), Stock: 45, Price: $69.99, Category: Controllers",False,nan,nan,nan,nan,nan,nan
PlayStation VR2,direct,PlayStation VR2 is on Shelf G with stock 12 and unit price $549.99.,semantic_only,1.0,0.0,3,30,0.44229722069197985,0.5,0.44229722069197985,54.662071228027344,"Item: Sony PlayStation 5, Shelf: Shelf G, Shelf ID: G, Location: (6.213, 3.981, 0.001), Stock: 99, Price: $499.99, Category: Gaming Consoles",False,nan,nan,nan,nan,nan,nan
PlayStation VR2,direct,PlayStation VR2 is on Shelf G with stock 12 and unit price $549.99.,semantic_only,1.0,0.0,4,34,0.41444292821578393,0.5,0.41444292821578393,56.362754821777344,"Item: PlayStation Charging Station, Shelf: Shelf G, Shelf ID: G, Location: (6.213, 3.981, 0.001), Stock: 27, Price: $29.99, Category: Accessories",False,nan,nan,nan,nan,nan,nan
PlayStation VR2,direct,PlayStation VR2 is on Shelf G with stock 12 and unit price $549.99.,semantic_only,1.0,0.0,5,33,0.40752649386249273,0.5,0.40752649386249273,56.80127716064453,"Item: PlayStation 5 Games Bundle, Shelf: Shelf G, Shelf ID: G, Location: (6.213, 3.981, 0.001), Stock: 6, Price: $59.99, Category: Software",False,nan,nan,nan,nan,nan,nan
PlayStation VR2,direct,PlayStation VR2 is on Shelf G with stock 12 and unit price $549.99.,keyword_only,0.0,1.0,1,32,1.0,1.0,1.0,33.928199768066406,"Item: PlayStation VR2, Shelf: Shelf G, Shelf ID: G, Location: (6.213, 3.981, 0.001), Stock: 12, Price: $549.99, Category: Virtual Reality",False,nan,nan,nan,nan,nan,nan
PlayStation VR2,direct,PlayStation VR2 is on Shelf G with stock 12 and unit price $549.99.,keyword_only,0.0,1.0,2,30,0.44229722069197985,0.5,0.5,54.662071228027344,"Item: Sony PlayStation 5, Shelf: Shelf G, Shelf ID: G, Location: (6.213, 3.981, 0.001), Stock: 99, Price: $499.99, Category: Gaming Consoles",False,nan,nan,nan,nan,nan,nan
PlayStation VR2,direct,PlayStation VR2 is on Shelf G with stock 12 and unit price $549.99.,keyword_only,0.0,1.0,3,31,0.5747296646773133,0.5,0.5,47.78529739379883,"Item: PlayStation DualSense Controller, Shelf: Shelf G, Shelf ID: G, Location: (6.213, 3.981, 0.001), Stock: 45, Price: $69.99, Category: Controllers",False,nan,nan,nan,nan,nan,nan
PlayStation VR2,direct,PlayStation VR2 is on Shelf G with stock 12 and unit price $549.99.,keyword_only,0.0,1.0,4,33,0.40752649386249273,0.5,0.5,56.80127716064453,"Item: PlayStation 5 Games Bundle, Shelf: Shelf G, Shelf ID: G, Location: (6.213, 3.981, 0.001), Stock: 6, Price: $59.99, Category: Software",False,nan,nan,nan,nan,nan,nan
PlayStation VR2,direct,PlayStation VR2 is on Shelf G with stock 12 and unit price $549.99.,keyword_only,0.0,1.0,5,34,0.41444292821578393,0.5,0.5,56.362754821777344,"Item: PlayStation Charging Station, Shelf: Shelf G, Shelf ID: G, Location: (6.213, 3.981, 0.001), Stock: 27, Price: $29.99, Category: Accessories",False,nan,nan,nan,nan,nan,nan
PlayStation VR2,direct,PlayStation VR2 is on Shelf G with stock 12 and unit price $549.99.,hybrid_50_50,0.5,0.5,1,32,1.0,1.0,1.0,33.928199768066406,"Item: PlayStation VR2, Shelf: Shelf G, Shelf ID: G, Location: (6.213, 3.981, 0.001), Stock: 12, Price: $549.99, Category: Virtual Reality",False,nan,nan,nan,nan,nan,nan
PlayStation VR2,direct,PlayStation VR2 is on Shelf G with stock 12 and unit price $549.99.,hybrid_50_50,0.5,0.5,2,31,0.5747296646773133,0.5,0.5373648323386566,47.78529739379883,"Item: PlayStation DualSense Controller, Shelf: Shelf G, Shelf ID: G, Location: (6.213, 3.981, 0.001), Stock: 45, Price: $69.99, Category: Controllers",False,nan,nan,nan,nan,nan,nan
PlayStation VR2,direct,PlayStation VR2 is on Shelf G with stock 12 and unit price $549.99.,hybrid_50_50,0.5,0.5,3,30,0.44229722069197985,0.5,0.4711486103459899,54.662071228027344,"Item: Sony PlayStation 5, Shelf: Shelf G, Shelf ID: G, Location: (6.213, 3.981, 0.001), Stock: 99, Price: $499.99, Category: Gaming Consoles",False,nan,nan,nan,nan,nan,nan
PlayStation VR2,direct,PlayStation VR2 is on Shelf G with stock 12 and unit price $549.99.,hybrid_50_50,0.5,0.5,4,34,0.41444292821578393,0.5,0.457221464107892,56.362754821777344,"Item: PlayStation Charging Station, Shelf: Shelf G, Shelf ID: G, Location: (6.213, 3.981, 0.001), Stock: 27, Price: $29.99, Category: Accessories",False,nan,nan,nan,nan,nan,nan
PlayStation VR2,direct,PlayStation VR2 is on Shelf G with stock 12 and unit price $549.99.,hybrid_50_50,0.5,0.5,5,33,0.40752649386249273,0.5,0.45376324693124637,56.80127716064453,"Item: PlayStation 5 Games Bundle, Shelf: Shelf G, Shelf ID: G, Location: (6.213, 3.981, 0.001), Stock: 6, Price: $59.99, Category: Software",False,nan,nan,nan,nan,nan,nan
PlayStation VR2,direct,PlayStation VR2 is on Shelf G with stock 12 and unit price $549.99.,hybrid_60_40,0.6,0.4,1,32,1.0,1.0,1.0,33.928199768066406,"Item: PlayStation VR2, Shelf: Shelf G, Shelf ID: G, Location: (6.213, 3.981, 0.001), Stock: 12, Price: $549.99, Category: Virtual Reality",False,nan,nan,nan,nan,nan,nan
PlayStation VR2,direct,PlayStation VR2 is on Shelf G with stock 12 and unit price $549.99.,hybrid_60_40,0.6,0.4,2,31,0.5747296646773133,0.5,0.5448377988063879,47.78529739379883,"Item: PlayStation DualSense Controller, Shelf: Shelf G, Shelf ID: G, Location: (6.213, 3.981, 0.001), Stock: 45, Price: $69.99, Category: Controllers",False,nan,nan,nan,nan,nan,nan
PlayStation VR2,direct,PlayStation VR2 is on Shelf G with stock 12 and unit price $549.99.,hybrid_60_40,0.6,0.4,3,30,0.44229722069197985,0.5,0.4653783324151879,54.662071228027344,"Item: Sony PlayStation 5, Shelf: Shelf G, Shelf ID: G, Location: (6.213, 3.981, 0.001), Stock: 99, Price: $499.99, Category: Gaming Consoles",False,nan,nan,nan,nan,nan,nan
PlayStation VR2,direct,PlayStation VR2 is on Shelf G with stock 12 and unit price $549.99.,hybrid_60_40,0.6,0.4,4,34,0.41444292821578393,0.5,0.44866575692947036,56.362754821777344,"Item: PlayStation Charging Station, Shelf: Shelf G, Shelf ID: G, Location: (6.213, 3.981, 0.001), Stock: 27, Price: $29.99, Category: Accessories",False,nan,nan,nan,nan,nan,nan
PlayStation VR2,direct,PlayStation VR2 is on Shelf G with stock 12 and unit price $549.99.,hybrid_60_40,0.6,0.4,5,33,0.40752649386249273,0.5,0.44451589631749566,56.80127716064453,"Item: PlayStation 5 Games Bundle, Shelf: Shelf G, Shelf ID: G, Location: (6.213, 3.981, 0.001), Stock: 6, Price: $59.99, Category: Software",False,nan,nan,nan,nan,nan,nan
PlayStation VR2,direct,PlayStation VR2 is on Shelf G with stock 12 and unit price $549.99.,hybrid_70_30,0.7,0.3,1,32,1.0,1.0,1.0,33.928199768066406,"Item: PlayStation VR2, Shelf: Shelf G, Shelf ID: G, Location: (6.213, 3.981, 0.001), Stock: 12, Price: $549.99, Category: Virtual Reality",False,nan,nan,nan,nan,nan,nan
PlayStation VR2,direct,PlayStation VR2 is on Shelf G with stock 12 and unit price $549.99.,hybrid_70_30,0.7,0.3,2,31,0.5747296646773133,0.5,0.5523107652741193,47.78529739379883,"Item: PlayStation DualSense Controller, Shelf: Shelf G, Shelf ID: G, Location: (6.213, 3.981, 0.001), Stock: 45, Price: $69.99, Category: Controllers",False,nan,nan,nan,nan,nan,nan
PlayStation VR2,direct,PlayStation VR2 is on Shelf G with stock 12 and unit price $549.99.,hybrid_70_30,0.7,0.3,3,30,0.44229722069197985,0.5,0.4596080544843859,54.662071228027344,"Item: Sony PlayStation 5, Shelf: Shelf G, Shelf ID: G, Location: (6.213, 3.981, 0.001), Stock: 99, Price: $499.99, Category: Gaming Consoles",False,nan,nan,nan,nan,nan,nan
PlayStation VR2,direct,PlayStation VR2 is on Shelf G with stock 12 and unit price $549.99.,hybrid_70_30,0.7,0.3,4,34,0.41444292821578393,0.5,0.4401100497510487,56.362754821777344,"Item: PlayStation Charging Station, Shelf: Shelf G, Shelf ID: G, Location: (6.213, 3.981, 0.001), Stock: 27, Price: $29.99, Category: Accessories",False,nan,nan,nan,nan,nan,nan
PlayStation VR2,direct,PlayStation VR2 is on Shelf G with stock 12 and unit price $549.99.,hybrid_70_30,0.7,0.3,5,33,0.40752649386249273,0.5,0.43526854570374485,56.80127716064453,"Item: PlayStation 5 Games Bundle, Shelf: Shelf G, Shelf ID: G, Location: (6.213, 3.981, 0.001), Stock: 6, Price: $59.99, Category: Software",False,nan,nan,nan,nan,nan,nan
PlayStation VR2,direct,PlayStation VR2 is on Shelf G with stock 12 and unit price $549.99.,hybrid_80_20,0.8,0.2,1,32,1.0,1.0,1.0,33.928199768066406,"Item: PlayStation VR2, Shelf: Shelf G, Shelf ID: G, Location: (6.213, 3.981, 0.001), Stock: 12, Price: $549.99, Category: Virtual Reality",False,nan,nan,nan,nan,nan,nan
PlayStation VR2,direct,PlayStation VR2 is on Shelf G with stock 12 and unit price $549.99.,hybrid_80_20,0.8,0.2,2,31,0.5747296646773133,0.5,0.5597837317418507,47.78529739379883,"Item: PlayStation DualSense Controller, Shelf: Shelf G, Shelf ID: G, Location: (6.213, 3.981, 0.001), Stock: 45, Price: $69.99, Category: Controllers",False,nan,nan,nan,nan,nan,nan
PlayStation VR2,direct,PlayStation VR2 is on Shelf G with stock 12 and unit price $549.99.,hybrid_80_20,0.8,0.2,3,30,0.44229722069197985,0.5,0.4538377765535839,54.662071228027344,"Item: Sony PlayStation 5, Shelf: Shelf G, Shelf ID: G, Location: (6.213, 3.981, 0.001), Stock: 99, Price: $499.99, Category: Gaming Consoles",False,nan,nan,nan,nan,nan,nan
PlayStation VR2,direct,PlayStation VR2 is on Shelf G with stock 12 and unit price $549.99.,hybrid_80_20,0.8,0.2,4,34,0.41444292821578393,0.5,0.43155434257262715,56.362754821777344,"Item: PlayStation Charging Station, Shelf: Shelf G, Shelf ID: G, Location: (6.213, 3.981, 0.001), Stock: 27, Price: $29.99, Category: Accessories",False,nan,nan,nan,nan,nan,nan
PlayStation VR2,direct,PlayStation VR2 is on Shelf G with stock 12 and unit price $549.99.,hybrid_80_20,0.8,0.2,5,33,0.40752649386249273,0.5,0.42602119508999425,56.80127716064453,"Item: PlayStation 5 Games Bundle, Shelf: Shelf G, Shelf ID: G, Location: (6.213, 3.981, 0.001), Stock: 6, Price: $59.99, Category: Software",False,nan,nan,nan,nan,nan,nan
PlayStation 5 Games Bundle,direct,PlayStation 5 Games Bundle is on Shelf G with stock 8 and unit price $59.99.,semantic_only,1.0,0.0,1,33,1.0,1.0,1.0,29.472089767456055,"Item: PlayStation 5 Games Bundle, Shelf: Shelf G, Shelf ID: G, Location: (6.213, 3.981, 0.001), Stock: 6, Price: $59.99, Category: Software",False,nan,nan,nan,nan,nan,nan
PlayStation 5 Games Bundle,direct,PlayStation 5 Games Bundle is on Shelf G with stock 8 and unit price $59.99.,semantic_only,1.0,0.0,2,30,0.69182432600016,0.5,0.69182432600016,37.93853759765625,"Item: Sony PlayStation 5, Shelf: Shelf G, Shelf ID: G, Location: (6.213, 3.981, 0.001), Stock: 99, Price: $499.99, Category: Gaming Consoles",False,nan,nan,nan,nan,nan,nan
PlayStation 5 Games Bundle,direct,PlayStation 5 Games Bundle is on Shelf G with stock 8 and unit price $59.99.,semantic_only,1.0,0.0,3,34,0.5768490272042107,0.25,0.5768490272042107,42.44163513183594,"Item: PlayStation Charging Station, Shelf: Shelf G, Shelf ID: G, Location: (6.213, 3.981, 0.001), Stock: 27, Price: $29.99, Category: Accessories",False,nan,nan,nan,nan,nan,nan
PlayStation 5 Games Bundle,direct,PlayStation 5 Games Bundle is on Shelf G with stock 8 and unit price $59.99.,semantic_only,1.0,0.0,4,31,0.5262449620265744,0.25,0.5262449620265744,44.77136993408203,"Item: PlayStation DualSense Controller, Shelf: Shelf G, Shelf ID: G, Location: (6.213, 3.981, 0.001), Stock: 45, Price: $69.99, Category: Controllers",False,nan,nan,nan,nan,nan,nan
PlayStation 5 Games Bundle,direct,PlayStation 5 Games Bundle is on Shelf G with stock 8 and unit price $59.99.,semantic_only,1.0,0.0,5,32,0.5089575793704575,0.25,0.5089575793704575,45.625587463378906,"Item: PlayStation VR2, Shelf: Shelf G, Shelf ID: G, Location: (6.213, 3.981, 0.001), Stock: 12, Price: $549.99, Category: Virtual Reality",False,nan,nan,nan,nan,nan,nan
PlayStation 5 Games Bundle,direct,PlayStation 5 Games Bundle is on Shelf G with stock 8 and unit price $59.99.,keyword_only,0.0,1.0,1,33,1.0,1.0,1.0,29.472089767456055,"Item: PlayStation 5 Games Bundle, Shelf: Shelf G, Shelf ID: G, Location: (6.213, 3.981, 0.001), Stock: 6, Price: $59.99, Category: Software",False,nan,nan,nan,nan,nan,nan
PlayStation 5 Games Bundle,direct,PlayStation 5 Games Bundle is on Shelf G with stock 8 and unit price $59.99.,keyword_only,0.0,1.0,2,30,0.69182432600016,0.5,0.5,37.93853759765625,"Item: Sony PlayStation 5, Shelf: Shelf G, Shelf ID: G, Location: (6.213, 3.981, 0.001), Stock: 99, Price: $499.99, Category: Gaming Consoles",False,nan,nan,nan,nan,nan,nan
PlayStation 5 Games Bundle,direct,PlayStation 5 Games Bundle is on Shelf G with stock 8 and unit price $59.99.,keyword_only,0.0,1.0,3,31,0.5262449620265744,0.25,0.25,44.77136993408203,"Item: PlayStation DualSense Controller, Shelf: Shelf G, Shelf ID: G, Location: (6.213, 3.981, 0.001), Stock: 45, Price: $69.99, Category: Controllers",False,nan,nan,nan,nan,nan,nan
PlayStation 5 Games Bundle,direct,PlayStation 5 Games Bundle is on Shelf G with stock 8 and unit price $59.99.,keyword_only,0.0,1.0,4,32,0.5089575793704575,0.25,0.25,45.625587463378906,"Item: PlayStation VR2, Shelf: Shelf G, Shelf ID: G, Location: (6.213, 3.981, 0.001), Stock: 12, Price: $549.99, Category: Virtual Reality",False,nan,nan,nan,nan,nan,nan
PlayStation 5 Games Bundle,direct,PlayStation 5 Games Bundle is on Shelf G with stock 8 and unit price $59.99.,keyword_only,0.0,1.0,5,34,0.5768490272042107,0.25,0.25,42.44163513183594,"Item: PlayStation Charging Station, Shelf: Shelf G, Shelf ID: G, Location: (6.213, 3.981, 0.001), Stock: 27, Price: $29.99, Category: Accessories",False,nan,nan,nan,nan,nan,nan
PlayStation 5 Games Bundle,direct,PlayStation 5 Games Bundle is on Shelf G with stock 8 and unit price $59.99.,hybrid_50_50,0.5,0.5,1,33,1.0,1.0,1.0,29.472089767456055,"Item: PlayStation 5 Games Bundle, Shelf: Shelf G, Shelf ID: G, Location: (6.213, 3.981, 0.001), Stock: 6, Price: $59.99, Category: Software",False,nan,nan,nan,nan,nan,nan
PlayStation 5 Games Bundle,direct,PlayStation 5 Games Bundle is on Shelf G with stock 8 and unit price $59.99.,hybrid_50_50,0.5,0.5,2,30,0.69182432600016,0.5,0.59591216300008,37.93853759765625,"Item: Sony PlayStation 5, Shelf: Shelf G, Shelf ID: G, Location: (6.213, 3.981, 0.001), Stock: 99, Price: $499.99, Category: Gaming Consoles",False,nan,nan,nan,nan,nan,nan
PlayStation 5 Games Bundle,direct,PlayStation 5 Games Bundle is on Shelf G with stock 8 and unit price $59.99.,hybrid_50_50,0.5,0.5,3,34,0.5768490272042107,0.25,0.41342451360210536,42.44163513183594,"Item: PlayStation Charging Station, Shelf: Shelf G, Shelf ID: G, Location: (6.213, 3.981, 0.001), Stock: 27, Price: $29.99, Category: Accessories",False,nan,nan,nan,nan,nan,nan
PlayStation 5 Games Bundle,direct,PlayStation 5 Games Bundle is on Shelf G with stock 8 and unit price $59.99.,hybrid_50_50,0.5,0.5,4,31,0.5262449620265744,0.25,0.3881224810132872,44.77136993408203,"Item: PlayStation DualSense Controller, Shelf: Shelf G, Shelf ID: G, Location: (6.213, 3.981, 0.001), Stock: 45, Price: $69.99, Category: Controllers",False,nan,nan,nan,nan,nan,nan
PlayStation 5 Games Bundle,direct,PlayStation 5 Games Bundle is on Shelf G with stock 8 and unit price $59.99.,hybrid_50_50,0.5,0.5,5,32,0.5089575793704575,0.25,0.37947878968522875,45.625587463378906,"Item: PlayStation VR2, Shelf: Shelf G, Shelf ID: G, Location: (6.213, 3.981, 0.001), Stock: 12, Price: $549.99, Category: Virtual Reality",False,nan,nan,nan,nan,nan,nan
PlayStation 5 Games Bundle,direct,PlayStation 5 Games Bundle is on Shelf G with stock 8 and unit price $59.99.,hybrid_60_40,0.6,0.4,1,33,1.0,1.0,1.0,29.472089767456055,"Item: PlayStation 5 Games Bundle, Shelf: Shelf G, Shelf ID: G, Location: (6.213, 3.981, 0.001), Stock: 6, Price: $59.99, Category: Software",False,nan,nan,nan,nan,nan,nan
PlayStation 5 Games Bundle,direct,PlayStation 5 Games Bundle is on Shelf G with stock 8 and unit price $59.99.,hybrid_60_40,0.6,0.4,2,30,0.69182432600016,0.5,0.6150945956000959,37.93853759765625,"Item: Sony PlayStation 5, Shelf: Shelf G, Shelf ID: G, Location: (6.213, 3.981, 0.001), Stock: 99, Price: $499.99, Category: Gaming Consoles",False,nan,nan,nan,nan,nan,nan
PlayStation 5 Games Bundle,direct,PlayStation 5 Games Bundle is on Shelf G with stock 8 and unit price $59.99.,hybrid_60_40,0.6,0.4,3,34,0.5768490272042107,0.25,0.44610941632252643,42.44163513183594,"Item: PlayStation Charging Station, Shelf: Shelf G, Shelf ID: G, Location: (6.213, 3.981, 0.001), Stock: 27, Price: $29.99, Category: Accessories",False,nan,nan,nan,nan,nan,nan
PlayStation 5 Games Bundle,direct,PlayStation 5 Games Bundle is on Shelf G with stock 8 and unit price $59.99.,hybrid_60_40,0.6,0.4,4,31,0.5262449620265744,0.25,0.41574697721594467,44.77136993408203,"Item: PlayStation DualSense Controller, Shelf: Shelf G, Shelf ID: G, Location: (6.213, 3.981, 0.001), Stock: 45, Price: $69.99, Category: Controllers",False,nan,nan,nan,nan,nan,nan
PlayStation 5 Games Bundle,direct,PlayStation 5 Games Bundle is on Shelf G with stock 8 and unit price $59.99.,hybrid_60_40,0.6,0.4,5,32,0.5089575793704575,0.25,0.40537454762227454,45.625587463378906,"Item: PlayStation VR2, Shelf: Shelf G, Shelf ID: G, Location: (6.213, 3.981, 0.001), Stock: 12, Price: $549.99, Category: Virtual Reality",False,nan,nan,nan,nan,nan,nan
PlayStation 5 Games Bundle,direct,PlayStation 5 Games Bundle is on Shelf G with stock 8 and unit price $59.99.,hybrid_70_30,0.7,0.3,1,33,1.0,1.0,1.0,29.472089767456055,"Item: PlayStation 5 Games Bundle, Shelf: Shelf G, Shelf ID: G, Location: (6.213, 3.981, 0.001), Stock: 6, Price: $59.99, Category: Software",False,nan,nan,nan,nan,nan,nan
PlayStation 5 Games Bundle,direct,PlayStation 5 Games Bundle is on Shelf G with stock 8 and unit price $59.99.,hybrid_70_30,0.7,0.3,2,30,0.69182432600016,0.5,0.6342770282001119,37.93853759765625,"Item: Sony PlayStation 5, Shelf: Shelf G, Shelf ID: G, Location: (6.213, 3.981, 0.001), Stock: 99, Price: $499.99, Category: Gaming Consoles",False,nan,nan,nan,nan,nan,nan
PlayStation 5 Games Bundle,direct,PlayStation 5 Games Bundle is on Shelf G with stock 8 and unit price $59.99.,hybrid_70_30,0.7,0.3,3,34,0.5768490272042107,0.25,0.4787943190429475,42.44163513183594,"Item: PlayStation Charging Station, Shelf: Shelf G, Shelf ID: G, Location: (6.213, 3.981, 0.001), Stock: 27, Price: $29.99, Category: Accessories",False,nan,nan,nan,nan,nan,nan
PlayStation 5 Games Bundle,direct,PlayStation 5 Games Bundle is on Shelf G with stock 8 and unit price $59.99.,hybrid_70_30,0.7,0.3,4,31,0.5262449620265744,0.25,0.4433714734186021,44.77136993408203,"Item: PlayStation DualSense Controller, Shelf: Shelf G, Shelf ID: G, Location: (6.213, 3.981, 0.001), Stock: 45, Price: $69.99, Category: Controllers",False,nan,nan,nan,nan,nan,nan
PlayStation 5 Games Bundle,direct,PlayStation 5 Games Bundle is on Shelf G with stock 8 and unit price $59.99.,hybrid_70_30,0.7,0.3,5,32,0.5089575793704575,0.25,0.4312703055593202,45.625587463378906,"Item: PlayStation VR2, Shelf: Shelf G, Shelf ID: G, Location: (6.213, 3.981, 0.001), Stock: 12, Price: $549.99, Category: Virtual Reality",False,nan,nan,nan,nan,nan,nan
PlayStation 5 Games Bundle,direct,PlayStation 5 Games Bundle is on Shelf G with stock 8 and unit price $59.99.,hybrid_80_20,0.8,0.2,1,33,1.0,1.0,1.0,29.472089767456055,"Item: PlayStation 5 Games Bundle, Shelf: Shelf G, Shelf ID: G, Location: (6.213, 3.981, 0.001), Stock: 6, Price: $59.99, Category: Software",False,nan,nan,nan,nan,nan,nan
PlayStation 5 Games Bundle,direct,PlayStation 5 Games Bundle is on Shelf G with stock 8 and unit price $59.99.,hybrid_80_20,0.8,0.2,2,30,0.69182432600016,0.5,0.653459460800128,37.93853759765625,"Item: Sony PlayStation 5, Shelf: Shelf G, Shelf ID: G, Location: (6.213, 3.981, 0.001), Stock: 99, Price: $499.99, Category: Gaming Consoles",False,nan,nan,nan,nan,nan,nan
PlayStation 5 Games Bundle,direct,PlayStation 5 Games Bundle is on Shelf G with stock 8 and unit price $59.99.,hybrid_80_20,0.8,0.2,3,34,0.5768490272042107,0.25,0.5114792217633686,42.44163513183594,"Item: PlayStation Charging Station, Shelf: Shelf G, Shelf ID: G, Location: (6.213, 3.981, 0.001), Stock: 27, Price: $29.99, Category: Accessories",False,nan,nan,nan,nan,nan,nan
PlayStation 5 Games Bundle,direct,PlayStation 5 Games Bundle is on Shelf G with stock 8 and unit price $59.99.,hybrid_80_20,0.8,0.2,4,31,0.5262449620265744,0.25,0.47099596962125956,44.77136993408203,"Item: PlayStation DualSense Controller, Shelf: Shelf G, Shelf ID: G, Location: (6.213, 3.981, 0.001), Stock: 45, Price: $69.99, Category: Controllers",False,nan,nan,nan,nan,nan,nan
PlayStation 5 Games Bundle,direct,PlayStation 5 Games Bundle is on Shelf G with stock 8 and unit price $59.99.,hybrid_80_20,0.8,0.2,5,32,0.5089575793704575,0.25,0.457166063496366,45.625587463378906,"Item: PlayStation VR2, Shelf: Shelf G, Shelf ID: G, Location: (6.213, 3.981, 0.001), Stock: 12, Price: $549.99, Category: Virtual Reality",False,nan,nan,nan,nan,nan,nan
PlayStation Charging Station,direct,PlayStation Charging Station is on Shelf G with stock 27 and unit price $29.99.,semantic_only,1.0,0.0,1,34,1.0,1.0,1.0,36.89261245727539,"Item: PlayStation Charging Station, Shelf: Shelf G, Shelf ID: G, Location: (6.213, 3.981, 0.001), Stock: 27, Price: $29.99, Category: Accessories",False,nan,nan,nan,nan,nan,nan
PlayStation Charging Station,direct,PlayStation Charging Station is on Shelf G with stock 27 and unit price $29.99.,semantic_only,1.0,0.0,2,31,0.4715111100543778,0.3333333333333333,0.4715111100543778,55.65435028076172,"Item: PlayStation DualSense Controller, Shelf: Shelf G, Shelf ID: G, Location: (6.213, 3.981, 0.001), Stock: 45, Price: $69.99, Category: Controllers",False,nan,nan,nan,nan,nan,nan
PlayStation Charging Station,direct,PlayStation Charging Station is on Shelf G with stock 27 and unit price $29.99.,semantic_only,1.0,0.0,3,30,0.451353794674276,0.3333333333333333,0.451353794674276,56.74485778808594,"Item: Sony PlayStation 5, Shelf: Shelf G, Shelf ID: G, Location: (6.213, 3.981, 0.001), Stock: 99, Price: $499.99, Category: Gaming Consoles",False,nan,nan,nan,nan,nan,nan
PlayStation Charging Station,direct,PlayStation Charging Station is on Shelf G with stock 27 and unit price $29.99.,semantic_only,1.0,0.0,4,33,0.44041409063748344,0.3333333333333333,0.44041409063748344,57.354454040527344,"Item: PlayStation 5 Games Bundle, Shelf: Shelf G, Shelf ID: G, Location: (6.213, 3.981, 0.001), Stock: 6, Price: $59.99, Category: Software",False,nan,nan,nan,nan,nan,nan
PlayStation Charging Station,direct,PlayStation Charging Station is on Shelf G with stock 27 and unit price $29.99.,semantic_only,1.0,0.0,5,32,0.37576719050577,0.3333333333333333,0.37576719050577,61.237030029296875,"Item: PlayStation VR2, Shelf: Shelf G, Shelf ID: G, Location: (6.213, 3.981, 0.001), Stock: 12, Price: $549.99, Category: Virtual Reality",False,nan,nan,nan,nan,nan,nan
PlayStation Charging Station,direct,PlayStation Charging Station is on Shelf G with stock 27 and unit price $29.99.,keyword_only,0.0,1.0,1,34,1.0,1.0,1.0,36.89261245727539,"Item: PlayStation Charging Station, Shelf: Shelf G, Shelf ID: G, Location: (6.213, 3.981, 0.001), Stock: 27, Price: $29.99, Category: Accessories",False,nan,nan,nan,nan,nan,nan
PlayStation Charging Station,direct,PlayStation Charging Station is on Shelf G with stock 27 and unit price $29.99.,keyword_only,0.0,1.0,2,3,0.28576648437793767,0.3333333333333333,0.3333333333333333,67.5904541015625,"Item: iPhone Charging Cable, Shelf: Shelf A, Shelf ID: A, Location: (-0.151, 2.203, 0.001), Stock: 45, Price: $19.99, Category: Accessories",False,nan,nan,nan,nan,nan,nan
PlayStation Charging Station,direct,PlayStation Charging Station is on Shelf G with stock 27 and unit price $29.99.,keyword_only,0.0,1.0,3,30,0.451353794674276,0.3333333333333333,0.3333333333333333,56.74485778808594,"Item: Sony PlayStation 5, Shelf: Shelf G, Shelf ID: G, Location: (6.213, 3.981, 0.001), Stock: 99, Price: $499.99, Category: Gaming Consoles",False,nan,nan,nan,nan,nan,nan
PlayStation Charging Station,direct,PlayStation Charging Station is on Shelf G with stock 27 and unit price $29.99.,keyword_only,0.0,1.0,4,31,0.4715111100543778,0.3333333333333333,0.3333333333333333,55.65435028076172,"Item: PlayStation DualSense Controller, Shelf: Shelf G, Shelf ID: G, Location: (6.213, 3.981, 0.001), Stock: 45, Price: $69.99, Category: Controllers",False,nan,nan,nan,nan,nan,nan
PlayStation Charging Station,direct,PlayStation Charging Station is on Shelf G with stock 27 and unit price $29.99.,keyword_only,0.0,1.0,5,32,0.37576719050577,0.3333333333333333,0.3333333333333333,61.237030029296875,"Item: PlayStation VR2, Shelf: Shelf G, Shelf ID: G, Location: (6.213, 3.981, 0.001), Stock: 12, Price: $549.99, Category: Virtual Reality",False,nan,nan,nan,nan,nan,nan
PlayStation Charging Station,direct,PlayStation Charging Station is on Shelf G with stock 27 and unit price $29.99.,hybrid_50_50,0.5,0.5,1,34,1.0,1.0,1.0,36.89261245727539,"Item: PlayStation Charging Station, Shelf: Shelf G, Shelf ID: G, Location: (6.213, 3.981, 0.001), Stock: 27, Price: $29.99, Category: Accessories",False,nan,nan,nan,nan,nan,nan
PlayStation Charging Station,direct,PlayStation Charging Station is on Shelf G with stock 27 and unit price $29.99.,hybrid_50_50,0.5,0.5,2,31,0.4715111100543778,0.3333333333333333,0.40242222169385555,55.65435028076172,"Item: PlayStation DualSense Controller, Shelf: Shelf G, Shelf ID: G, Location: (6.213, 3.981, 0.001), Stock: 45, Price: $69.99, Category: Controllers",False,nan,nan,nan,nan,nan,nan
PlayStation Charging Station,direct,PlayStation Charging Station is on Shelf G with stock 27 and unit price $29.99.,hybrid_50_50,0.5,0.5,3,30,0.451353794674276,0.3333333333333333,0.39234356400380466,56.74485778808594,"Item: Sony PlayStation 5, Shelf: Shelf G, Shelf ID: G, Location: (6.213, 3.981, 0.001), Stock: 99, Price: $499.99, Category: Gaming Consoles",False,nan,nan,nan,nan,nan,nan
PlayStation Charging Station,direct,PlayStation Charging Station is on Shelf G with stock 27 and unit price $29.99.,hybrid_50_50,0.5,0.5,4,33,0.44041409063748344,0.3333333333333333,0.3868737119854084,57.354454040527344,"Item: PlayStation 5 Games Bundle, Shelf: Shelf G, Shelf ID: G, Location: (6.213, 3.981, 0.001), Stock: 6, Price: $59.99, Category: Software",False,nan,nan,nan,nan,nan,nan
PlayStation Charging Station,direct,PlayStation Charging Station is on Shelf G with stock 27 and unit price $29.99.,hybrid_50_50,0.5,0.5,5,32,0.37576719050577,0.3333333333333333,0.35455026191955163,61.237030029296875,"Item: PlayStation VR2, Shelf: Shelf G, Shelf ID: G, Location: (6.213, 3.981, 0.001), Stock: 12, Price: $549.99, Category: Virtual Reality",False,nan,nan,nan,nan,nan,nan
PlayStation Charging Station,direct,PlayStation Charging Station is on Shelf G with stock 27 and unit price $29.99.,hybrid_60_40,0.6,0.4,1,34,1.0,1.0,1.0,36.89261245727539,"Item: PlayStation Charging Station, Shelf: Shelf G, Shelf ID: G, Location: (6.213, 3.981, 0.001), Stock: 27, Price: $29.99, Category: Accessories",False,nan,nan,nan,nan,nan,nan
PlayStation Charging Station,direct,PlayStation Charging Station is on Shelf G with stock 27 and unit price $29.99.,hybrid_60_40,0.6,0.4,2,31,0.4715111100543778,0.3333333333333333,0.41623999936596,55.65435028076172,"Item: PlayStation DualSense Controller, Shelf: Shelf G, Shelf ID: G, Location: (6.213, 3.981, 0.001), Stock: 45, Price: $69.99, Category: Controllers",False,nan,nan,nan,nan,nan,nan
PlayStation Charging Station,direct,PlayStation Charging Station is on Shelf G with stock 27 and unit price $29.99.,hybrid_60_40,0.6,0.4,3,30,0.451353794674276,0.3333333333333333,0.40414561013789896,56.74485778808594,"Item: Sony PlayStation 5, Shelf: Shelf G, Shelf ID: G, Location: (6.213, 3.981, 0.001), Stock: 99, Price: $499.99, Category: Gaming Consoles",False,nan,nan,nan,nan,nan,nan
PlayStation Charging Station,direct,PlayStation Charging Station is on Shelf G with stock 27 and unit price $29.99.,hybrid_60_40,0.6,0.4,4,33,0.44041409063748344,0.3333333333333333,0.3975817877158234,57.354454040527344,"Item: PlayStation 5 Games Bundle, Shelf: Shelf G, Shelf ID: G, Location: (6.213, 3.981, 0.001), Stock: 6, Price: $59.99, Category: Software",False,nan,nan,nan,nan,nan,nan
PlayStation Charging Station,direct,PlayStation Charging Station is on Shelf G with stock 27 and unit price $29.99.,hybrid_60_40,0.6,0.4,5,32,0.37576719050577,0.3333333333333333,0.35879364763679533,61.237030029296875,"Item: PlayStation VR2, Shelf: Shelf G, Shelf ID: G, Location: (6.213, 3.981, 0.001), Stock: 12, Price: $549.99, Category: Virtual Reality",False,nan,nan,nan,nan,nan,nan
PlayStation Charging Station,direct,PlayStation Charging Station is on Shelf G with stock 27 and unit price $29.99.,hybrid_70_30,0.7,0.3,1,34,1.0,1.0,1.0,36.89261245727539,"Item: PlayStation Charging Station, Shelf: Shelf G, Shelf ID: G, Location: (6.213, 3.981, 0.001), Stock: 27, Price: $29.99, Category: Accessories",False,nan,nan,nan,nan,nan,nan
PlayStation Charging Station,direct,PlayStation Charging Station is on Shelf G with stock 27 and unit price $29.99.,hybrid_70_30,0.7,0.3,2,31,0.4715111100543778,0.3333333333333333,0.4300577770380644,55.65435028076172,"Item: PlayStation DualSense Controller, Shelf: Shelf G, Shelf ID: G, Location: (6.213, 3.981, 0.001), Stock: 45, Price: $69.99, Category: Controllers",False,nan,nan,nan,nan,nan,nan
PlayStation Charging Station,direct,PlayStation Charging Station is on Shelf G with stock 27 and unit price $29.99.,hybrid_70_30,0.7,0.3,3,30,0.451353794674276,0.3333333333333333,0.41594765627199315,56.74485778808594,"Item: Sony PlayStation 5, Shelf: Shelf G, Shelf ID: G, Location: (6.213, 3.981, 0.001), Stock: 99, Price: $499.99, Category: Gaming Consoles",False,nan,nan,nan,nan,nan,nan
PlayStation Charging Station,direct,PlayStation Charging Station is on Shelf G with stock 27 and unit price $29.99.,hybrid_70_30,0.7,0.3,4,33,0.44041409063748344,0.3333333333333333,0.40828986344623835,57.354454040527344,"Item: PlayStation 5 Games Bundle, Shelf: Shelf G, Shelf ID: G, Location: (6.213, 3.981, 0.001), Stock: 6, Price: $59.99, Category: Software",False,nan,nan,nan,nan,nan,nan
PlayStation Charging Station,direct,PlayStation Charging Station is on Shelf G with stock 27 and unit price $29.99.,hybrid_70_30,0.7,0.3,5,32,0.37576719050577,0.3333333333333333,0.363037033354039,61.237030029296875,"Item: PlayStation VR2, Shelf: Shelf G, Shelf ID: G, Location: (6.213, 3.981, 0.001), Stock: 12, Price: $549.99, Category: Virtual Reality",False,nan,nan,nan,nan,nan,nan
PlayStation Charging Station,direct,PlayStation Charging Station is on Shelf G with stock 27 and unit price $29.99.,hybrid_80_20,0.8,0.2,1,34,1.0,1.0,1.0,36.89261245727539,"Item: PlayStation Charging Station, Shelf: Shelf G, Shelf ID: G, Location: (6.213, 3.981, 0.001), Stock: 27, Price: $29.99, Category: Accessories",False,nan,nan,nan,nan,nan,nan
PlayStation Charging Station,direct,PlayStation Charging Station is on Shelf G with stock 27 and unit price $29.99.,hybrid_80_20,0.8,0.2,2,31,0.4715111100543778,0.3333333333333333,0.44387555471016893,55.65435028076172,"Item: PlayStation DualSense Controller, Shelf: Shelf G, Shelf ID: G, Location: (6.213, 3.981, 0.001), Stock: 45, Price: $69.99, Category: Controllers",False,nan,nan,nan,nan,nan,nan
PlayStation Charging Station,direct,PlayStation Charging Station is on Shelf G with stock 27 and unit price $29.99.,hybrid_80_20,0.8,0.2,3,30,0.451353794674276,0.3333333333333333,0.42774970240608745,56.74485778808594,"Item: Sony PlayStation 5, Shelf: Shelf G, Shelf ID: G, Location: (6.213, 3.981, 0.001), Stock: 99, Price: $499.99, Category: Gaming Consoles",False,nan,nan,nan,nan,nan,nan
PlayStation Charging Station,direct,PlayStation Charging Station is on Shelf G with stock 27 and unit price $29.99.,hybrid_80_20,0.8,0.2,4,33,0.44041409063748344,0.3333333333333333,0.4189979391766534,57.354454040527344,"Item: PlayStation 5 Games Bundle, Shelf: Shelf G, Shelf ID: G, Location: (6.213, 3.981, 0.001), Stock: 6, Price: $59.99, Category: Software",False,nan,nan,nan,nan,nan,nan
PlayStation Charging Station,direct,PlayStation Charging Station is on Shelf G with stock 27 and unit price $29.99.,hybrid_80_20,0.8,0.2,5,32,0.37576719050577,0.3333333333333333,0.36728041907128267,61.237030029296875,"Item: PlayStation VR2, Shelf: Shelf G, Shelf ID: G, Location: (6.213, 3.981, 0.001), Stock: 12, Price: $549.99, Category: Virtual Reality",False,nan,nan,nan,nan,nan,nan
Bose Replacement Ear Pads,direct,Bose Replacement Ear Pads is on Shelf E with stock 36 and unit price $29.99.,semantic_only,1.0,0.0,1,24,1.0,1.0,1.0,32.7252197265625,"Item: Bose Replacement Ear Pads, Shelf: Shelf E, Shelf ID: E, Location: (6.865, 2.080, 0.000), Stock: 36, Price: $29.99, Category: Accessories",False,nan,nan,nan,nan,nan,nan
Bose Replacement Ear Pads,direct,Bose Replacement Ear Pads is on Shelf E with stock 36 and unit price $29.99.,semantic_only,1.0,0.0,2,21,0.4721080742369484,0.25,0.4721080742369484,51.477630615234375,"Item: Bose QuietComfort Ultra, Shelf: Shelf E, Shelf ID: E, Location: (6.865, 2.080, 0.000), Stock: 7, Price: $429.99, Category: Headphones",False,nan,nan,nan,nan,nan,nan
Bose Replacement Ear Pads,direct,Bose Replacement Ear Pads is on Shelf E with stock 36 and unit price $29.99.,semantic_only,1.0,0.0,3,20,0.47159131307063845,0.25,0.47159131307063845,51.50621032714844,"Item: Bose QuietComfort 45, Shelf: Shelf E, Shelf ID: E, Location: (6.865, 2.080, 0.000), Stock: 11, Price: $329.99, Category: Headphones",False,nan,nan,nan,nan,nan,nan
Bose Replacement Ear Pads,direct,Bose Replacement Ear Pads is on Shelf E with stock 36 and unit price $29.99.,semantic_only,1.0,0.0,4,22,0.40431345682921505,0.25,0.40431345682921505,55.51317596435547,"Item: Bose SoundLink Flex, Shelf: Shelf E, Shelf ID: E, Location: (6.865, 2.080, 0.000), Stock: 25, Price: $149.99, Category: Speakers",False,nan,nan,nan,nan,nan,nan
Bose Replacement Ear Pads,direct,Bose Replacement Ear Pads is on Shelf E with stock 36 and unit price $29.99.,semantic_only,1.0,0.0,5,12,0.31976026917994377,0.0,0.31976026917994377,61.50833511352539,"Item: Sony WF-1000XM5, Shelf: Shelf C, Shelf ID: C, Location: (3.265, 2.080, 0.001), Stock: 18, Price: $299.99, Category: Earbuds",False,nan,nan,nan,nan,nan,nan
Bose Replacement Ear Pads,direct,Bose Replacement Ear Pads is on Shelf E with stock 36 and unit price $29.99.,keyword_only,0.0,1.0,1,24,1.0,1.0,1.0,32.7252197265625,"Item: Bose Replacement Ear Pads, Shelf: Shelf E, Shelf ID: E, Location: (6.865, 2.080, 0.000), Stock: 36, Price: $29.99, Category: Accessories",False,nan,nan,nan,nan,nan,nan
Bose Replacement Ear Pads,direct,Bose Replacement Ear Pads is on Shelf E with stock 36 and unit price $29.99.,keyword_only,0.0,1.0,2,20,0.47159131307063845,0.25,0.25,51.50621032714844,"Item: Bose QuietComfort 45, Shelf: Shelf E, Shelf ID: E, Location: (6.865, 2.080, 0.000), Stock: 11, Price: $329.99, Category: Headphones",False,nan,nan,nan,nan,nan,nan
Bose Replacement Ear Pads,direct,Bose Replacement Ear Pads is on Shelf E with stock 36 and unit price $29.99.,keyword_only,0.0,1.0,3,21,0.4721080742369484,0.25,0.25,51.477630615234375,"Item: Bose QuietComfort Ultra, Shelf: Shelf E, Shelf ID: E, Location: (6.865, 2.080, 0.000), Stock: 7, Price: $429.99, Category: Headphones",False,nan,nan,nan,nan,nan,nan
Bose Replacement Ear Pads,direct,Bose Replacement Ear Pads is on Shelf E with stock 36 and unit price $29.99.,keyword_only,0.0,1.0,4,22,0.40431345682921505,0.25,0.25,55.51317596435547,"Item: Bose SoundLink Flex, Shelf: Shelf E, Shelf ID: E, Location: (6.865, 2.080, 0.000), Stock: 25, Price: $149.99, Category: Speakers",False,nan,nan,nan,nan,nan,nan
Bose Replacement Ear Pads,direct,Bose Replacement Ear Pads is on Shelf E with stock 36 and unit price $29.99.,keyword_only,0.0,1.0,5,23,0.2764304539149192,0.25,0.25,65.10186767578125,"Item: Bose Soundbar 600, Shelf: Shelf E, Shelf ID: E, Location: (6.865, 2.080, 0.000), Stock: 9, Price: $399.99, Category: Home Audio",False,nan,nan,nan,nan,nan,nan
Bose Replacement Ear Pads,direct,Bose Replacement Ear Pads is on Shelf E with stock 36 and unit price $29.99.,hybrid_50_50,0.5,0.5,1,24,1.0,1.0,1.0,32.7252197265625,"Item: Bose Replacement Ear Pads, Shelf: Shelf E, Shelf ID: E, Location: (6.865, 2.080, 0.000), Stock: 36, Price: $29.99, Category: Accessories",False,nan,nan,nan,nan,nan,nan
Bose Replacement Ear Pads,direct,Bose Replacement Ear Pads is on Shelf E with stock 36 and unit price $29.99.,hybrid_50_50,0.5,0.5,2,21,0.4721080742369484,0.25,0.36105403711847417,51.477630615234375,"Item: Bose QuietComfort Ultra, Shelf: Shelf E, Shelf ID: E, Location: (6.865, 2.080, 0.000), Stock: 7, Price: $429.99, Category: Headphones",False,nan,nan,nan,nan,nan,nan
Bose Replacement Ear Pads,direct,Bose Replacement Ear Pads is on Shelf E with stock 36 and unit price $29.99.,hybrid_50_50,0.5,0.5,3,20,0.47159131307063845,0.25,0.3607956565353192,51.50621032714844,"Item: Bose QuietComfort 45, Shelf: Shelf E, Shelf ID: E, Location: (6.865, 2.080, 0.000), Stock: 11, Price: $329.99, Category: Headphones",False,nan,nan,nan,nan,nan,nan
Bose Replacement Ear Pads,direct,Bose Replacement Ear Pads is on Shelf E with stock 36 and unit price $29.99.,hybrid_50_50,0.5,0.5,4,22,0.40431345682921505,0.25,0.3271567284146075,55.51317596435547,"Item: Bose SoundLink Flex, Shelf: Shelf E, Shelf ID: E, Location: (6.865, 2.080, 0.000), Stock: 25, Price: $149.99, Category: Speakers",False,nan,nan,nan,nan,nan,nan
Bose Replacement Ear Pads,direct,Bose Replacement Ear Pads is on Shelf E with stock 36 and unit price $29.99.,hybrid_50_50,0.5,0.5,5,23,0.2764304539149192,0.25,0.2632152269574596,65.10186767578125,"Item: Bose Soundbar 600, Shelf: Shelf E, Shelf ID: E, Location: (6.865, 2.080, 0.000), Stock: 9, Price: $399.99, Category: Home Audio",False,nan,nan,nan,nan,nan,nan
Bose Replacement Ear Pads,direct,Bose Replacement Ear Pads is on Shelf E with stock 36 and unit price $29.99.,hybrid_60_40,0.6,0.4,1,24,1.0,1.0,1.0,32.7252197265625,"Item: Bose Replacement Ear Pads, Shelf: Shelf E, Shelf ID: E, Location: (6.865, 2.080, 0.000), Stock: 36, Price: $29.99, Category: Accessories",False,nan,nan,nan,nan,nan,nan
Bose Replacement Ear Pads,direct,Bose Replacement Ear Pads is on Shelf E with stock 36 and unit price $29.99.,hybrid_60_40,0.6,0.4,2,21,0.4721080742369484,0.25,0.383264844542169,51.477630615234375,"Item: Bose QuietComfort Ultra, Shelf: Shelf E, Shelf ID: E, Location: (6.865, 2.080, 0.000), Stock: 7, Price: $429.99, Category: Headphones",False,nan,nan,nan,nan,nan,nan
Bose Replacement Ear Pads,direct,Bose Replacement Ear Pads is on Shelf E with stock 36 and unit price $29.99.,hybrid_60_40,0.6,0.4,3,20,0.47159131307063845,0.25,0.382954787842383,51.50621032714844,"Item: Bose QuietComfort 45, Shelf: Shelf E, Shelf ID: E, Location: (6.865, 2.080, 0.000), Stock: 11, Price: $329.99, Category: Headphones",False,nan,nan,nan,nan,nan,nan
Bose Replacement Ear Pads,direct,Bose Replacement Ear Pads is on Shelf E with stock 36 and unit price $29.99.,hybrid_60_40,0.6,0.4,4,22,0.40431345682921505,0.25,0.342588074097529,55.51317596435547,"Item: Bose SoundLink Flex, Shelf: Shelf E, Shelf ID: E, Location: (6.865, 2.080, 0.000), Stock: 25, Price: $149.99, Category: Speakers",False,nan,nan,nan,nan,nan,nan
Bose Replacement Ear Pads,direct,Bose Replacement Ear Pads is on Shelf E with stock 36 and unit price $29.99.,hybrid_60_40,0.6,0.4,5,23,0.2764304539149192,0.25,0.26585827234895154,65.10186767578125,"Item: Bose Soundbar 600, Shelf: Shelf E, Shelf ID: E, Location: (6.865, 2.080, 0.000), Stock: 9, Price: $399.99, Category: Home Audio",False,nan,nan,nan,nan,nan,nan
Bose Replacement Ear Pads,direct,Bose Replacement Ear Pads is on Shelf E with stock 36 and unit price $29.99.,hybrid_70_30,0.7,0.3,1,24,1.0,1.0,1.0,32.7252197265625,"Item: Bose Replacement Ear Pads, Shelf: Shelf E, Shelf ID: E, Location: (6.865, 2.080, 0.000), Stock: 36, Price: $29.99, Category: Accessories",False,nan,nan,nan,nan,nan,nan
Bose Replacement Ear Pads,direct,Bose Replacement Ear Pads is on Shelf E with stock 36 and unit price $29.99.,hybrid_70_30,0.7,0.3,2,21,0.4721080742369484,0.25,0.4054756519658639,51.477630615234375,"Item: Bose QuietComfort Ultra, Shelf: Shelf E, Shelf ID: E, Location: (6.865, 2.080, 0.000), Stock: 7, Price: $429.99, Category: Headphones",False,nan,nan,nan,nan,nan,nan
Bose Replacement Ear Pads,direct,Bose Replacement Ear Pads is on Shelf E with stock 36 and unit price $29.99.,hybrid_70_30,0.7,0.3,3,20,0.47159131307063845,0.25,0.4051139191494469,51.50621032714844,"Item: Bose QuietComfort 45, Shelf: Shelf E, Shelf ID: E, Location: (6.865, 2.080, 0.000), Stock: 11, Price: $329.99, Category: Headphones",False,nan,nan,nan,nan,nan,nan
Bose Replacement Ear Pads,direct,Bose Replacement Ear Pads is on Shelf E with stock 36 and unit price $29.99.,hybrid_70_30,0.7,0.3,4,22,0.40431345682921505,0.25,0.35801941978045054,55.51317596435547,"Item: Bose SoundLink Flex, Shelf: Shelf E, Shelf ID: E, Location: (6.865, 2.080, 0.000), Stock: 25, Price: $149.99, Category: Speakers",False,nan,nan,nan,nan,nan,nan
Bose Replacement Ear Pads,direct,Bose Replacement Ear Pads is on Shelf E with stock 36 and unit price $29.99.,hybrid_70_30,0.7,0.3,5,23,0.2764304539149192,0.25,0.26850131774044345,65.10186767578125,"Item: Bose Soundbar 600, Shelf: Shelf E, Shelf ID: E, Location: (6.865, 2.080, 0.000), Stock: 9, Price: $399.99, Category: Home Audio",False,nan,nan,nan,nan,nan,nan
Bose Replacement Ear Pads,direct,Bose Replacement Ear Pads is on Shelf E with stock 36 and unit price $29.99.,hybrid_80_20,0.8,0.2,1,24,1.0,1.0,1.0,32.7252197265625,"Item: Bose Replacement Ear Pads, Shelf: Shelf E, Shelf ID: E, Location: (6.865, 2.080, 0.000), Stock: 36, Price: $29.99, Category: Accessories",False,nan,nan,nan,nan,nan,nan
Bose Replacement Ear Pads,direct,Bose Replacement Ear Pads is on Shelf E with stock 36 and unit price $29.99.,hybrid_80_20,0.8,0.2,2,21,0.4721080742369484,0.25,0.42768645938955874,51.477630615234375,"Item: Bose QuietComfort Ultra, Shelf: Shelf E, Shelf ID: E, Location: (6.865, 2.080, 0.000), Stock: 7, Price: $429.99, Category: Headphones",False,nan,nan,nan,nan,nan,nan
Bose Replacement Ear Pads,direct,Bose Replacement Ear Pads is on Shelf E with stock 36 and unit price $29.99.,hybrid_80_20,0.8,0.2,3,20,0.47159131307063845,0.25,0.42727305045651076,51.50621032714844,"Item: Bose QuietComfort 45, Shelf: Shelf E, Shelf ID: E, Location: (6.865, 2.080, 0.000), Stock: 11, Price: $329.99, Category: Headphones",False,nan,nan,nan,nan,nan,nan
Bose Replacement Ear Pads,direct,Bose Replacement Ear Pads is on Shelf E with stock 36 and unit price $29.99.,hybrid_80_20,0.8,0.2,4,22,0.40431345682921505,0.25,0.373450765463372,55.51317596435547,"Item: Bose SoundLink Flex, Shelf: Shelf E, Shelf ID: E, Location: (6.865, 2.080, 0.000), Stock: 25, Price: $149.99, Category: Speakers",False,nan,nan,nan,nan,nan,nan
Bose Replacement Ear Pads,direct,Bose Replacement Ear Pads is on Shelf E with stock 36 and unit price $29.99.,hybrid_80_20,0.8,0.2,5,23,0.2764304539149192,0.25,0.2711443631319354,65.10186767578125,"Item: Bose Soundbar 600, Shelf: Shelf E, Shelf ID: E, Location: (6.865, 2.080, 0.000), Stock: 9, Price: $399.99, Category: Home Audio",False,nan,nan,nan,nan,nan,nan
Logitech Mouse Pad,direct,Logitech Mouse Pad is on Shelf F with stock 58 and unit price $19.99.,semantic_only,1.0,0.0,1,29,1.0,1.0,1.0,43.20375442504883,"Item: Logitech Mouse Pad, Shelf: Shelf F, Shelf ID: F, Location: (8.776, 2.159, 0.003), Stock: 58, Price: $19.99, Category: Accessories",False,nan,nan,nan,nan,nan,nan
Logitech Mouse Pad,direct,Logitech Mouse Pad is on Shelf F with stock 58 and unit price $19.99.,semantic_only,1.0,0.0,2,25,0.8162929742653262,0.6666666666666666,0.8162929742653262,48.37441635131836,"Item: Logitech MX Master 3, Shelf: Shelf F, Shelf ID: F, Location: (8.776, 2.159, 0.003), Stock: 7, Price: $99.99, Category: Computer Mouse",False,nan,nan,nan,nan,nan,nan
Logitech Mouse Pad,direct,Logitech Mouse Pad is on Shelf F with stock 58 and unit price $19.99.,semantic_only,1.0,0.0,3,26,0.5680773511730882,0.3333333333333333,0.5680773511730882,57.642826080322266,"Item: Logitech MX Keys, Shelf: Shelf F, Shelf ID: F, Location: (8.776, 2.159, 0.003), Stock: 14, Price: $99.99, Category: Keyboards",False,nan,nan,nan,nan,nan,nan
Logitech Mouse Pad,direct,Logitech Mouse Pad is on Shelf F with stock 58 and unit price $19.99.,semantic_only,1.0,0.0,4,27,0.5452560641126496,0.6666666666666666,0.5452560641126496,58.67271423339844,"Item: Logitech G Pro X Superlight, Shelf: Shelf F, Shelf ID: F, Location: (8.776, 2.159, 0.003), Stock: 22, Price: $149.99, Category: Gaming Mouse",False,nan,nan,nan,nan,nan,nan
Logitech Mouse Pad,direct,Logitech Mouse Pad is on Shelf F with stock 58 and unit price $19.99.,semantic_only,1.0,0.0,5,28,0.2810298637118406,0.3333333333333333,0.2810298637118406,73.90309143066406,"Item: Logitech Webcam C920, Shelf: Shelf F, Shelf ID: F, Location: (8.776, 2.159, 0.003), Stock: 31, Price: $69.99, Category: Webcams",False,nan,nan,nan,nan,nan,nan
Logitech Mouse Pad,direct,Logitech Mouse Pad is on Shelf F with stock 58 and unit price $19.99.,keyword_only,0.0,1.0,1,29,1.0,1.0,1.0,43.20375442504883,"Item: Logitech Mouse Pad, Shelf: Shelf F, Shelf ID: F, Location: (8.776, 2.159, 0.003), Stock: 58, Price: $19.99, Category: Accessories",False,nan,nan,nan,nan,nan,nan
Logitech Mouse Pad,direct,Logitech Mouse Pad is on Shelf F with stock 58 and unit price $19.99.,keyword_only,0.0,1.0,2,25,0.8162929742653262,0.6666666666666666,0.6666666666666666,48.37441635131836,"Item: Logitech MX Master 3, Shelf: Shelf F, Shelf ID: F, Location: (8.776, 2.159, 0.003), Stock: 7, Price: $99.99, Category: Computer Mouse",False,nan,nan,nan,nan,nan,nan
Logitech Mouse Pad,direct,Logitech Mouse Pad is on Shelf F with stock 58 and unit price $19.99.,keyword_only,0.0,1.0,3,27,0.5452560641126496,0.6666666666666666,0.6666666666666666,58.67271423339844,"Item: Logitech G Pro X Superlight, Shelf: Shelf F, Shelf ID: F, Location: (8.776, 2.159, 0.003), Stock: 22, Price: $149.99, Category: Gaming Mouse",False,nan,nan,nan,nan,nan,nan
Logitech Mouse Pad,direct,Logitech Mouse Pad is on Shelf F with stock 58 and unit price $19.99.,keyword_only,0.0,1.0,4,26,0.5680773511730882,0.3333333333333333,0.3333333333333333,57.642826080322266,"Item: Logitech MX Keys, Shelf: Shelf F, Shelf ID: F, Location: (8.776, 2.159, 0.003), Stock: 14, Price: $99.99, Category: Keyboards",False,nan,nan,nan,nan,nan,nan
Logitech Mouse Pad,direct,Logitech Mouse Pad is on Shelf F with stock 58 and unit price $19.99.,keyword_only,0.0,1.0,5,28,0.2810298637118406,0.3333333333333333,0.3333333333333333,73.90309143066406,"Item: Logitech Webcam C920, Shelf: Shelf F, Shelf ID: F, Location: (8.776, 2.159, 0.003), Stock: 31, Price: $69.99, Category: Webcams",False,nan,nan,nan,nan,nan,nan
Logitech Mouse Pad,direct,Logitech Mouse Pad is on Shelf F with stock 58 and unit price $19.99.,hybrid_50_50,0.5,0.5,1,29,1.0,1.0,1.0,43.20375442504883,"Item: Logitech Mouse Pad, Shelf: Shelf F, Shelf ID: F, Location: (8.776, 2.159, 0.003), Stock: 58, Price: $19.99, Category: Accessories",False,nan,nan,nan,nan,nan,nan
Logitech Mouse Pad,direct,Logitech Mouse Pad is on Shelf F with stock 58 and unit price $19.99.,hybrid_50_50,0.5,0.5,2,25,0.8162929742653262,0.6666666666666666,0.7414798204659965,48.37441635131836,"Item: Logitech MX Master 3, Shelf: Shelf F, Shelf ID: F, Location: (8.776, 2.159, 0.003), Stock: 7, Price: $99.99, Category: Computer Mouse",False,nan,nan,nan,nan,nan,nan
Logitech Mouse Pad,direct,Logitech Mouse Pad is on Shelf F with stock 58 and unit price $19.99.,hybrid_50_50,0.5,0.5,3,27,0.5452560641126496,0.6666666666666666,0.6059613653896581,58.67271423339844,"Item: Logitech G Pro X Superlight, Shelf: Shelf F, Shelf ID: F, Location: (8.776, 2.159, 0.003), Stock: 22, Price: $149.99, Category: Gaming Mouse",False,nan,nan,nan,nan,nan,nan
Logitech Mouse Pad,direct,Logitech Mouse Pad is on Shelf F with stock 58 and unit price $19.99.,hybrid_50_50,0.5,0.5,4,26,0.5680773511730882,0.3333333333333333,0.4507053422532108,57.642826080322266,"Item: Logitech MX Keys, Shelf: Shelf F, Shelf ID: F, Location: (8.776, 2.159, 0.003), Stock: 14, Price: $99.99, Category: Keyboards",False,nan,nan,nan,nan,nan,nan
Logitech Mouse Pad,direct,Logitech Mouse Pad is on Shelf F with stock 58 and unit price $19.99.,hybrid_50_50,0.5,0.5,5,28,0.2810298637118406,0.3333333333333333,0.307181598522587,73.90309143066406,"Item: Logitech Webcam C920, Shelf: Shelf F, Shelf ID: F, Location: (8.776, 2.159, 0.003), Stock: 31, Price: $69.99, Category: Webcams",False,nan,nan,nan,nan,nan,nan
Logitech Mouse Pad,direct,Logitech Mouse Pad is on Shelf F with stock 58 and unit price $19.99.,hybrid_60_40,0.6,0.4,1,29,1.0,1.0,1.0,43.20375442504883,"Item: Logitech Mouse Pad, Shelf: Shelf F, Shelf ID: F, Location: (8.776, 2.159, 0.003), Stock: 58, Price: $19.99, Category: Accessories",False,nan,nan,nan,nan,nan,nan
Logitech Mouse Pad,direct,Logitech Mouse Pad is on Shelf F with stock 58 and unit price $19.99.,hybrid_60_40,0.6,0.4,2,25,0.8162929742653262,0.6666666666666666,0.7564424512258623,48.37441635131836,"Item: Logitech MX Master 3, Shelf: Shelf F, Shelf ID: F, Location: (8.776, 2.159, 0.003), Stock: 7, Price: $99.99, Category: Computer Mouse",False,nan,nan,nan,nan,nan,nan
Logitech Mouse Pad,direct,Logitech Mouse Pad is on Shelf F with stock 58 and unit price $19.99.,hybrid_60_40,0.6,0.4,3,27,0.5452560641126496,0.6666666666666666,0.5938203051342564,58.67271423339844,"Item: Logitech G Pro X Superlight, Shelf: Shelf F, Shelf ID: F, Location: (8.776, 2.159, 0.003), Stock: 22, Price: $149.99, Category: Gaming Mouse",False,nan,nan,nan,nan,nan,nan
Logitech Mouse Pad,direct,Logitech Mouse Pad is on Shelf F with stock 58 and unit price $19.99.,hybrid_60_40,0.6,0.4,4,26,0.5680773511730882,0.3333333333333333,0.4741797440371862,57.642826080322266,"Item: Logitech MX Keys, Shelf: Shelf F, Shelf ID: F, Location: (8.776, 2.159, 0.003), Stock: 14, Price: $99.99, Category: Keyboards",False,nan,nan,nan,nan,nan,nan
Logitech Mouse Pad,direct,Logitech Mouse Pad is on Shelf F with stock 58 and unit price $19.99.,hybrid_60_40,0.6,0.4,5,28,0.2810298637118406,0.3333333333333333,0.3019512515604377,73.90309143066406,"Item: Logitech Webcam C920, Shelf: Shelf F, Shelf ID: F, Location: (8.776, 2.159, 0.003), Stock: 31, Price: $69.99, Category: Webcams",False,nan,nan,nan,nan,nan,nan
Logitech Mouse Pad,direct,Logitech Mouse Pad is on Shelf F with stock 58 and unit price $19.99.,hybrid_70_30,0.7,0.3,1,29,1.0,1.0,1.0,43.20375442504883,"Item: Logitech Mouse Pad, Shelf: Shelf F, Shelf ID: F, Location: (8.776, 2.159, 0.003), Stock: 58, Price: $19.99, Category: Accessories",False,nan,nan,nan,nan,nan,nan
Logitech Mouse Pad,direct,Logitech Mouse Pad is on Shelf F with stock 58 and unit price $19.99.,hybrid_70_30,0.7,0.3,2,25,0.8162929742653262,0.6666666666666666,0.7714050819857282,48.37441635131836,"Item: Logitech MX Master 3, Shelf: Shelf F, Shelf ID: F, Location: (8.776, 2.159, 0.003), Stock: 7, Price: $99.99, Category: Computer Mouse",False,nan,nan,nan,nan,nan,nan
Logitech Mouse Pad,direct,Logitech Mouse Pad is on Shelf F with stock 58 and unit price $19.99.,hybrid_70_30,0.7,0.3,3,27,0.5452560641126496,0.6666666666666666,0.5816792448788547,58.67271423339844,"Item: Logitech G Pro X Superlight, Shelf: Shelf F, Shelf ID: F, Location: (8.776, 2.159, 0.003), Stock: 22, Price: $149.99, Category: Gaming Mouse",False,nan,nan,nan,nan,nan,nan
Logitech Mouse Pad,direct,Logitech Mouse Pad is on Shelf F with stock 58 and unit price $19.99.,hybrid_70_30,0.7,0.3,4,26,0.5680773511730882,0.3333333333333333,0.4976541458211617,57.642826080322266,"Item: Logitech MX Keys, Shelf: Shelf F, Shelf ID: F, Location: (8.776, 2.159, 0.003), Stock: 14, Price: $99.99, Category: Keyboards",False,nan,nan,nan,nan,nan,nan
Logitech Mouse Pad,direct,Logitech Mouse Pad is on Shelf F with stock 58 and unit price $19.99.,hybrid_70_30,0.7,0.3,5,28,0.2810298637118406,0.3333333333333333,0.29672090459828837,73.90309143066406,"Item: Logitech Webcam C920, Shelf: Shelf F, Shelf ID: F, Location: (8.776, 2.159, 0.003), Stock: 31, Price: $69.99, Category: Webcams",False,nan,nan,nan,nan,nan,nan
Logitech Mouse Pad,direct,Logitech Mouse Pad is on Shelf F with stock 58 and unit price $19.99.,hybrid_80_20,0.8,0.2,1,29,1.0,1.0,1.0,43.20375442504883,"Item: Logitech Mouse Pad, Shelf: Shelf F, Shelf ID: F, Location: (8.776, 2.159, 0.003), Stock: 58, Price: $19.99, Category: Accessories",False,nan,nan,nan,nan,nan,nan
Logitech Mouse Pad,direct,Logitech Mouse Pad is on Shelf F with stock 58 and unit price $19.99.,hybrid_80_20,0.8,0.2,2,25,0.8162929742653262,0.6666666666666666,0.7863677127455944,48.37441635131836,"Item: Logitech MX Master 3, Shelf: Shelf F, Shelf ID: F, Location: (8.776, 2.159, 0.003), Stock: 7, Price: $99.99, Category: Computer Mouse",False,nan,nan,nan,nan,nan,nan
Logitech Mouse Pad,direct,Logitech Mouse Pad is on Shelf F with stock 58 and unit price $19.99.,hybrid_80_20,0.8,0.2,3,27,0.5452560641126496,0.6666666666666666,0.5695381846234531,58.67271423339844,"Item: Logitech G Pro X Superlight, Shelf: Shelf F, Shelf ID: F, Location: (8.776, 2.159, 0.003), Stock: 22, Price: $149.99, Category: Gaming Mouse",False,nan,nan,nan,nan,nan,nan
Logitech Mouse Pad,direct,Logitech Mouse Pad is on Shelf F with stock 58 and unit price $19.99.,hybrid_80_20,0.8,0.2,4,26,0.5680773511730882,0.3333333333333333,0.5211285476051373,57.642826080322266,"Item: Logitech MX Keys, Shelf: Shelf F, Shelf ID: F, Location: (8.776, 2.159, 0.003), Stock: 14, Price: $99.99, Category: Keyboards",False,nan,nan,nan,nan,nan,nan
Logitech Mouse Pad,direct,Logitech Mouse Pad is on Shelf F with stock 58 and unit price $19.99.,hybrid_80_20,0.8,0.2,5,28,0.2810298637118406,0.3333333333333333,0.2914905576361391,73.90309143066406,"Item: Logitech Webcam C920, Shelf: Shelf F, Shelf ID: F, Location: (8.776, 2.159, 0.003), Stock: 31, Price: $69.99, Category: Webcams",False,nan,nan,nan,nan,nan,nan
orange reflective vest,keyword,High-visibility clothing may be yellow or orange and must be reflective.,semantic_only,1.0,0.0,1,42,1.0,1.0,1.0,61.20025634765625,"Source: Safety Manual, Chunk 8
SECTION 2: PERSONAL PROTECTIVE EQUIPMENT (PPE)
Safety Helmets – Required at all times inside loading areas.
High-Visibility Vests – Fluorescent yellow or orange with reflective stripes.
Steel-Toed Boots – Must conform to ISO 20345:2011.
Cut-Resistant Gloves – Mandatory when handling sharp materials.
Hearing Protection – Required in areas above 85 dB",False,nan,nan,nan,nan,nan,nan
orange reflective vest,keyword,High-visibility clothing may be yellow or orange and must be reflective.,semantic_only,1.0,0.0,2,43,0.6794125243613022,0.0,0.6794125243613022,72.91079711914062,"Source: Safety Manual, Chunk 9
SECTION 3: FIRE SAFETY & EVACUATION PROCEDURES
Fire Extinguishers: One every 15 meters; monthly inspection.
Emergency Exits: At least two per zone, clearly marked.
Evacuation Drills: Every 6 months; missed drills require retraining.
Assembly Points: 50 meters from building, marked with green signage.
Never use elevators during evacuation.",False,nan,nan,nan,nan,nan,nan
orange reflective vest,keyword,High-visibility clothing may be yellow or orange and must be reflective.,semantic_only,1.0,0.0,3,47,0.6665929823819069,0.0,0.6665929823819069,73.4714584350586,"Source: Safety Manual, Chunk 13
SECTION 7: TRAINING AND CERTIFICATION
Safety Training is required:
Annually for all employees.
Immediately after any safety violation or accident.
Lockout/Tagout procedures must be reviewed every 12 months.


SECTION 8: EMERGENCY CONTACTS
Fire Department: 101
Police: 100
On-site Medical Officer: Ext. 221
Warehouse Safety Lead: Ext. 115",False,nan,nan,nan,nan,nan,nan
orange reflective vest,keyword,High-visibility clothing may be yellow or orange and must be reflective.,semantic_only,1.0,0.0,4,46,0.5154345959280114,0.0,0.5154345959280114,80.78681945800781,"Source: Safety Manual, Chunk 12
SECTION 6: FIRST AID AND INCIDENT REPORTING
First Aid Kits must be:
Available every 30 meters.
Checked weekly by a safety officer.
Incident Reports:
Must be submitted within 2 hours using Form WHS-101.
Use the internal safety portal for submission.
Emergency contacts are listed on the main notice board and in Section 9.",False,nan,nan,nan,nan,nan,nan
orange reflective vest,keyword,High-visibility clothing may be yellow or orange and must be reflective.,semantic_only,1.0,0.0,5,37,0.4405757897241688,0.0,0.4405757897241688,84.96895599365234,"Source: Safety Manual, Chunk 3
SECTION 3: EQUIPMENT USAGE & MAINTENANCE
----------------------------------------
- Pallet jacks and forklifts must be returned to charging docks after shift.
- Battery water levels should be checked every Monday morning.
- Only trained staff may operate powered equipment (see list in Appendix A).
- Monthly maintenance logs must be filled by the Maintenance Lead.",False,nan,nan,nan,nan,nan,nan
orange reflective vest,keyword,High-visibility clothing may be yellow or orange and must be reflective.,keyword_only,0.0,1.0,1,42,1.0,1.0,1.0,61.20025634765625,"Source: Safety Manual, Chunk 8
SECTION 2: PERSONAL PROTECTIVE EQUIPMENT (PPE)
Safety Helmets – Required at all times inside loading areas.
High-Visibility Vests – Fluorescent yellow or orange with reflective stripes.
Steel-Toed Boots – Must conform to ISO 20345:2011.
Cut-Resistant Gloves – Mandatory when handling sharp materials.
Hearing Protection – Required in areas above 85 dB",False,nan,nan,nan,nan,nan,nan
orange reflective vest,keyword,High-visibility clothing may be yellow or orange and must be reflective.,keyword_only,0.0,1.0,2,0,0.032877455142268426,0.0,0.0,118.15158081054688,"Item: Apple iPhone 14, Shelf: Shelf A, Shelf ID: A, Location: (-0.151, 2.203, 0.001), Stock: 10, Price: $799.99, Category: Smartphones",False,nan,nan,nan,nan,nan,nan
orange reflective vest,keyword,High-visibility clothing may be yellow or orange and must be reflective.,keyword_only,0.0,1.0,3,1,0.0581109429152048,0.0,0.0,115.37152099609375,"Item: Apple iPhone 14 Pro, Shelf: Shelf A, Shelf ID: A, Location: (-0.151, 2.203, 0.001), Stock: 10, Price: $999.99, Category: Smartphones",False,nan,nan,nan,nan,nan,nan
orange reflective vest,keyword,High-visibility clothing may be yellow or orange and must be reflective.,keyword_only,0.0,1.0,4,2,0.03353004530616,0.0,0.0,118.07801055908203,"Item: Apple iPhone 13, Shelf: Shelf A, Shelf ID: A, Location: (-0.151, 2.203, 0.001), Stock: 8, Price: $599.99, Category: Smartphones",False,nan,nan,nan,nan,nan,nan
orange reflective vest,keyword,High-visibility clothing may be yellow or orange and must be reflective.,keyword_only,0.0,1.0,5,3,0.10618936750030193,0.0,0.0,110.41834259033203,"Item: iPhone Charging Cable, Shelf: Shelf A, Shelf ID: A, Location: (-0.151, 2.203, 0.001), Stock: 45, Price: $19.99, Category: Accessories",False,nan,nan,nan,nan,nan,nan
orange reflective vest,keyword,High-visibility clothing may be yellow or orange and must be reflective.,hybrid_50_50,0.5,0.5,1,42,1.0,1.0,1.0,61.20025634765625,"Source: Safety Manual, Chunk 8
SECTION 2: PERSONAL PROTECTIVE EQUIPMENT (PPE)
Safety Helmets – Required at all times inside loading areas.
High-Visibility Vests – Fluorescent yellow or orange with reflective stripes.
Steel-Toed Boots – Must conform to ISO 20345:2011.
Cut-Resistant Gloves – Mandatory when handling sharp materials.
Hearing Protection – Required in areas above 85 dB",False,nan,nan,nan,nan,nan,nan
orange reflective vest,keyword,High-visibility clothing may be yellow or orange and must be reflective.,hybrid_50_50,0.5,0.5,2,43,0.6794125243613022,0.0,0.3397062621806511,72.91079711914062,"Source: Safety Manual, Chunk 9
SECTION 3: FIRE SAFETY & EVACUATION PROCEDURES
Fire Extinguishers: One every 15 meters; monthly inspection.
Emergency Exits: At least two per zone, clearly marked.
Evacuation Drills: Every 6 months; missed drills require retraining.
Assembly Points: 50 meters from building, marked with green signage.
Never use elevators during evacuation.",False,nan,nan,nan,nan,nan,nan
orange reflective vest,keyword,High-visibility clothing may be yellow or orange and must be reflective.,hybrid_50_50,0.5,0.5,3,47,0.6665929823819069,0.0,0.33329649119095345,73.4714584350586,"Source: Safety Manual, Chunk 13
SECTION 7: TRAINING AND CERTIFICATION
Safety Training is required:
Annually for all employees.
Immediately after any safety violation or accident.
Lockout/Tagout procedures must be reviewed every 12 months.


SECTION 8: EMERGENCY CONTACTS
Fire Department: 101
Police: 100
On-site Medical Officer: Ext. 221
Warehouse Safety Lead: Ext. 115",False,nan,nan,nan,nan,nan,nan
orange reflective vest,keyword,High-visibility clothing may be yellow or orange and must be reflective.,hybrid_50_50,0.5,0.5,4,46,0.5154345959280114,0.0,0.2577172979640057,80.78681945800781,"Source: Safety Manual, Chunk 12
SECTION 6: FIRST AID AND INCIDENT REPORTING
First Aid Kits must be:
Available every 30 meters.
Checked weekly by a safety officer.
Incident Reports:
Must be submitted within 2 hours using Form WHS-101.
Use the internal safety portal for submission.
Emergency contacts are listed on the main notice board and in Section 9.",False,nan,nan,nan,nan,nan,nan
orange reflective vest,keyword,High-visibility clothing may be yellow or orange and must be reflective.,hybrid_50_50,0.5,0.5,5,37,0.4405757897241688,0.0,0.2202878948620844,84.96895599365234,"Source: Safety Manual, Chunk 3
SECTION 3: EQUIPMENT USAGE & MAINTENANCE
----------------------------------------
- Pallet jacks and forklifts must be returned to charging docks after shift.
- Battery water levels should be checked every Monday morning.
- Only trained staff may operate powered equipment (see list in Appendix A).
- Monthly maintenance logs must be filled by the Maintenance Lead.",False,nan,nan,nan,nan,nan,nan
orange reflective vest,keyword,High-visibility clothing may be yellow or orange and must be reflective.,hybrid_60_40,0.6,0.4,1,42,1.0,1.0,1.0,61.20025634765625,"Source: Safety Manual, Chunk 8
SECTION 2: PERSONAL PROTECTIVE EQUIPMENT (PPE)
Safety Helmets – Required at all times inside loading areas.
High-Visibility Vests – Fluorescent yellow or orange with reflective stripes.
Steel-Toed Boots – Must conform to ISO 20345:2011.
Cut-Resistant Gloves – Mandatory when handling sharp materials.
Hearing Protection – Required in areas above 85 dB",False,nan,nan,nan,nan,nan,nan
orange reflective vest,keyword,High-visibility clothing may be yellow or orange and must be reflective.,hybrid_60_40,0.6,0.4,2,43,0.6794125243613022,0.0,0.4076475146167813,72.91079711914062,"Source: Safety Manual, Chunk 9
SECTION 3: FIRE SAFETY & EVACUATION PROCEDURES
Fire Extinguishers: One every 15 meters; monthly inspection.
Emergency Exits: At least two per zone, clearly marked.
Evacuation Drills: Every 6 months; missed drills require retraining.
Assembly Points: 50 meters from building, marked with green signage.
Never use elevators during evacuation.",False,nan,nan,nan,nan,nan,nan
orange reflective vest,keyword,High-visibility clothing may be yellow or orange and must be reflective.,hybrid_60_40,0.6,0.4,3,47,0.6665929823819069,0.0,0.3999557894291441,73.4714584350586,"Source: Safety Manual, Chunk 13
SECTION 7: TRAINING AND CERTIFICATION
Safety Training is required:
Annually for all employees.
Immediately after any safety violation or accident.
Lockout/Tagout procedures must be reviewed every 12 months.


SECTION 8: EMERGENCY CONTACTS
Fire Department: 101
Police: 100
On-site Medical Officer: Ext. 221
Warehouse Safety Lead: Ext. 115",False,nan,nan,nan,nan,nan,nan
orange reflective vest,keyword,High-visibility clothing may be yellow or orange and must be reflective.,hybrid_60_40,0.6,0.4,4,46,0.5154345959280114,0.0,0.3092607575568069,80.78681945800781,"Source: Safety Manual, Chunk 12
SECTION 6: FIRST AID AND INCIDENT REPORTING
First Aid Kits must be:
Available every 30 meters.
Checked weekly by a safety officer.
Incident Reports:
Must be submitted within 2 hours using Form WHS-101.
Use the internal safety portal for submission.
Emergency contacts are listed on the main notice board and in Section 9.",False,nan,nan,nan,nan,nan,nan
orange reflective vest,keyword,High-visibility clothing may be yellow or orange and must be reflective.,hybrid_60_40,0.6,0.4,5,37,0.4405757897241688,0.0,0.26434547383450124,84.96895599365234,"Source: Safety Manual, Chunk 3
SECTION 3: EQUIPMENT USAGE & MAINTENANCE
----------------------------------------
- Pallet jacks and forklifts must be returned to charging docks after shift.
- Battery water levels should be checked every Monday morning.
- Only trained staff may operate powered equipment (see list in Appendix A).
- Monthly maintenance logs must be filled by the Maintenance Lead.",False,nan,nan,nan,nan,nan,nan
orange reflective vest,keyword,High-visibility clothing may be yellow or orange and must be reflective.,hybrid_70_30,0.7,0.3,1,42,1.0,1.0,1.0,61.20025634765625,"Source: Safety Manual, Chunk 8
SECTION 2: PERSONAL PROTECTIVE EQUIPMENT (PPE)
Safety Helmets – Required at all times inside loading areas.
High-Visibility Vests – Fluorescent yellow or orange with reflective stripes.
Steel-Toed Boots – Must conform to ISO 20345:2011.
Cut-Resistant Gloves – Mandatory when handling sharp materials.
Hearing Protection – Required in areas above 85 dB",False,nan,nan,nan,nan,nan,nan
orange reflective vest,keyword,High-visibility clothing may be yellow or orange and must be reflective.,hybrid_70_30,0.7,0.3,2,43,0.6794125243613022,0.0,0.4755887670529115,72.91079711914062,"Source: Safety Manual, Chunk 9
SECTION 3: FIRE SAFETY & EVACUATION PROCEDURES
Fire Extinguishers: One every 15 meters; monthly inspection.
Emergency Exits: At least two per zone, clearly marked.
Evacuation Drills: Every 6 months; missed drills require retraining.
Assembly Points: 50 meters from building, marked with green signage.
Never use elevators during evacuation.",False,nan,nan,nan,nan,nan,nan
orange reflective vest,keyword,High-visibility clothing may be yellow or orange and must be reflective.,hybrid_70_30,0.7,0.3,3,47,0.6665929823819069,0.0,0.4666150876673348,73.4714584350586,"Source: Safety Manual, Chunk 13
SECTION 7: TRAINING AND CERTIFICATION
Safety Training is required:
Annually for all employees.
Immediately after any safety violation or accident.
Lockout/Tagout procedures must be reviewed every 12 months.


SECTION 8: EMERGENCY CONTACTS
Fire Department: 101
Police: 100
On-site Medical Officer: Ext. 221
Warehouse Safety Lead: Ext. 115",False,nan,nan,nan,nan,nan,nan
orange reflective vest,keyword,High-visibility clothing may be yellow or orange and must be reflective.,hybrid_70_30,0.7,0.3,4,46,0.5154345959280114,0.0,0.360804217149608,80.78681945800781,"Source: Safety Manual, Chunk 12
SECTION 6: FIRST AID AND INCIDENT REPORTING
First Aid Kits must be:
Available every 30 meters.
Checked weekly by a safety officer.
Incident Reports:
Must be submitted within 2 hours using Form WHS-101.
Use the internal safety portal for submission.
Emergency contacts are listed on the main notice board and in Section 9.",False,nan,nan,nan,nan,nan,nan
orange reflective vest,keyword,High-visibility clothing may be yellow or orange and must be reflective.,hybrid_70_30,0.7,0.3,5,37,0.4405757897241688,0.0,0.3084030528069181,84.96895599365234,"Source: Safety Manual, Chunk 3
SECTION 3: EQUIPMENT USAGE & MAINTENANCE
----------------------------------------
- Pallet jacks and forklifts must be returned to charging docks after shift.
- Battery water levels should be checked every Monday morning.
- Only trained staff may operate powered equipment (see list in Appendix A).
- Monthly maintenance logs must be filled by the Maintenance Lead.",False,nan,nan,nan,nan,nan,nan
orange reflective vest,keyword,High-visibility clothing may be yellow or orange and must be reflective.,hybrid_80_20,0.8,0.2,1,42,1.0,1.0,1.0,61.20025634765625,"Source: Safety Manual, Chunk 8
SECTION 2: PERSONAL PROTECTIVE EQUIPMENT (PPE)
Safety Helmets – Required at all times inside loading areas.
High-Visibility Vests – Fluorescent yellow or orange with reflective stripes.
Steel-Toed Boots – Must conform to ISO 20345:2011.
Cut-Resistant Gloves – Mandatory when handling sharp materials.
Hearing Protection – Required in areas above 85 dB",False,nan,nan,nan,nan,nan,nan
orange reflective vest,keyword,High-visibility clothing may be yellow or orange and must be reflective.,hybrid_80_20,0.8,0.2,2,43,0.6794125243613022,0.0,0.5435300194890418,72.91079711914062,"Source: Safety Manual, Chunk 9
SECTION 3: FIRE SAFETY & EVACUATION PROCEDURES
Fire Extinguishers: One every 15 meters; monthly inspection.
Emergency Exits: At least two per zone, clearly marked.
Evacuation Drills: Every 6 months; missed drills require retraining.
Assembly Points: 50 meters from building, marked with green signage.
Never use elevators during evacuation.",False,nan,nan,nan,nan,nan,nan
orange reflective vest,keyword,High-visibility clothing may be yellow or orange and must be reflective.,hybrid_80_20,0.8,0.2,3,47,0.6665929823819069,0.0,0.5332743859055256,73.4714584350586,"Source: Safety Manual, Chunk 13
SECTION 7: TRAINING AND CERTIFICATION
Safety Training is required:
Annually for all employees.
Immediately after any safety violation or accident.
Lockout/Tagout procedures must be reviewed every 12 months.


SECTION 8: EMERGENCY CONTACTS
Fire Department: 101
Police: 100
On-site Medical Officer: Ext. 221
Warehouse Safety Lead: Ext. 115",False,nan,nan,nan,nan,nan,nan
orange reflective vest,keyword,High-visibility clothing may be yellow or orange and must be reflective.,hybrid_80_20,0.8,0.2,4,46,0.5154345959280114,0.0,0.4123476767424092,80.78681945800781,"Source: Safety Manual, Chunk 12
SECTION 6: FIRST AID AND INCIDENT REPORTING
First Aid Kits must be:
Available every 30 meters.
Checked weekly by a safety officer.
Incident Reports:
Must be submitted within 2 hours using Form WHS-101.
Use the internal safety portal for submission.
Emergency contacts are listed on the main notice board and in Section 9.",False,nan,nan,nan,nan,nan,nan
orange reflective vest,keyword,High-visibility clothing may be yellow or orange and must be reflective.,hybrid_80_20,0.8,0.2,5,37,0.4405757897241688,0.0,0.35246063177933507,84.96895599365234,"Source: Safety Manual, Chunk 3
SECTION 3: EQUIPMENT USAGE & MAINTENANCE
----------------------------------------
- Pallet jacks and forklifts must be returned to charging docks after shift.
- Battery water levels should be checked every Monday morning.
- Only trained staff may operate powered equipment (see list in Appendix A).
- Monthly maintenance logs must be filled by the Maintenance Lead.",False,nan,nan,nan,nan,nan,nan
helmet use in loading zones,keyword,Safety helmets are required in loading areas.,semantic_only,1.0,0.0,1,42,1.0,1.0,1.0,39.976314544677734,"Source: Safety Manual, Chunk 8
SECTION 2: PERSONAL PROTECTIVE EQUIPMENT (PPE)
Safety Helmets – Required at all times inside loading areas.
High-Visibility Vests – Fluorescent yellow or orange with reflective stripes.
Steel-Toed Boots – Must conform to ISO 20345:2011.
Cut-Resistant Gloves – Mandatory when handling sharp materials.
Hearing Protection – Required in areas above 85 dB",False,nan,nan,nan,nan,nan,nan
helmet use in loading zones,keyword,Safety helmets are required in loading areas.,semantic_only,1.0,0.0,2,37,0.6151183742167944,0.5,0.6151183742167944,51.685646057128906,"Source: Safety Manual, Chunk 3
SECTION 3: EQUIPMENT USAGE & MAINTENANCE
----------------------------------------
- Pallet jacks and forklifts must be returned to charging docks after shift.
- Battery water levels should be checked every Monday morning.
- Only trained staff may operate powered equipment (see list in Appendix A).
- Monthly maintenance logs must be filled by the Maintenance Lead.",False,nan,nan,nan,nan,nan,nan
helmet use in loading zones,keyword,Safety helmets are required in loading areas.,semantic_only,1.0,0.0,3,45,0.6053528080610238,1.0,0.6053528080610238,52.0704345703125,"Source: Safety Manual, Chunk 11
SECTION 5: MATERIAL HANDLING AND STORAGE
Forklift operators must be certified and recertified every 2 years.
Do not exceed 1500 kg per shelving level unless labeled otherwise.
Use Class 2 ratchet straps for loads over 200 kg.
Hazardous chemicals must be stored in locked ventilated cabinets.",False,nan,nan,nan,nan,nan,nan
helmet use in loading zones,keyword,Safety helmets are required in loading areas.,semantic_only,1.0,0.0,4,36,0.5749387694347448,1.0,0.5749387694347448,53.3056755065918,"Source: Safety Manual, Chunk 2
SECTION 2: INVENTORY HANDLING
-----------------------------
- Use handheld scanners for all inventory movements.
- Report discrepancies immediately to the Inventory Supervisor.
- Damaged goods must be placed in the “Inspection Zone” before tagging.
- Shelves are labeled using alphanumeric codes (e.g., A1-B3).",False,nan,nan,nan,nan,nan,nan
helmet use in loading zones,keyword,Safety helmets are required in loading areas.,semantic_only,1.0,0.0,5,38,0.44425574387199396,0.5,0.44425574387199396,59.3403205871582,"Source: Safety Manual, Chunk 4
SECTION 4: CLEANLINESS & WASTE DISPOSAL
---------------------------------------
- Floors must be swept at the end of each shift.
- Spillages must be reported and cleaned immediately using absorbent pads.
- Recycling bins are color-coded:
  - Blue: Paper/Cardboard
  - Green: Plastic
  - Red: Hazardous waste
- All cleaning supplies are stored in Room C-14.",False,nan,nan,nan,nan,nan,nan
helmet use in loading zones,keyword,Safety helmets are required in loading areas.,keyword_only,0.0,1.0,1,36,0.5749387694347448,1.0,1.0,53.3056755065918,"Source: Safety Manual, Chunk 2
SECTION 2: INVENTORY HANDLING
-----------------------------
- Use handheld scanners for all inventory movements.
- Report discrepancies immediately to the Inventory Supervisor.
- Damaged goods must be placed in the “Inspection Zone” before tagging.
- Shelves are labeled using alphanumeric codes (e.g., A1-B3).",False,nan,nan,nan,nan,nan,nan
helmet use in loading zones,keyword,Safety helmets are required in loading areas.,keyword_only,0.0,1.0,2,40,0.30608694052041596,1.0,1.0,67.37345123291016,"Source: Safety Manual, Chunk 6
SECTION 6: INCIDENT REPORTING & FEEDBACK
----------------------------------------
- Any injuries, equipment damage, or process violations must be reported within 1 hour.
- Use Form WHS-207 and submit to the Shift Supervisor.
- Anonymous feedback can be left in the box outside Room B-2 or submitted via the internal portal.",False,nan,nan,nan,nan,nan,nan
helmet use in loading zones,keyword,Safety helmets are required in loading areas.,keyword_only,0.0,1.0,3,42,1.0,1.0,1.0,39.976314544677734,"Source: Safety Manual, Chunk 8
SECTION 2: PERSONAL PROTECTIVE EQUIPMENT (PPE)
Safety Helmets – Required at all times inside loading areas.
High-Visibility Vests – Fluorescent yellow or orange with reflective stripes.
Steel-Toed Boots – Must conform to ISO 20345:2011.
Cut-Resistant Gloves – Mandatory when handling sharp materials.
Hearing Protection – Required in areas above 85 dB",False,nan,nan,nan,nan,nan,nan
helmet use in loading zones,keyword,Safety helmets are required in loading areas.,keyword_only,0.0,1.0,4,45,0.6053528080610238,1.0,1.0,52.0704345703125,"Source: Safety Manual, Chunk 11
SECTION 5: MATERIAL HANDLING AND STORAGE
Forklift operators must be certified and recertified every 2 years.
Do not exceed 1500 kg per shelving level unless labeled otherwise.
Use Class 2 ratchet straps for loads over 200 kg.
Hazardous chemicals must be stored in locked ventilated cabinets.",False,nan,nan,nan,nan,nan,nan
helmet use in loading zones,keyword,Safety helmets are required in loading areas.,keyword_only,0.0,1.0,5,46,0.41781138820578045,1.0,1.0,60.728370666503906,"Source: Safety Manual, Chunk 12
SECTION 6: FIRST AID AND INCIDENT REPORTING
First Aid Kits must be:
Available every 30 meters.
Checked weekly by a safety officer.
Incident Reports:
Must be submitted within 2 hours using Form WHS-101.
Use the internal safety portal for submission.
Emergency contacts are listed on the main notice board and in Section 9.",False,nan,nan,nan,nan,nan,nan
helmet use in loading zones,keyword,Safety helmets are required in loading areas.,hybrid_50_50,0.5,0.5,1,42,1.0,1.0,1.0,39.976314544677734,"Source: Safety Manual, Chunk 8
SECTION 2: PERSONAL PROTECTIVE EQUIPMENT (PPE)
Safety Helmets – Required at all times inside loading areas.
High-Visibility Vests – Fluorescent yellow or orange with reflective stripes.
Steel-Toed Boots – Must conform to ISO 20345:2011.
Cut-Resistant Gloves – Mandatory when handling sharp materials.
Hearing Protection – Required in areas above 85 dB",False,nan,nan,nan,nan,nan,nan
helmet use in loading zones,keyword,Safety helmets are required in loading areas.,hybrid_50_50,0.5,0.5,2,45,0.6053528080610238,1.0,0.8026764040305119,52.0704345703125,"Source: Safety Manual, Chunk 11
SECTION 5: MATERIAL HANDLING AND STORAGE
Forklift operators must be certified and recertified every 2 years.
Do not exceed 1500 kg per shelving level unless labeled otherwise.
Use Class 2 ratchet straps for loads over 200 kg.
Hazardous chemicals must be stored in locked ventilated cabinets.",False,nan,nan,nan,nan,nan,nan
helmet use in loading zones,keyword,Safety helmets are required in loading areas.,hybrid_50_50,0.5,0.5,3,36,0.5749387694347448,1.0,0.7874693847173724,53.3056755065918,"Source: Safety Manual, Chunk 2
SECTION 2: INVENTORY HANDLING
-----------------------------
- Use handheld scanners for all inventory movements.
- Report discrepancies immediately to the Inventory Supervisor.
- Damaged goods must be placed in the “Inspection Zone” before tagging.
- Shelves are labeled using alphanumeric codes (e.g., A1-B3).",False,nan,nan,nan,nan,nan,nan
helmet use in loading zones,keyword,Safety helmets are required in loading areas.,hybrid_50_50,0.5,0.5,4,46,0.41781138820578045,1.0,0.7089056941028902,60.728370666503906,"Source: Safety Manual, Chunk 12
SECTION 6: FIRST AID AND INCIDENT REPORTING
First Aid Kits must be:
Available every 30 meters.
Checked weekly by a safety officer.
Incident Reports:
Must be submitted within 2 hours using Form WHS-101.
Use the internal safety portal for submission.
Emergency contacts are listed on the main notice board and in Section 9.",False,nan,nan,nan,nan,nan,nan
helmet use in loading zones,keyword,Safety helmets are required in loading areas.,hybrid_50_50,0.5,0.5,5,40,0.30608694052041596,1.0,0.6530434702602079,67.37345123291016,"Source: Safety Manual, Chunk 6
SECTION 6: INCIDENT REPORTING & FEEDBACK
----------------------------------------
- Any injuries, equipment damage, or process violations must be reported within 1 hour.
- Use Form WHS-207 and submit to the Shift Supervisor.
- Anonymous feedback can be left in the box outside Room B-2 or submitted via the internal portal.",False,nan,nan,nan,nan,nan,nan
helmet use in loading zones,keyword,Safety helmets are required in loading areas.,hybrid_60_40,0.6,0.4,1,42,1.0,1.0,1.0,39.976314544677734,"Source: Safety Manual, Chunk 8
SECTION 2: PERSONAL PROTECTIVE EQUIPMENT (PPE)
Safety Helmets – Required at all times inside loading areas.
High-Visibility Vests – Fluorescent yellow or orange with reflective stripes.
Steel-Toed Boots – Must conform to ISO 20345:2011.
Cut-Resistant Gloves – Mandatory when handling sharp materials.
Hearing Protection – Required in areas above 85 dB",False,nan,nan,nan,nan,nan,nan
helmet use in loading zones,keyword,Safety helmets are required in loading areas.,hybrid_60_40,0.6,0.4,2,45,0.6053528080610238,1.0,0.7632116848366143,52.0704345703125,"Source: Safety Manual, Chunk 11
SECTION 5: MATERIAL HANDLING AND STORAGE
Forklift operators must be certified and recertified every 2 years.
Do not exceed 1500 kg per shelving level unless labeled otherwise.
Use Class 2 ratchet straps for loads over 200 kg.
Hazardous chemicals must be stored in locked ventilated cabinets.",False,nan,nan,nan,nan,nan,nan
helmet use in loading zones,keyword,Safety helmets are required in loading areas.,hybrid_60_40,0.6,0.4,3,36,0.5749387694347448,1.0,0.7449632616608468,53.3056755065918,"Source: Safety Manual, Chunk 2
SECTION 2: INVENTORY HANDLING
-----------------------------
- Use handheld scanners for all inventory movements.
- Report discrepancies immediately to the Inventory Supervisor.
- Damaged goods must be placed in the “Inspection Zone” before tagging.
- Shelves are labeled using alphanumeric codes (e.g., A1-B3).",False,nan,nan,nan,nan,nan,nan
helmet use in loading zones,keyword,Safety helmets are required in loading areas.,hybrid_60_40,0.6,0.4,4,46,0.41781138820578045,1.0,0.6506868329234683,60.728370666503906,"Source: Safety Manual, Chunk 12
SECTION 6: FIRST AID AND INCIDENT REPORTING
First Aid Kits must be:
Available every 30 meters.
Checked weekly by a safety officer.
Incident Reports:
Must be submitted within 2 hours using Form WHS-101.
Use the internal safety portal for submission.
Emergency contacts are listed on the main notice board and in Section 9.",False,nan,nan,nan,nan,nan,nan
helmet use in loading zones,keyword,Safety helmets are required in loading areas.,hybrid_60_40,0.6,0.4,5,40,0.30608694052041596,1.0,0.5836521643122496,67.37345123291016,"Source: Safety Manual, Chunk 6
SECTION 6: INCIDENT REPORTING & FEEDBACK
----------------------------------------
- Any injuries, equipment damage, or process violations must be reported within 1 hour.
- Use Form WHS-207 and submit to the Shift Supervisor.
- Anonymous feedback can be left in the box outside Room B-2 or submitted via the internal portal.",False,nan,nan,nan,nan,nan,nan
helmet use in loading zones,keyword,Safety helmets are required in loading areas.,hybrid_70_30,0.7,0.3,1,42,1.0,1.0,1.0,39.976314544677734,"Source: Safety Manual, Chunk 8
SECTION 2: PERSONAL PROTECTIVE EQUIPMENT (PPE)
Safety Helmets – Required at all times inside loading areas.
High-Visibility Vests – Fluorescent yellow or orange with reflective stripes.
Steel-Toed Boots – Must conform to ISO 20345:2011.
Cut-Resistant Gloves – Mandatory when handling sharp materials.
Hearing Protection – Required in areas above 85 dB",False,nan,nan,nan,nan,nan,nan
helmet use in loading zones,keyword,Safety helmets are required in loading areas.,hybrid_70_30,0.7,0.3,2,45,0.6053528080610238,1.0,0.7237469656427167,52.0704345703125,"Source: Safety Manual, Chunk 11
SECTION 5: MATERIAL HANDLING AND STORAGE
Forklift operators must be certified and recertified every 2 years.
Do not exceed 1500 kg per shelving level unless labeled otherwise.
Use Class 2 ratchet straps for loads over 200 kg.
Hazardous chemicals must be stored in locked ventilated cabinets.",False,nan,nan,nan,nan,nan,nan
helmet use in loading zones,keyword,Safety helmets are required in loading areas.,hybrid_70_30,0.7,0.3,3,36,0.5749387694347448,1.0,0.7024571386043212,53.3056755065918,"Source: Safety Manual, Chunk 2
SECTION 2: INVENTORY HANDLING
-----------------------------
- Use handheld scanners for all inventory movements.
- Report discrepancies immediately to the Inventory Supervisor.
- Damaged goods must be placed in the “Inspection Zone” before tagging.
- Shelves are labeled using alphanumeric codes (e.g., A1-B3).",False,nan,nan,nan,nan,nan,nan
helmet use in loading zones,keyword,Safety helmets are required in loading areas.,hybrid_70_30,0.7,0.3,4,46,0.41781138820578045,1.0,0.5924679717440463,60.728370666503906,"Source: Safety Manual, Chunk 12
SECTION 6: FIRST AID AND INCIDENT REPORTING
First Aid Kits must be:
Available every 30 meters.
Checked weekly by a safety officer.
Incident Reports:
Must be submitted within 2 hours using Form WHS-101.
Use the internal safety portal for submission.
Emergency contacts are listed on the main notice board and in Section 9.",False,nan,nan,nan,nan,nan,nan
helmet use in loading zones,keyword,Safety helmets are required in loading areas.,hybrid_70_30,0.7,0.3,5,37,0.6151183742167944,0.5,0.580582861951756,51.685646057128906,"Source: Safety Manual, Chunk 3
SECTION 3: EQUIPMENT USAGE & MAINTENANCE
----------------------------------------
- Pallet jacks and forklifts must be returned to charging docks after shift.
- Battery water levels should be checked every Monday morning.
- Only trained staff may operate powered equipment (see list in Appendix A).
- Monthly maintenance logs must be filled by the Maintenance Lead.",False,nan,nan,nan,nan,nan,nan
helmet use in loading zones,keyword,Safety helmets are required in loading areas.,hybrid_80_20,0.8,0.2,1,42,1.0,1.0,1.0,39.976314544677734,"Source: Safety Manual, Chunk 8
SECTION 2: PERSONAL PROTECTIVE EQUIPMENT (PPE)
Safety Helmets – Required at all times inside loading areas.
High-Visibility Vests – Fluorescent yellow or orange with reflective stripes.
Steel-Toed Boots – Must conform to ISO 20345:2011.
Cut-Resistant Gloves – Mandatory when handling sharp materials.
Hearing Protection – Required in areas above 85 dB",False,nan,nan,nan,nan,nan,nan
helmet use in loading zones,keyword,Safety helmets are required in loading areas.,hybrid_80_20,0.8,0.2,2,45,0.6053528080610238,1.0,0.684282246448819,52.0704345703125,"Source: Safety Manual, Chunk 11
SECTION 5: MATERIAL HANDLING AND STORAGE
Forklift operators must be certified and recertified every 2 years.
Do not exceed 1500 kg per shelving level unless labeled otherwise.
Use Class 2 ratchet straps for loads over 200 kg.
Hazardous chemicals must be stored in locked ventilated cabinets.",False,nan,nan,nan,nan,nan,nan
helmet use in loading zones,keyword,Safety helmets are required in loading areas.,hybrid_80_20,0.8,0.2,3,36,0.5749387694347448,1.0,0.6599510155477959,53.3056755065918,"Source: Safety Manual, Chunk 2
SECTION 2: INVENTORY HANDLING
-----------------------------
- Use handheld scanners for all inventory movements.
- Report discrepancies immediately to the Inventory Supervisor.
- Damaged goods must be placed in the “Inspection Zone” before tagging.
- Shelves are labeled using alphanumeric codes (e.g., A1-B3).",False,nan,nan,nan,nan,nan,nan
helmet use in loading zones,keyword,Safety helmets are required in loading areas.,hybrid_80_20,0.8,0.2,4,37,0.6151183742167944,0.5,0.5920946993734355,51.685646057128906,"Source: Safety Manual, Chunk 3
SECTION 3: EQUIPMENT USAGE & MAINTENANCE
----------------------------------------
- Pallet jacks and forklifts must be returned to charging docks after shift.
- Battery water levels should be checked every Monday morning.
- Only trained staff may operate powered equipment (see list in Appendix A).
- Monthly maintenance logs must be filled by the Maintenance Lead.",False,nan,nan,nan,nan,nan,nan
helmet use in loading zones,keyword,Safety helmets are required in loading areas.,hybrid_80_20,0.8,0.2,5,46,0.41781138820578045,1.0,0.5342491105646243,60.728370666503906,"Source: Safety Manual, Chunk 12
SECTION 6: FIRST AID AND INCIDENT REPORTING
First Aid Kits must be:
Available every 30 meters.
Checked weekly by a safety officer.
Incident Reports:
Must be submitted within 2 hours using Form WHS-101.
Use the internal safety portal for submission.
Emergency contacts are listed on the main notice board and in Section 9.",False,nan,nan,nan,nan,nan,nan
forklift operator renewal,keyword,Forklift operators must be recertified every 2 years.,semantic_only,1.0,0.0,1,45,1.0,1.0,1.0,50.65238571166992,"Source: Safety Manual, Chunk 11
SECTION 5: MATERIAL HANDLING AND STORAGE
Forklift operators must be certified and recertified every 2 years.
Do not exceed 1500 kg per shelving level unless labeled otherwise.
Use Class 2 ratchet straps for loads over 200 kg.
Hazardous chemicals must be stored in locked ventilated cabinets.",False,nan,nan,nan,nan,nan,nan
forklift operator renewal,keyword,Forklift operators must be recertified every 2 years.,semantic_only,1.0,0.0,2,37,0.8411510782581127,0.0,0.8411510782581127,55.20089340209961,"Source: Safety Manual, Chunk 3
SECTION 3: EQUIPMENT USAGE & MAINTENANCE
----------------------------------------
- Pallet jacks and forklifts must be returned to charging docks after shift.
- Battery water levels should be checked every Monday morning.
- Only trained staff may operate powered equipment (see list in Appendix A).
- Monthly maintenance logs must be filled by the Maintenance Lead.",False,nan,nan,nan,nan,nan,nan
forklift operator renewal,keyword,Forklift operators must be recertified every 2 years.,semantic_only,1.0,0.0,3,41,0.5371059142096998,0.0,0.5371059142096998,66.59394836425781,"Source: Safety Manual, Chunk 7
WAREHOUSE DAILY OPERATIONS GUIDE (2025)
========================================
SECTION 1: SHIFT TIMINGS
Morning Shift: 6:00 AM – 2:00 PM
Afternoon Shift: 2:00 PM – 10:00 PM
Night Shift: 10:00 PM – 6:00 AM
All employees must clock in no later than 5 minutes before shift start,",False,nan,nan,nan,nan,nan,nan
forklift operator renewal,keyword,Forklift operators must be recertified every 2 years.,semantic_only,1.0,0.0,4,35,0.45120469613128505,0.0,0.45120469613128505,70.70053100585938,"Source: Safety Manual, Chunk 1
WAREHOUSE DAILY OPERATIONS GUIDE (2024)
========================================

SECTION 1: SHIFT SCHEDULES & WORKFLOW
-------------------------------------
- Morning Shift: 6:00 AM – 2:00 PM
- Afternoon Shift: 2:00 PM – 10:00 PM
- Night Shift: 10:00 PM – 6:00 AM
- All workers must sign in 10 minutes before their shift and attend the team briefing.
- Daily workload is divided into receiving, inventory update, picking, packing, and dispatch.",False,nan,nan,nan,nan,nan,nan
forklift operator renewal,keyword,Forklift operators must be recertified every 2 years.,semantic_only,1.0,0.0,5,40,0.3640846917851121,0.0,0.3640846917851121,75.40849304199219,"Source: Safety Manual, Chunk 6
SECTION 6: INCIDENT REPORTING & FEEDBACK
----------------------------------------
- Any injuries, equipment damage, or process violations must be reported within 1 hour.
- Use Form WHS-207 and submit to the Shift Supervisor.
- Anonymous feedback can be left in the box outside Room B-2 or submitted via the internal portal.",False,nan,nan,nan,nan,nan,nan
forklift operator renewal,keyword,Forklift operators must be recertified every 2 years.,keyword_only,0.0,1.0,1,45,1.0,1.0,1.0,50.65238571166992,"Source: Safety Manual, Chunk 11
SECTION 5: MATERIAL HANDLING AND STORAGE
Forklift operators must be certified and recertified every 2 years.
Do not exceed 1500 kg per shelving level unless labeled otherwise.
Use Class 2 ratchet straps for loads over 200 kg.
Hazardous chemicals must be stored in locked ventilated cabinets.",False,nan,nan,nan,nan,nan,nan
forklift operator renewal,keyword,Forklift operators must be recertified every 2 years.,keyword_only,0.0,1.0,2,0,0.0253280158284006,0.0,0.0,101.60546112060547,"Item: Apple iPhone 14, Shelf: Shelf A, Shelf ID: A, Location: (-0.151, 2.203, 0.001), Stock: 10, Price: $799.99, Category: Smartphones",False,nan,nan,nan,nan,nan,nan
forklift operator renewal,keyword,Forklift operators must be recertified every 2 years.,keyword_only,0.0,1.0,3,1,0.04546236622599478,0.0,0.0,99.55633544921875,"Item: Apple iPhone 14 Pro, Shelf: Shelf A, Shelf ID: A, Location: (-0.151, 2.203, 0.001), Stock: 10, Price: $999.99, Category: Smartphones",False,nan,nan,nan,nan,nan,nan
forklift operator renewal,keyword,Forklift operators must be recertified every 2 years.,keyword_only,0.0,1.0,4,2,0.019239638137032167,0.0,0.0,102.24163818359375,"Item: Apple iPhone 13, Shelf: Shelf A, Shelf ID: A, Location: (-0.151, 2.203, 0.001), Stock: 8, Price: $599.99, Category: Smartphones",False,nan,nan,nan,nan,nan,nan
forklift operator renewal,keyword,Forklift operators must be recertified every 2 years.,keyword_only,0.0,1.0,5,3,0.07039439484020782,0.0,0.0,97.12962341308594,"Item: iPhone Charging Cable, Shelf: Shelf A, Shelf ID: A, Location: (-0.151, 2.203, 0.001), Stock: 45, Price: $19.99, Category: Accessories",False,nan,nan,nan,nan,nan,nan
forklift operator renewal,keyword,Forklift operators must be recertified every 2 years.,hybrid_50_50,0.5,0.5,1,45,1.0,1.0,1.0,50.65238571166992,"Source: Safety Manual, Chunk 11
SECTION 5: MATERIAL HANDLING AND STORAGE
Forklift operators must be certified and recertified every 2 years.
Do not exceed 1500 kg per shelving level unless labeled otherwise.
Use Class 2 ratchet straps for loads over 200 kg.
Hazardous chemicals must be stored in locked ventilated cabinets.",False,nan,nan,nan,nan,nan,nan
forklift operator renewal,keyword,Forklift operators must be recertified every 2 years.,hybrid_50_50,0.5,0.5,2,37,0.8411510782581127,0.0,0.4205755391290564,55.20089340209961,"Source: Safety Manual, Chunk 3
SECTION 3: EQUIPMENT USAGE & MAINTENANCE
----------------------------------------
- Pallet jacks and forklifts must be returned to charging docks after shift.
- Battery water levels should be checked every Monday morning.
- Only trained staff may operate powered equipment (see list in Appendix A).
- Monthly maintenance logs must be filled by the Maintenance Lead.",False,nan,nan,nan,nan,nan,nan
forklift operator renewal,keyword,Forklift operators must be recertified every 2 years.,hybrid_50_50,0.5,0.5,3,41,0.5371059142096998,0.0,0.2685529571048499,66.59394836425781,"Source: Safety Manual, Chunk 7
WAREHOUSE DAILY OPERATIONS GUIDE (2025)
========================================
SECTION 1: SHIFT TIMINGS
Morning Shift: 6:00 AM – 2:00 PM
Afternoon Shift: 2:00 PM – 10:00 PM
Night Shift: 10:00 PM – 6:00 AM
All employees must clock in no later than 5 minutes before shift start,",False,nan,nan,nan,nan,nan,nan
forklift operator renewal,keyword,Forklift operators must be recertified every 2 years.,hybrid_50_50,0.5,0.5,4,35,0.45120469613128505,0.0,0.22560234806564253,70.70053100585938,"Source: Safety Manual, Chunk 1
WAREHOUSE DAILY OPERATIONS GUIDE (2024)
========================================

SECTION 1: SHIFT SCHEDULES & WORKFLOW
-------------------------------------
- Morning Shift: 6:00 AM – 2:00 PM
- Afternoon Shift: 2:00 PM – 10:00 PM
- Night Shift: 10:00 PM – 6:00 AM
- All workers must sign in 10 minutes before their shift and attend the team briefing.
- Daily workload is divided into receiving, inventory update, picking, packing, and dispatch.",False,nan,nan,nan,nan,nan,nan
forklift operator renewal,keyword,Forklift operators must be recertified every 2 years.,hybrid_50_50,0.5,0.5,5,40,0.3640846917851121,0.0,0.18204234589255605,75.40849304199219,"Source: Safety Manual, Chunk 6
SECTION 6: INCIDENT REPORTING & FEEDBACK
----------------------------------------
- Any injuries, equipment damage, or process violations must be reported within 1 hour.
- Use Form WHS-207 and submit to the Shift Supervisor.
- Anonymous feedback can be left in the box outside Room B-2 or submitted via the internal portal.",False,nan,nan,nan,nan,nan,nan
forklift operator renewal,keyword,Forklift operators must be recertified every 2 years.,hybrid_60_40,0.6,0.4,1,45,1.0,1.0,1.0,50.65238571166992,"Source: Safety Manual, Chunk 11
SECTION 5: MATERIAL HANDLING AND STORAGE
Forklift operators must be certified and recertified every 2 years.
Do not exceed 1500 kg per shelving level unless labeled otherwise.
Use Class 2 ratchet straps for loads over 200 kg.
Hazardous chemicals must be stored in locked ventilated cabinets.",False,nan,nan,nan,nan,nan,nan
forklift operator renewal,keyword,Forklift operators must be recertified every 2 years.,hybrid_60_40,0.6,0.4,2,37,0.8411510782581127,0.0,0.5046906469548676,55.20089340209961,"Source: Safety Manual, Chunk 3
SECTION 3: EQUIPMENT USAGE & MAINTENANCE
----------------------------------------
- Pallet jacks and forklifts must be returned to charging docks after shift.
- Battery water levels should be checked every Monday morning.
- Only trained staff may operate powered equipment (see list in Appendix A).
- Monthly maintenance logs must be filled by the Maintenance Lead.",False,nan,nan,nan,nan,nan,nan
forklift operator renewal,keyword,Forklift operators must be recertified every 2 years.,hybrid_60_40,0.6,0.4,3,41,0.5371059142096998,0.0,0.32226354852581984,66.59394836425781,"Source: Safety Manual, Chunk 7
WAREHOUSE DAILY OPERATIONS GUIDE (2025)
========================================
SECTION 1: SHIFT TIMINGS
Morning Shift: 6:00 AM – 2:00 PM
Afternoon Shift: 2:00 PM – 10:00 PM
Night Shift: 10:00 PM – 6:00 AM
All employees must clock in no later than 5 minutes before shift start,",False,nan,nan,nan,nan,nan,nan
forklift operator renewal,keyword,Forklift operators must be recertified every 2 years.,hybrid_60_40,0.6,0.4,4,35,0.45120469613128505,0.0,0.27072281767877104,70.70053100585938,"Source: Safety Manual, Chunk 1
WAREHOUSE DAILY OPERATIONS GUIDE (2024)
========================================

SECTION 1: SHIFT SCHEDULES & WORKFLOW
-------------------------------------
- Morning Shift: 6:00 AM – 2:00 PM
- Afternoon Shift: 2:00 PM – 10:00 PM
- Night Shift: 10:00 PM – 6:00 AM
- All workers must sign in 10 minutes before their shift and attend the team briefing.
- Daily workload is divided into receiving, inventory update, picking, packing, and dispatch.",False,nan,nan,nan,nan,nan,nan
forklift operator renewal,keyword,Forklift operators must be recertified every 2 years.,hybrid_60_40,0.6,0.4,5,40,0.3640846917851121,0.0,0.21845081507106726,75.40849304199219,"Source: Safety Manual, Chunk 6
SECTION 6: INCIDENT REPORTING & FEEDBACK
----------------------------------------
- Any injuries, equipment damage, or process violations must be reported within 1 hour.
- Use Form WHS-207 and submit to the Shift Supervisor.
- Anonymous feedback can be left in the box outside Room B-2 or submitted via the internal portal.",False,nan,nan,nan,nan,nan,nan
forklift operator renewal,keyword,Forklift operators must be recertified every 2 years.,hybrid_70_30,0.7,0.3,1,45,1.0,1.0,1.0,50.65238571166992,"Source: Safety Manual, Chunk 11
SECTION 5: MATERIAL HANDLING AND STORAGE
Forklift operators must be certified and recertified every 2 years.
Do not exceed 1500 kg per shelving level unless labeled otherwise.
Use Class 2 ratchet straps for loads over 200 kg.
Hazardous chemicals must be stored in locked ventilated cabinets.",False,nan,nan,nan,nan,nan,nan
forklift operator renewal,keyword,Forklift operators must be recertified every 2 years.,hybrid_70_30,0.7,0.3,2,37,0.8411510782581127,0.0,0.5888057547806789,55.20089340209961,"Source: Safety Manual, Chunk 3
SECTION 3: EQUIPMENT USAGE & MAINTENANCE
----------------------------------------
- Pallet jacks and forklifts must be returned to charging docks after shift.
- Battery water levels should be checked every Monday morning.
- Only trained staff may operate powered equipment (see list in Appendix A).
- Monthly maintenance logs must be filled by the Maintenance Lead.",False,nan,nan,nan,nan,nan,nan
forklift operator renewal,keyword,Forklift operators must be recertified every 2 years.,hybrid_70_30,0.7,0.3,3,41,0.5371059142096998,0.0,0.3759741399467898,66.59394836425781,"Source: Safety Manual, Chunk 7
WAREHOUSE DAILY OPERATIONS GUIDE (2025)
========================================
SECTION 1: SHIFT TIMINGS
Morning Shift: 6:00 AM – 2:00 PM
Afternoon Shift: 2:00 PM – 10:00 PM
Night Shift: 10:00 PM – 6:00 AM
All employees must clock in no later than 5 minutes before shift start,",False,nan,nan,nan,nan,nan,nan
forklift operator renewal,keyword,Forklift operators must be recertified every 2 years.,hybrid_70_30,0.7,0.3,4,35,0.45120469613128505,0.0,0.31584328729189953,70.70053100585938,"Source: Safety Manual, Chunk 1
WAREHOUSE DAILY OPERATIONS GUIDE (2024)
========================================

SECTION 1: SHIFT SCHEDULES & WORKFLOW
-------------------------------------
- Morning Shift: 6:00 AM – 2:00 PM
- Afternoon Shift: 2:00 PM – 10:00 PM
- Night Shift: 10:00 PM – 6:00 AM
- All workers must sign in 10 minutes before their shift and attend the team briefing.
- Daily workload is divided into receiving, inventory update, picking, packing, and dispatch.",False,nan,nan,nan,nan,nan,nan
forklift operator renewal,keyword,Forklift operators must be recertified every 2 years.,hybrid_70_30,0.7,0.3,5,40,0.3640846917851121,0.0,0.25485928424957843,75.40849304199219,"Source: Safety Manual, Chunk 6
SECTION 6: INCIDENT REPORTING & FEEDBACK
----------------------------------------
- Any injuries, equipment damage, or process violations must be reported within 1 hour.
- Use Form WHS-207 and submit to the Shift Supervisor.
- Anonymous feedback can be left in the box outside Room B-2 or submitted via the internal portal.",False,nan,nan,nan,nan,nan,nan
forklift operator renewal,keyword,Forklift operators must be recertified every 2 years.,hybrid_80_20,0.8,0.2,1,45,1.0,1.0,1.0,50.65238571166992,"Source: Safety Manual, Chunk 11
SECTION 5: MATERIAL HANDLING AND STORAGE
Forklift operators must be certified and recertified every 2 years.
Do not exceed 1500 kg per shelving level unless labeled otherwise.
Use Class 2 ratchet straps for loads over 200 kg.
Hazardous chemicals must be stored in locked ventilated cabinets.",False,nan,nan,nan,nan,nan,nan
forklift operator renewal,keyword,Forklift operators must be recertified every 2 years.,hybrid_80_20,0.8,0.2,2,37,0.8411510782581127,0.0,0.6729208626064902,55.20089340209961,"Source: Safety Manual, Chunk 3
SECTION 3: EQUIPMENT USAGE & MAINTENANCE
----------------------------------------
- Pallet jacks and forklifts must be returned to charging docks after shift.
- Battery water levels should be checked every Monday morning.
- Only trained staff may operate powered equipment (see list in Appendix A).
- Monthly maintenance logs must be filled by the Maintenance Lead.",False,nan,nan,nan,nan,nan,nan
forklift operator renewal,keyword,Forklift operators must be recertified every 2 years.,hybrid_80_20,0.8,0.2,3,41,0.5371059142096998,0.0,0.42968473136775986,66.59394836425781,"Source: Safety Manual, Chunk 7
WAREHOUSE DAILY OPERATIONS GUIDE (2025)
========================================
SECTION 1: SHIFT TIMINGS
Morning Shift: 6:00 AM – 2:00 PM
Afternoon Shift: 2:00 PM – 10:00 PM
Night Shift: 10:00 PM – 6:00 AM
All employees must clock in no later than 5 minutes before shift start,",False,nan,nan,nan,nan,nan,nan
forklift operator renewal,keyword,Forklift operators must be recertified every 2 years.,hybrid_80_20,0.8,0.2,4,35,0.45120469613128505,0.0,0.3609637569050281,70.70053100585938,"Source: Safety Manual, Chunk 1
WAREHOUSE DAILY OPERATIONS GUIDE (2024)
========================================

SECTION 1: SHIFT SCHEDULES & WORKFLOW
-------------------------------------
- Morning Shift: 6:00 AM – 2:00 PM
- Afternoon Shift: 2:00 PM – 10:00 PM
- Night Shift: 10:00 PM – 6:00 AM
- All workers must sign in 10 minutes before their shift and attend the team briefing.
- Daily workload is divided into receiving, inventory update, picking, packing, and dispatch.",False,nan,nan,nan,nan,nan,nan
forklift operator renewal,keyword,Forklift operators must be recertified every 2 years.,hybrid_80_20,0.8,0.2,5,40,0.3640846917851121,0.0,0.2912677534280897,75.40849304199219,"Source: Safety Manual, Chunk 6
SECTION 6: INCIDENT REPORTING & FEEDBACK
----------------------------------------
- Any injuries, equipment damage, or process violations must be reported within 1 hour.
- Use Form WHS-207 and submit to the Shift Supervisor.
- Anonymous feedback can be left in the box outside Room B-2 or submitted via the internal portal.",False,nan,nan,nan,nan,nan,nan
chemical storage ventilation,keyword,"Hazardous chemicals must be stored in locked, ventilated cabinets.",semantic_only,1.0,0.0,1,38,1.0,0.0,1.0,57.325050354003906,"Source: Safety Manual, Chunk 4
SECTION 4: CLEANLINESS & WASTE DISPOSAL
---------------------------------------
- Floors must be swept at the end of each shift.
- Spillages must be reported and cleaned immediately using absorbent pads.
- Recycling bins are color-coded:
  - Blue: Paper/Cardboard
  - Green: Plastic
  - Red: Hazardous waste
- All cleaning supplies are stored in Room C-14.",False,nan,nan,nan,nan,nan,nan
chemical storage ventilation,keyword,"Hazardous chemicals must be stored in locked, ventilated cabinets.",semantic_only,1.0,0.0,2,36,0.713919989509981,0.0,0.713919989509981,64.39051055908203,"Source: Safety Manual, Chunk 2
SECTION 2: INVENTORY HANDLING
-----------------------------
- Use handheld scanners for all inventory movements.
- Report discrepancies immediately to the Inventory Supervisor.
- Damaged goods must be placed in the “Inspection Zone” before tagging.
- Shelves are labeled using alphanumeric codes (e.g., A1-B3).",False,nan,nan,nan,nan,nan,nan
chemical storage ventilation,keyword,"Hazardous chemicals must be stored in locked, ventilated cabinets.",semantic_only,1.0,0.0,3,45,0.6799321925494465,1.0,0.6799321925494465,65.34535217285156,"Source: Safety Manual, Chunk 11
SECTION 5: MATERIAL HANDLING AND STORAGE
Forklift operators must be certified and recertified every 2 years.
Do not exceed 1500 kg per shelving level unless labeled otherwise.
Use Class 2 ratchet straps for loads over 200 kg.
Hazardous chemicals must be stored in locked ventilated cabinets.",False,nan,nan,nan,nan,nan,nan
chemical storage ventilation,keyword,"Hazardous chemicals must be stored in locked, ventilated cabinets.",semantic_only,1.0,0.0,4,39,0.5281195239250477,0.0,0.5281195239250477,69.97453308105469,"Source: Safety Manual, Chunk 5
SECTION 5: SECURITY & ACCESS CONTROL
-------------------------------------
- Entry to the warehouse requires ID badge scans.
- All doors auto-lock after 8:00 PM.
- Visitors must be logged in at the front desk and accompanied at all times.
- Security footage is retained for 30 days and reviewed weekly.",False,nan,nan,nan,nan,nan,nan
chemical storage ventilation,keyword,"Hazardous chemicals must be stored in locked, ventilated cabinets.",semantic_only,1.0,0.0,5,37,0.5196694696394399,0.0,0.5196694696394399,70.25125122070312,"Source: Safety Manual, Chunk 3
SECTION 3: EQUIPMENT USAGE & MAINTENANCE
----------------------------------------
- Pallet jacks and forklifts must be returned to charging docks after shift.
- Battery water levels should be checked every Monday morning.
- Only trained staff may operate powered equipment (see list in Appendix A).
- Monthly maintenance logs must be filled by the Maintenance Lead.",False,nan,nan,nan,nan,nan,nan
chemical storage ventilation,keyword,"Hazardous chemicals must be stored in locked, ventilated cabinets.",keyword_only,0.0,1.0,1,45,0.6799321925494465,1.0,1.0,65.34535217285156,"Source: Safety Manual, Chunk 11
SECTION 5: MATERIAL HANDLING AND STORAGE
Forklift operators must be certified and recertified every 2 years.
Do not exceed 1500 kg per shelving level unless labeled otherwise.
Use Class 2 ratchet straps for loads over 200 kg.
Hazardous chemicals must be stored in locked ventilated cabinets.",False,nan,nan,nan,nan,nan,nan
chemical storage ventilation,keyword,"Hazardous chemicals must be stored in locked, ventilated cabinets.",keyword_only,0.0,1.0,2,0,0.028171418304283873,0.0,0.0,91.14828491210938,"Item: Apple iPhone 14, Shelf: Shelf A, Shelf ID: A, Location: (-0.151, 2.203, 0.001), Stock: 10, Price: $799.99, Category: Smartphones",False,nan,nan,nan,nan,nan,nan
chemical storage ventilation,keyword,"Hazardous chemicals must be stored in locked, ventilated cabinets.",keyword_only,0.0,1.0,3,1,0.010163873775688188,0.0,0.0,92.14921569824219,"Item: Apple iPhone 14 Pro, Shelf: Shelf A, Shelf ID: A, Location: (-0.151, 2.203, 0.001), Stock: 10, Price: $999.99, Category: Smartphones",False,nan,nan,nan,nan,nan,nan
chemical storage ventilation,keyword,"Hazardous chemicals must be stored in locked, ventilated cabinets.",keyword_only,0.0,1.0,4,2,0.0,0.0,0.0,92.72382354736328,"Item: Apple iPhone 13, Shelf: Shelf A, Shelf ID: A, Location: (-0.151, 2.203, 0.001), Stock: 8, Price: $599.99, Category: Smartphones",False,nan,nan,nan,nan,nan,nan
chemical storage ventilation,keyword,"Hazardous chemicals must be stored in locked, ventilated cabinets.",keyword_only,0.0,1.0,5,3,0.10985777998920104,0.0,0.0,86.86538696289062,"Item: iPhone Charging Cable, Shelf: Shelf A, Shelf ID: A, Location: (-0.151, 2.203, 0.001), Stock: 45, Price: $19.99, Category: Accessories",False,nan,nan,nan,nan,nan,nan
chemical storage ventilation,keyword,"Hazardous chemicals must be stored in locked, ventilated cabinets.",hybrid_50_50,0.5,0.5,1,45,0.6799321925494465,1.0,0.8399660962747233,65.34535217285156,"Source: Safety Manual, Chunk 11
SECTION 5: MATERIAL HANDLING AND STORAGE
Forklift operators must be certified and recertified every 2 years.
Do not exceed 1500 kg per shelving level unless labeled otherwise.
Use Class 2 ratchet straps for loads over 200 kg.
Hazardous chemicals must be stored in locked ventilated cabinets.",False,nan,nan,nan,nan,nan,nan
chemical storage ventilation,keyword,"Hazardous chemicals must be stored in locked, ventilated cabinets.",hybrid_50_50,0.5,0.5,2,38,1.0,0.0,0.5,57.325050354003906,"Source: Safety Manual, Chunk 4
SECTION 4: CLEANLINESS & WASTE DISPOSAL
---------------------------------------
- Floors must be swept at the end of each shift.
- Spillages must be reported and cleaned immediately using absorbent pads.
- Recycling bins are color-coded:
  - Blue: Paper/Cardboard
  - Green: Plastic
  - Red: Hazardous waste
- All cleaning supplies are stored in Room C-14.",False,nan,nan,nan,nan,nan,nan
chemical storage ventilation,keyword,"Hazardous chemicals must be stored in locked, ventilated cabinets.",hybrid_50_50,0.5,0.5,3,36,0.713919989509981,0.0,0.3569599947549905,64.39051055908203,"Source: Safety Manual, Chunk 2
SECTION 2: INVENTORY HANDLING
-----------------------------
- Use handheld scanners for all inventory movements.
- Report discrepancies immediately to the Inventory Supervisor.
- Damaged goods must be placed in the “Inspection Zone” before tagging.
- Shelves are labeled using alphanumeric codes (e.g., A1-B3).",False,nan,nan,nan,nan,nan,nan
chemical storage ventilation,keyword,"Hazardous chemicals must be stored in locked, ventilated cabinets.",hybrid_50_50,0.5,0.5,4,39,0.5281195239250477,0.0,0.26405976196252384,69.97453308105469,"Source: Safety Manual, Chunk 5
SECTION 5: SECURITY & ACCESS CONTROL
-------------------------------------
- Entry to the warehouse requires ID badge scans.
- All doors auto-lock after 8:00 PM.
- Visitors must be logged in at the front desk and accompanied at all times.
- Security footage is retained for 30 days and reviewed weekly.",False,nan,nan,nan,nan,nan,nan
chemical storage ventilation,keyword,"Hazardous chemicals must be stored in locked, ventilated cabinets.",hybrid_50_50,0.5,0.5,5,37,0.5196694696394399,0.0,0.25983473481971997,70.25125122070312,"Source: Safety Manual, Chunk 3
SECTION 3: EQUIPMENT USAGE & MAINTENANCE
----------------------------------------
- Pallet jacks and forklifts must be returned to charging docks after shift.
- Battery water levels should be checked every Monday morning.
- Only trained staff may operate powered equipment (see list in Appendix A).
- Monthly maintenance logs must be filled by the Maintenance Lead.",False,nan,nan,nan,nan,nan,nan
chemical storage ventilation,keyword,"Hazardous chemicals must be stored in locked, ventilated cabinets.",hybrid_60_40,0.6,0.4,1,45,0.6799321925494465,1.0,0.8079593155296678,65.34535217285156,"Source: Safety Manual, Chunk 11
SECTION 5: MATERIAL HANDLING AND STORAGE
Forklift operators must be certified and recertified every 2 years.
Do not exceed 1500 kg per shelving level unless labeled otherwise.
Use Class 2 ratchet straps for loads over 200 kg.
Hazardous chemicals must be stored in locked ventilated cabinets.",False,nan,nan,nan,nan,nan,nan
chemical storage ventilation,keyword,"Hazardous chemicals must be stored in locked, ventilated cabinets.",hybrid_60_40,0.6,0.4,2,38,1.0,0.0,0.6,57.325050354003906,"Source: Safety Manual, Chunk 4
SECTION 4: CLEANLINESS & WASTE DISPOSAL
---------------------------------------
- Floors must be swept at the end of each shift.
- Spillages must be reported and cleaned immediately using absorbent pads.
- Recycling bins are color-coded:
  - Blue: Paper/Cardboard
  - Green: Plastic
  - Red: Hazardous waste
- All cleaning supplies are stored in Room C-14.",False,nan,nan,nan,nan,nan,nan
chemical storage ventilation,keyword,"Hazardous chemicals must be stored in locked, ventilated cabinets.",hybrid_60_40,0.6,0.4,3,36,0.713919989509981,0.0,0.4283519937059886,64.39051055908203,"Source: Safety Manual, Chunk 2
SECTION 2: INVENTORY HANDLING
-----------------------------
- Use handheld scanners for all inventory movements.
- Report discrepancies immediately to the Inventory Supervisor.
- Damaged goods must be placed in the “Inspection Zone” before tagging.
- Shelves are labeled using alphanumeric codes (e.g., A1-B3).",False,nan,nan,nan,nan,nan,nan
chemical storage ventilation,keyword,"Hazardous chemicals must be stored in locked, ventilated cabinets.",hybrid_60_40,0.6,0.4,4,39,0.5281195239250477,0.0,0.3168717143550286,69.97453308105469,"Source: Safety Manual, Chunk 5
SECTION 5: SECURITY & ACCESS CONTROL
-------------------------------------
- Entry to the warehouse requires ID badge scans.
- All doors auto-lock after 8:00 PM.
- Visitors must be logged in at the front desk and accompanied at all times.
- Security footage is retained for 30 days and reviewed weekly.",False,nan,nan,nan,nan,nan,nan
chemical storage ventilation,keyword,"Hazardous chemicals must be stored in locked, ventilated cabinets.",hybrid_60_40,0.6,0.4,5,37,0.5196694696394399,0.0,0.31180168178366396,70.25125122070312,"Source: Safety Manual, Chunk 3
SECTION 3: EQUIPMENT USAGE & MAINTENANCE
----------------------------------------
- Pallet jacks and forklifts must be returned to charging docks after shift.
- Battery water levels should be checked every Monday morning.
- Only trained staff may operate powered equipment (see list in Appendix A).
- Monthly maintenance logs must be filled by the Maintenance Lead.",False,nan,nan,nan,nan,nan,nan
chemical storage ventilation,keyword,"Hazardous chemicals must be stored in locked, ventilated cabinets.",hybrid_70_30,0.7,0.3,1,45,0.6799321925494465,1.0,0.7759525347846126,65.34535217285156,"Source: Safety Manual, Chunk 11
SECTION 5: MATERIAL HANDLING AND STORAGE
Forklift operators must be certified and recertified every 2 years.
Do not exceed 1500 kg per shelving level unless labeled otherwise.
Use Class 2 ratchet straps for loads over 200 kg.
Hazardous chemicals must be stored in locked ventilated cabinets.",False,nan,nan,nan,nan,nan,nan
chemical storage ventilation,keyword,"Hazardous chemicals must be stored in locked, ventilated cabinets.",hybrid_70_30,0.7,0.3,2,38,1.0,0.0,0.7,57.325050354003906,"Source: Safety Manual, Chunk 4
SECTION 4: CLEANLINESS & WASTE DISPOSAL
---------------------------------------
- Floors must be swept at the end of each shift.
- Spillages must be reported and cleaned immediately using absorbent pads.
- Recycling bins are color-coded:
  - Blue: Paper/Cardboard
  - Green: Plastic
  - Red: Hazardous waste
- All cleaning supplies are stored in Room C-14.",False,nan,nan,nan,nan,nan,nan
chemical storage ventilation,keyword,"Hazardous chemicals must be stored in locked, ventilated cabinets.",hybrid_70_30,0.7,0.3,3,36,0.713919989509981,0.0,0.4997439926569867,64.39051055908203,"Source: Safety Manual, Chunk 2
SECTION 2: INVENTORY HANDLING
-----------------------------
- Use handheld scanners for all inventory movements.
- Report discrepancies immediately to the Inventory Supervisor.
- Damaged goods must be placed in the “Inspection Zone” before tagging.
- Shelves are labeled using alphanumeric codes (e.g., A1-B3).",False,nan,nan,nan,nan,nan,nan
chemical storage ventilation,keyword,"Hazardous chemicals must be stored in locked, ventilated cabinets.",hybrid_70_30,0.7,0.3,4,39,0.5281195239250477,0.0,0.36968366674753333,69.97453308105469,"Source: Safety Manual, Chunk 5
SECTION 5: SECURITY & ACCESS CONTROL
-------------------------------------
- Entry to the warehouse requires ID badge scans.
- All doors auto-lock after 8:00 PM.
- Visitors must be logged in at the front desk and accompanied at all times.
- Security footage is retained for 30 days and reviewed weekly.",False,nan,nan,nan,nan,nan,nan
chemical storage ventilation,keyword,"Hazardous chemicals must be stored in locked, ventilated cabinets.",hybrid_70_30,0.7,0.3,5,37,0.5196694696394399,0.0,0.36376862874760796,70.25125122070312,"Source: Safety Manual, Chunk 3
SECTION 3: EQUIPMENT USAGE & MAINTENANCE
----------------------------------------
- Pallet jacks and forklifts must be returned to charging docks after shift.
- Battery water levels should be checked every Monday morning.
- Only trained staff may operate powered equipment (see list in Appendix A).
- Monthly maintenance logs must be filled by the Maintenance Lead.",False,nan,nan,nan,nan,nan,nan
chemical storage ventilation,keyword,"Hazardous chemicals must be stored in locked, ventilated cabinets.",hybrid_80_20,0.8,0.2,1,38,1.0,0.0,0.8,57.325050354003906,"Source: Safety Manual, Chunk 4
SECTION 4: CLEANLINESS & WASTE DISPOSAL
---------------------------------------
- Floors must be swept at the end of each shift.
- Spillages must be reported and cleaned immediately using absorbent pads.
- Recycling bins are color-coded:
  - Blue: Paper/Cardboard
  - Green: Plastic
  - Red: Hazardous waste
- All cleaning supplies are stored in Room C-14.",False,nan,nan,nan,nan,nan,nan
chemical storage ventilation,keyword,"Hazardous chemicals must be stored in locked, ventilated cabinets.",hybrid_80_20,0.8,0.2,2,45,0.6799321925494465,1.0,0.7439457540395573,65.34535217285156,"Source: Safety Manual, Chunk 11
SECTION 5: MATERIAL HANDLING AND STORAGE
Forklift operators must be certified and recertified every 2 years.
Do not exceed 1500 kg per shelving level unless labeled otherwise.
Use Class 2 ratchet straps for loads over 200 kg.
Hazardous chemicals must be stored in locked ventilated cabinets.",False,nan,nan,nan,nan,nan,nan
chemical storage ventilation,keyword,"Hazardous chemicals must be stored in locked, ventilated cabinets.",hybrid_80_20,0.8,0.2,3,36,0.713919989509981,0.0,0.5711359916079849,64.39051055908203,"Source: Safety Manual, Chunk 2
SECTION 2: INVENTORY HANDLING
-----------------------------
- Use handheld scanners for all inventory movements.
- Report discrepancies immediately to the Inventory Supervisor.
- Damaged goods must be placed in the “Inspection Zone” before tagging.
- Shelves are labeled using alphanumeric codes (e.g., A1-B3).",False,nan,nan,nan,nan,nan,nan
chemical storage ventilation,keyword,"Hazardous chemicals must be stored in locked, ventilated cabinets.",hybrid_80_20,0.8,0.2,4,39,0.5281195239250477,0.0,0.4224956191400382,69.97453308105469,"Source: Safety Manual, Chunk 5
SECTION 5: SECURITY & ACCESS CONTROL
-------------------------------------
- Entry to the warehouse requires ID badge scans.
- All doors auto-lock after 8:00 PM.
- Visitors must be logged in at the front desk and accompanied at all times.
- Security footage is retained for 30 days and reviewed weekly.",False,nan,nan,nan,nan,nan,nan
chemical storage ventilation,keyword,"Hazardous chemicals must be stored in locked, ventilated cabinets.",hybrid_80_20,0.8,0.2,5,37,0.5196694696394399,0.0,0.41573557571155195,70.25125122070312,"Source: Safety Manual, Chunk 3
SECTION 3: EQUIPMENT USAGE & MAINTENANCE
----------------------------------------
- Pallet jacks and forklifts must be returned to charging docks after shift.
- Battery water levels should be checked every Monday morning.
- Only trained staff may operate powered equipment (see list in Appendix A).
- Monthly maintenance logs must be filled by the Maintenance Lead.",False,nan,nan,nan,nan,nan,nan
emergency exit markings,keyword,"Each zone must have at least 2 emergency exits, and the exits must be clearly marked.",semantic_only,1.0,0.0,1,43,1.0,1.0,1.0,55.69956970214844,"Source: Safety Manual, Chunk 9
SECTION 3: FIRE SAFETY & EVACUATION PROCEDURES
Fire Extinguishers: One every 15 meters; monthly inspection.
Emergency Exits: At least two per zone, clearly marked.
Evacuation Drills: Every 6 months; missed drills require retraining.
Assembly Points: 50 meters from building, marked with green signage.
Never use elevators during evacuation.",False,nan,nan,nan,nan,nan,nan
emergency exit markings,keyword,"Each zone must have at least 2 emergency exits, and the exits must be clearly marked.",semantic_only,1.0,0.0,2,39,0.7707812805448174,0.0,0.7707812805448174,62.88532638549805,"Source: Safety Manual, Chunk 5
SECTION 5: SECURITY & ACCESS CONTROL
-------------------------------------
- Entry to the warehouse requires ID badge scans.
- All doors auto-lock after 8:00 PM.
- Visitors must be logged in at the front desk and accompanied at all times.
- Security footage is retained for 30 days and reviewed weekly.",False,nan,nan,nan,nan,nan,nan
emergency exit markings,keyword,"Each zone must have at least 2 emergency exits, and the exits must be clearly marked.",semantic_only,1.0,0.0,3,46,0.7062683693724631,1.0,0.7062683693724631,65.24832916259766,"Source: Safety Manual, Chunk 12
SECTION 6: FIRST AID AND INCIDENT REPORTING
First Aid Kits must be:
Available every 30 meters.
Checked weekly by a safety officer.
Incident Reports:
Must be submitted within 2 hours using Form WHS-101.
Use the internal safety portal for submission.
Emergency contacts are listed on the main notice board and in Section 9.",False,nan,nan,nan,nan,nan,nan
emergency exit markings,keyword,"Each zone must have at least 2 emergency exits, and the exits must be clearly marked.",semantic_only,1.0,0.0,4,47,0.6780889516934439,1.0,0.6780889516934439,66.33625030517578,"Source: Safety Manual, Chunk 13
SECTION 7: TRAINING AND CERTIFICATION
Safety Training is required:
Annually for all employees.
Immediately after any safety violation or accident.
Lockout/Tagout procedures must be reviewed every 12 months.


SECTION 8: EMERGENCY CONTACTS
Fire Department: 101
Police: 100
On-site Medical Officer: Ext. 221
Warehouse Safety Lead: Ext. 115",False,nan,nan,nan,nan,nan,nan
emergency exit markings,keyword,"Each zone must have at least 2 emergency exits, and the exits must be clearly marked.",semantic_only,1.0,0.0,5,40,0.6492880423836547,0.0,0.6492880423836547,67.4857177734375,"Source: Safety Manual, Chunk 6
SECTION 6: INCIDENT REPORTING & FEEDBACK
----------------------------------------
- Any injuries, equipment damage, or process violations must be reported within 1 hour.
- Use Form WHS-207 and submit to the Shift Supervisor.
- Anonymous feedback can be left in the box outside Room B-2 or submitted via the internal portal.",False,nan,nan,nan,nan,nan,nan
emergency exit markings,keyword,"Each zone must have at least 2 emergency exits, and the exits must be clearly marked.",keyword_only,0.0,1.0,1,43,1.0,1.0,1.0,55.69956970214844,"Source: Safety Manual, Chunk 9
SECTION 3: FIRE SAFETY & EVACUATION PROCEDURES
Fire Extinguishers: One every 15 meters; monthly inspection.
Emergency Exits: At least two per zone, clearly marked.
Evacuation Drills: Every 6 months; missed drills require retraining.
Assembly Points: 50 meters from building, marked with green signage.
Never use elevators during evacuation.",False,nan,nan,nan,nan,nan,nan
emergency exit markings,keyword,"Each zone must have at least 2 emergency exits, and the exits must be clearly marked.",keyword_only,0.0,1.0,2,46,0.7062683693724631,1.0,1.0,65.24832916259766,"Source: Safety Manual, Chunk 12
SECTION 6: FIRST AID AND INCIDENT REPORTING
First Aid Kits must be:
Available every 30 meters.
Checked weekly by a safety officer.
Incident Reports:
Must be submitted within 2 hours using Form WHS-101.
Use the internal safety portal for submission.
Emergency contacts are listed on the main notice board and in Section 9.",False,nan,nan,nan,nan,nan,nan
emergency exit markings,keyword,"Each zone must have at least 2 emergency exits, and the exits must be clearly marked.",keyword_only,0.0,1.0,3,47,0.6780889516934439,1.0,1.0,66.33625030517578,"Source: Safety Manual, Chunk 13
SECTION 7: TRAINING AND CERTIFICATION
Safety Training is required:
Annually for all employees.
Immediately after any safety violation or accident.
Lockout/Tagout procedures must be reviewed every 12 months.


SECTION 8: EMERGENCY CONTACTS
Fire Department: 101
Police: 100
On-site Medical Officer: Ext. 221
Warehouse Safety Lead: Ext. 115",False,nan,nan,nan,nan,nan,nan
emergency exit markings,keyword,"Each zone must have at least 2 emergency exits, and the exits must be clearly marked.",keyword_only,0.0,1.0,4,0,0.01627590443452027,0.0,0.0,108.61082458496094,"Item: Apple iPhone 14, Shelf: Shelf A, Shelf ID: A, Location: (-0.151, 2.203, 0.001), Stock: 10, Price: $799.99, Category: Smartphones",False,nan,nan,nan,nan,nan,nan
emergency exit markings,keyword,"Each zone must have at least 2 emergency exits, and the exits must be clearly marked.",keyword_only,0.0,1.0,5,1,0.0326048748280354,0.0,0.0,106.9388427734375,"Item: Apple iPhone 14 Pro, Shelf: Shelf A, Shelf ID: A, Location: (-0.151, 2.203, 0.001), Stock: 10, Price: $999.99, Category: Smartphones",False,nan,nan,nan,nan,nan,nan
emergency exit markings,keyword,"Each zone must have at least 2 emergency exits, and the exits must be clearly marked.",hybrid_50_50,0.5,0.5,1,43,1.0,1.0,1.0,55.69956970214844,"Source: Safety Manual, Chunk 9
SECTION 3: FIRE SAFETY & EVACUATION PROCEDURES
Fire Extinguishers: One every 15 meters; monthly inspection.
Emergency Exits: At least two per zone, clearly marked.
Evacuation Drills: Every 6 months; missed drills require retraining.
Assembly Points: 50 meters from building, marked with green signage.
Never use elevators during evacuation.",False,nan,nan,nan,nan,nan,nan
emergency exit markings,keyword,"Each zone must have at least 2 emergency exits, and the exits must be clearly marked.",hybrid_50_50,0.5,0.5,2,46,0.7062683693724631,1.0,0.8531341846862315,65.24832916259766,"Source: Safety Manual, Chunk 12
SECTION 6: FIRST AID AND INCIDENT REPORTING
First Aid Kits must be:
Available every 30 meters.
Checked weekly by a safety officer.
Incident Reports:
Must be submitted within 2 hours using Form WHS-101.
Use the internal safety portal for submission.
Emergency contacts are listed on the main notice board and in Section 9.",False,nan,nan,nan,nan,nan,nan
emergency exit markings,keyword,"Each zone must have at least 2 emergency exits, and the exits must be clearly marked.",hybrid_50_50,0.5,0.5,3,47,0.6780889516934439,1.0,0.8390444758467219,66.33625030517578,"Source: Safety Manual, Chunk 13
SECTION 7: TRAINING AND CERTIFICATION
Safety Training is required:
Annually for all employees.
Immediately after any safety violation or accident.
Lockout/Tagout procedures must be reviewed every 12 months.


SECTION 8: EMERGENCY CONTACTS
Fire Department: 101
Police: 100
On-site Medical Officer: Ext. 221
Warehouse Safety Lead: Ext. 115",False,nan,nan,nan,nan,nan,nan
emergency exit markings,keyword,"Each zone must have at least 2 emergency exits, and the exits must be clearly marked.",hybrid_50_50,0.5,0.5,4,39,0.7707812805448174,0.0,0.3853906402724087,62.88532638549805,"Source: Safety Manual, Chunk 5
SECTION 5: SECURITY & ACCESS CONTROL
-------------------------------------
- Entry to the warehouse requires ID badge scans.
- All doors auto-lock after 8:00 PM.
- Visitors must be logged in at the front desk and accompanied at all times.
- Security footage is retained for 30 days and reviewed weekly.",False,nan,nan,nan,nan,nan,nan
emergency exit markings,keyword,"Each zone must have at least 2 emergency exits, and the exits must be clearly marked.",hybrid_50_50,0.5,0.5,5,40,0.6492880423836547,0.0,0.32464402119182734,67.4857177734375,"Source: Safety Manual, Chunk 6
SECTION 6: INCIDENT REPORTING & FEEDBACK
----------------------------------------
- Any injuries, equipment damage, or process violations must be reported within 1 hour.
- Use Form WHS-207 and submit to the Shift Supervisor.
- Anonymous feedback can be left in the box outside Room B-2 or submitted via the internal portal.",False,nan,nan,nan,nan,nan,nan
emergency exit markings,keyword,"Each zone must have at least 2 emergency exits, and the exits must be clearly marked.",hybrid_60_40,0.6,0.4,1,43,1.0,1.0,1.0,55.69956970214844,"Source: Safety Manual, Chunk 9
SECTION 3: FIRE SAFETY & EVACUATION PROCEDURES
Fire Extinguishers: One every 15 meters; monthly inspection.
Emergency Exits: At least two per zone, clearly marked.
Evacuation Drills: Every 6 months; missed drills require retraining.
Assembly Points: 50 meters from building, marked with green signage.
Never use elevators during evacuation.",False,nan,nan,nan,nan,nan,nan
emergency exit markings,keyword,"Each zone must have at least 2 emergency exits, and the exits must be clearly marked.",hybrid_60_40,0.6,0.4,2,46,0.7062683693724631,1.0,0.8237610216234779,65.24832916259766,"Source: Safety Manual, Chunk 12
SECTION 6: FIRST AID AND INCIDENT REPORTING
First Aid Kits must be:
Available every 30 meters.
Checked weekly by a safety officer.
Incident Reports:
Must be submitted within 2 hours using Form WHS-101.
Use the internal safety portal for submission.
Emergency contacts are listed on the main notice board and in Section 9.",False,nan,nan,nan,nan,nan,nan
emergency exit markings,keyword,"Each zone must have at least 2 emergency exits, and the exits must be clearly marked.",hybrid_60_40,0.6,0.4,3,47,0.6780889516934439,1.0,0.8068533710160664,66.33625030517578,"Source: Safety Manual, Chunk 13
SECTION 7: TRAINING AND CERTIFICATION
Safety Training is required:
Annually for all employees.
Immediately after any safety violation or accident.
Lockout/Tagout procedures must be reviewed every 12 months.


SECTION 8: EMERGENCY CONTACTS
Fire Department: 101
Police: 100
On-site Medical Officer: Ext. 221
Warehouse Safety Lead: Ext. 115",False,nan,nan,nan,nan,nan,nan
emergency exit markings,keyword,"Each zone must have at least 2 emergency exits, and the exits must be clearly marked.",hybrid_60_40,0.6,0.4,4,39,0.7707812805448174,0.0,0.46246876832689043,62.88532638549805,"Source: Safety Manual, Chunk 5
SECTION 5: SECURITY & ACCESS CONTROL
-------------------------------------
- Entry to the warehouse requires ID badge scans.
- All doors auto-lock after 8:00 PM.
- Visitors must be logged in at the front desk and accompanied at all times.
- Security footage is retained for 30 days and reviewed weekly.",False,nan,nan,nan,nan,nan,nan
emergency exit markings,keyword,"Each zone must have at least 2 emergency exits, and the exits must be clearly marked.",hybrid_60_40,0.6,0.4,5,40,0.6492880423836547,0.0,0.3895728254301928,67.4857177734375,"Source: Safety Manual, Chunk 6
SECTION 6: INCIDENT REPORTING & FEEDBACK
----------------------------------------
- Any injuries, equipment damage, or process violations must be reported within 1 hour.
- Use Form WHS-207 and submit to the Shift Supervisor.
- Anonymous feedback can be left in the box outside Room B-2 or submitted via the internal portal.",False,nan,nan,nan,nan,nan,nan
emergency exit markings,keyword,"Each zone must have at least 2 emergency exits, and the exits must be clearly marked.",hybrid_70_30,0.7,0.3,1,43,1.0,1.0,1.0,55.69956970214844,"Source: Safety Manual, Chunk 9
SECTION 3: FIRE SAFETY & EVACUATION PROCEDURES
Fire Extinguishers: One every 15 meters; monthly inspection.
Emergency Exits: At least two per zone, clearly marked.
Evacuation Drills: Every 6 months; missed drills require retraining.
Assembly Points: 50 meters from building, marked with green signage.
Never use elevators during evacuation.",False,nan,nan,nan,nan,nan,nan
emergency exit markings,keyword,"Each zone must have at least 2 emergency exits, and the exits must be clearly marked.",hybrid_70_30,0.7,0.3,2,46,0.7062683693724631,1.0,0.794387858560724,65.24832916259766,"Source: Safety Manual, Chunk 12
SECTION 6: FIRST AID AND INCIDENT REPORTING
First Aid Kits must be:
Available every 30 meters.
Checked weekly by a safety officer.
Incident Reports:
Must be submitted within 2 hours using Form WHS-101.
Use the internal safety portal for submission.
Emergency contacts are listed on the main notice board and in Section 9.",False,nan,nan,nan,nan,nan,nan
emergency exit markings,keyword,"Each zone must have at least 2 emergency exits, and the exits must be clearly marked.",hybrid_70_30,0.7,0.3,3,47,0.6780889516934439,1.0,0.7746622661854107,66.33625030517578,"Source: Safety Manual, Chunk 13
SECTION 7: TRAINING AND CERTIFICATION
Safety Training is required:
Annually for all employees.
Immediately after any safety violation or accident.
Lockout/Tagout procedures must be reviewed every 12 months.


SECTION 8: EMERGENCY CONTACTS
Fire Department: 101
Police: 100
On-site Medical Officer: Ext. 221
Warehouse Safety Lead: Ext. 115",False,nan,nan,nan,nan,nan,nan
emergency exit markings,keyword,"Each zone must have at least 2 emergency exits, and the exits must be clearly marked.",hybrid_70_30,0.7,0.3,4,39,0.7707812805448174,0.0,0.5395468963813722,62.88532638549805,"Source: Safety Manual, Chunk 5
SECTION 5: SECURITY & ACCESS CONTROL
-------------------------------------
- Entry to the warehouse requires ID badge scans.
- All doors auto-lock after 8:00 PM.
- Visitors must be logged in at the front desk and accompanied at all times.
- Security footage is retained for 30 days and reviewed weekly.",False,nan,nan,nan,nan,nan,nan
emergency exit markings,keyword,"Each zone must have at least 2 emergency exits, and the exits must be clearly marked.",hybrid_70_30,0.7,0.3,5,40,0.6492880423836547,0.0,0.4545016296685582,67.4857177734375,"Source: Safety Manual, Chunk 6
SECTION 6: INCIDENT REPORTING & FEEDBACK
----------------------------------------
- Any injuries, equipment damage, or process violations must be reported within 1 hour.
- Use Form WHS-207 and submit to the Shift Supervisor.
- Anonymous feedback can be left in the box outside Room B-2 or submitted via the internal portal.",False,nan,nan,nan,nan,nan,nan
emergency exit markings,keyword,"Each zone must have at least 2 emergency exits, and the exits must be clearly marked.",hybrid_80_20,0.8,0.2,1,43,1.0,1.0,1.0,55.69956970214844,"Source: Safety Manual, Chunk 9
SECTION 3: FIRE SAFETY & EVACUATION PROCEDURES
Fire Extinguishers: One every 15 meters; monthly inspection.
Emergency Exits: At least two per zone, clearly marked.
Evacuation Drills: Every 6 months; missed drills require retraining.
Assembly Points: 50 meters from building, marked with green signage.
Never use elevators during evacuation.",False,nan,nan,nan,nan,nan,nan
emergency exit markings,keyword,"Each zone must have at least 2 emergency exits, and the exits must be clearly marked.",hybrid_80_20,0.8,0.2,2,46,0.7062683693724631,1.0,0.7650146954979704,65.24832916259766,"Source: Safety Manual, Chunk 12
SECTION 6: FIRST AID AND INCIDENT REPORTING
First Aid Kits must be:
Available every 30 meters.
Checked weekly by a safety officer.
Incident Reports:
Must be submitted within 2 hours using Form WHS-101.
Use the internal safety portal for submission.
Emergency contacts are listed on the main notice board and in Section 9.",False,nan,nan,nan,nan,nan,nan
emergency exit markings,keyword,"Each zone must have at least 2 emergency exits, and the exits must be clearly marked.",hybrid_80_20,0.8,0.2,3,47,0.6780889516934439,1.0,0.7424711613547552,66.33625030517578,"Source: Safety Manual, Chunk 13
SECTION 7: TRAINING AND CERTIFICATION
Safety Training is required:
Annually for all employees.
Immediately after any safety violation or accident.
Lockout/Tagout procedures must be reviewed every 12 months.


SECTION 8: EMERGENCY CONTACTS
Fire Department: 101
Police: 100
On-site Medical Officer: Ext. 221
Warehouse Safety Lead: Ext. 115",False,nan,nan,nan,nan,nan,nan
emergency exit markings,keyword,"Each zone must have at least 2 emergency exits, and the exits must be clearly marked.",hybrid_80_20,0.8,0.2,4,39,0.7707812805448174,0.0,0.616625024435854,62.88532638549805,"Source: Safety Manual, Chunk 5
SECTION 5: SECURITY & ACCESS CONTROL
-------------------------------------
- Entry to the warehouse requires ID badge scans.
- All doors auto-lock after 8:00 PM.
- Visitors must be logged in at the front desk and accompanied at all times.
- Security footage is retained for 30 days and reviewed weekly.",False,nan,nan,nan,nan,nan,nan
emergency exit markings,keyword,"Each zone must have at least 2 emergency exits, and the exits must be clearly marked.",hybrid_80_20,0.8,0.2,5,40,0.6492880423836547,0.0,0.5194304339069238,67.4857177734375,"Source: Safety Manual, Chunk 6
SECTION 6: INCIDENT REPORTING & FEEDBACK
----------------------------------------
- Any injuries, equipment damage, or process violations must be reported within 1 hour.
- Use Form WHS-207 and submit to the Shift Supervisor.
- Anonymous feedback can be left in the box outside Room B-2 or submitted via the internal portal.",False,nan,nan,nan,nan,nan,nan
first aid inspection,keyword,First-aid kits must be checked weekly.,semantic_only,1.0,0.0,1,46,1.0,1.0,1.0,37.60562515258789,"Source: Safety Manual, Chunk 12
SECTION 6: FIRST AID AND INCIDENT REPORTING
First Aid Kits must be:
Available every 30 meters.
Checked weekly by a safety officer.
Incident Reports:
Must be submitted within 2 hours using Form WHS-101.
Use the internal safety portal for submission.
Emergency contacts are listed on the main notice board and in Section 9.",False,nan,nan,nan,nan,nan,nan
first aid inspection,keyword,First-aid kits must be checked weekly.,semantic_only,1.0,0.0,2,43,0.4891307779002407,0.5,0.4891307779002407,54.88751220703125,"Source: Safety Manual, Chunk 9
SECTION 3: FIRE SAFETY & EVACUATION PROCEDURES
Fire Extinguishers: One every 15 meters; monthly inspection.
Emergency Exits: At least two per zone, clearly marked.
Evacuation Drills: Every 6 months; missed drills require retraining.
Assembly Points: 50 meters from building, marked with green signage.
Never use elevators during evacuation.",False,nan,nan,nan,nan,nan,nan
first aid inspection,keyword,First-aid kits must be checked weekly.,semantic_only,1.0,0.0,3,47,0.44703827163344456,0.0,0.44703827163344456,57.02779769897461,"Source: Safety Manual, Chunk 13
SECTION 7: TRAINING AND CERTIFICATION
Safety Training is required:
Annually for all employees.
Immediately after any safety violation or accident.
Lockout/Tagout procedures must be reviewed every 12 months.


SECTION 8: EMERGENCY CONTACTS
Fire Department: 101
Police: 100
On-site Medical Officer: Ext. 221
Warehouse Safety Lead: Ext. 115",False,nan,nan,nan,nan,nan,nan
first aid inspection,keyword,First-aid kits must be checked weekly.,semantic_only,1.0,0.0,4,36,0.4276978367988201,0.5,0.4276978367988201,58.06715393066406,"Source: Safety Manual, Chunk 2
SECTION 2: INVENTORY HANDLING
-----------------------------
- Use handheld scanners for all inventory movements.
- Report discrepancies immediately to the Inventory Supervisor.
- Damaged goods must be placed in the “Inspection Zone” before tagging.
- Shelves are labeled using alphanumeric codes (e.g., A1-B3).",False,nan,nan,nan,nan,nan,nan
first aid inspection,keyword,First-aid kits must be checked weekly.,semantic_only,1.0,0.0,5,42,0.4007788322165175,0.0,0.4007788322165175,59.57734298706055,"Source: Safety Manual, Chunk 8
SECTION 2: PERSONAL PROTECTIVE EQUIPMENT (PPE)
Safety Helmets – Required at all times inside loading areas.
High-Visibility Vests – Fluorescent yellow or orange with reflective stripes.
Steel-Toed Boots – Must conform to ISO 20345:2011.
Cut-Resistant Gloves – Mandatory when handling sharp materials.
Hearing Protection – Required in areas above 85 dB",False,nan,nan,nan,nan,nan,nan
first aid inspection,keyword,First-aid kits must be checked weekly.,keyword_only,0.0,1.0,1,46,1.0,1.0,1.0,37.60562515258789,"Source: Safety Manual, Chunk 12
SECTION 6: FIRST AID AND INCIDENT REPORTING
First Aid Kits must be:
Available every 30 meters.
Checked weekly by a safety officer.
Incident Reports:
Must be submitted within 2 hours using Form WHS-101.
Use the internal safety portal for submission.
Emergency contacts are listed on the main notice board and in Section 9.",False,nan,nan,nan,nan,nan,nan
first aid inspection,keyword,First-aid kits must be checked weekly.,keyword_only,0.0,1.0,2,36,0.4276978367988201,0.5,0.5,58.06715393066406,"Source: Safety Manual, Chunk 2
SECTION 2: INVENTORY HANDLING
-----------------------------
- Use handheld scanners for all inventory movements.
- Report discrepancies immediately to the Inventory Supervisor.
- Damaged goods must be placed in the “Inspection Zone” before tagging.
- Shelves are labeled using alphanumeric codes (e.g., A1-B3).",False,nan,nan,nan,nan,nan,nan
first aid inspection,keyword,First-aid kits must be checked weekly.,keyword_only,0.0,1.0,3,43,0.4891307779002407,0.5,0.5,54.88751220703125,"Source: Safety Manual, Chunk 9
SECTION 3: FIRE SAFETY & EVACUATION PROCEDURES
Fire Extinguishers: One every 15 meters; monthly inspection.
Emergency Exits: At least two per zone, clearly marked.
Evacuation Drills: Every 6 months; missed drills require retraining.
Assembly Points: 50 meters from building, marked with green signage.
Never use elevators during evacuation.",False,nan,nan,nan,nan,nan,nan
first aid inspection,keyword,First-aid kits must be checked weekly.,keyword_only,0.0,1.0,4,0,0.0,0.0,0.0,96.80865478515625,"Item: Apple iPhone 14, Shelf: Shelf A, Shelf ID: A, Location: (-0.151, 2.203, 0.001), Stock: 10, Price: $799.99, Category: Smartphones",False,nan,nan,nan,nan,nan,nan
first aid inspection,keyword,First-aid kits must be checked weekly.,keyword_only,0.0,1.0,5,1,0.013392337304112692,0.0,0.0,94.84032440185547,"Item: Apple iPhone 14 Pro, Shelf: Shelf A, Shelf ID: A, Location: (-0.151, 2.203, 0.001), Stock: 10, Price: $999.99, Category: Smartphones",False,nan,nan,nan,nan,nan,nan
first aid inspection,keyword,First-aid kits must be checked weekly.,hybrid_50_50,0.5,0.5,1,46,1.0,1.0,1.0,37.60562515258789,"Source: Safety Manual, Chunk 12
SECTION 6: FIRST AID AND INCIDENT REPORTING
First Aid Kits must be:
Available every 30 meters.
Checked weekly by a safety officer.
Incident Reports:
Must be submitted within 2 hours using Form WHS-101.
Use the internal safety portal for submission.
Emergency contacts are listed on the main notice board and in Section 9.",False,nan,nan,nan,nan,nan,nan
first aid inspection,keyword,First-aid kits must be checked weekly.,hybrid_50_50,0.5,0.5,2,43,0.4891307779002407,0.5,0.49456538895012037,54.88751220703125,"Source: Safety Manual, Chunk 9
SECTION 3: FIRE SAFETY & EVACUATION PROCEDURES
Fire Extinguishers: One every 15 meters; monthly inspection.
Emergency Exits: At least two per zone, clearly marked.
Evacuation Drills: Every 6 months; missed drills require retraining.
Assembly Points: 50 meters from building, marked with green signage.
Never use elevators during evacuation.",False,nan,nan,nan,nan,nan,nan
first aid inspection,keyword,First-aid kits must be checked weekly.,hybrid_50_50,0.5,0.5,3,36,0.4276978367988201,0.5,0.46384891839941006,58.06715393066406,"Source: Safety Manual, Chunk 2
SECTION 2: INVENTORY HANDLING
-----------------------------
- Use handheld scanners for all inventory movements.
- Report discrepancies immediately to the Inventory Supervisor.
- Damaged goods must be placed in the “Inspection Zone” before tagging.
- Shelves are labeled using alphanumeric codes (e.g., A1-B3).",False,nan,nan,nan,nan,nan,nan
first aid inspection,keyword,First-aid kits must be checked weekly.,hybrid_50_50,0.5,0.5,4,47,0.44703827163344456,0.0,0.22351913581672228,57.02779769897461,"Source: Safety Manual, Chunk 13
SECTION 7: TRAINING AND CERTIFICATION
Safety Training is required:
Annually for all employees.
Immediately after any safety violation or accident.
Lockout/Tagout procedures must be reviewed every 12 months.


SECTION 8: EMERGENCY CONTACTS
Fire Department: 101
Police: 100
On-site Medical Officer: Ext. 221
Warehouse Safety Lead: Ext. 115",False,nan,nan,nan,nan,nan,nan
first aid inspection,keyword,First-aid kits must be checked weekly.,hybrid_50_50,0.5,0.5,5,42,0.4007788322165175,0.0,0.20038941610825875,59.57734298706055,"Source: Safety Manual, Chunk 8
SECTION 2: PERSONAL PROTECTIVE EQUIPMENT (PPE)
Safety Helmets – Required at all times inside loading areas.
High-Visibility Vests – Fluorescent yellow or orange with reflective stripes.
Steel-Toed Boots – Must conform to ISO 20345:2011.
Cut-Resistant Gloves – Mandatory when handling sharp materials.
Hearing Protection – Required in areas above 85 dB",False,nan,nan,nan,nan,nan,nan
first aid inspection,keyword,First-aid kits must be checked weekly.,hybrid_60_40,0.6,0.4,1,46,1.0,1.0,1.0,37.60562515258789,"Source: Safety Manual, Chunk 12
SECTION 6: FIRST AID AND INCIDENT REPORTING
First Aid Kits must be:
Available every 30 meters.
Checked weekly by a safety officer.
Incident Reports:
Must be submitted within 2 hours using Form WHS-101.
Use the internal safety portal for submission.
Emergency contacts are listed on the main notice board and in Section 9.",False,nan,nan,nan,nan,nan,nan
first aid inspection,keyword,First-aid kits must be checked weekly.,hybrid_60_40,0.6,0.4,2,43,0.4891307779002407,0.5,0.4934784667401444,54.88751220703125,"Source: Safety Manual, Chunk 9
SECTION 3: FIRE SAFETY & EVACUATION PROCEDURES
Fire Extinguishers: One every 15 meters; monthly inspection.
Emergency Exits: At least two per zone, clearly marked.
Evacuation Drills: Every 6 months; missed drills require retraining.
Assembly Points: 50 meters from building, marked with green signage.
Never use elevators during evacuation.",False,nan,nan,nan,nan,nan,nan
first aid inspection,keyword,First-aid kits must be checked weekly.,hybrid_60_40,0.6,0.4,3,36,0.4276978367988201,0.5,0.45661870207929206,58.06715393066406,"Source: Safety Manual, Chunk 2
SECTION 2: INVENTORY HANDLING
-----------------------------
- Use handheld scanners for all inventory movements.
- Report discrepancies immediately to the Inventory Supervisor.
- Damaged goods must be placed in the “Inspection Zone” before tagging.
- Shelves are labeled using alphanumeric codes (e.g., A1-B3).",False,nan,nan,nan,nan,nan,nan
first aid inspection,keyword,First-aid kits must be checked weekly.,hybrid_60_40,0.6,0.4,4,47,0.44703827163344456,0.0,0.2682229629800667,57.02779769897461,"Source: Safety Manual, Chunk 13
SECTION 7: TRAINING AND CERTIFICATION
Safety Training is required:
Annually for all employees.
Immediately after any safety violation or accident.
Lockout/Tagout procedures must be reviewed every 12 months.


SECTION 8: EMERGENCY CONTACTS
Fire Department: 101
Police: 100
On-site Medical Officer: Ext. 221
Warehouse Safety Lead: Ext. 115",False,nan,nan,nan,nan,nan,nan
first aid inspection,keyword,First-aid kits must be checked weekly.,hybrid_60_40,0.6,0.4,5,42,0.4007788322165175,0.0,0.24046729932991048,59.57734298706055,"Source: Safety Manual, Chunk 8
SECTION 2: PERSONAL PROTECTIVE EQUIPMENT (PPE)
Safety Helmets – Required at all times inside loading areas.
High-Visibility Vests – Fluorescent yellow or orange with reflective stripes.
Steel-Toed Boots – Must conform to ISO 20345:2011.
Cut-Resistant Gloves – Mandatory when handling sharp materials.
Hearing Protection – Required in areas above 85 dB",False,nan,nan,nan,nan,nan,nan
first aid inspection,keyword,First-aid kits must be checked weekly.,hybrid_70_30,0.7,0.3,1,46,1.0,1.0,1.0,37.60562515258789,"Source: Safety Manual, Chunk 12
SECTION 6: FIRST AID AND INCIDENT REPORTING
First Aid Kits must be:
Available every 30 meters.
Checked weekly by a safety officer.
Incident Reports:
Must be submitted within 2 hours using Form WHS-101.
Use the internal safety portal for submission.
Emergency contacts are listed on the main notice board and in Section 9.",False,nan,nan,nan,nan,nan,nan
first aid inspection,keyword,First-aid kits must be checked weekly.,hybrid_70_30,0.7,0.3,2,43,0.4891307779002407,0.5,0.4923915445301684,54.88751220703125,"Source: Safety Manual, Chunk 9
SECTION 3: FIRE SAFETY & EVACUATION PROCEDURES
Fire Extinguishers: One every 15 meters; monthly inspection.
Emergency Exits: At least two per zone, clearly marked.
Evacuation Drills: Every 6 months; missed drills require retraining.
Assembly Points: 50 meters from building, marked with green signage.
Never use elevators during evacuation.",False,nan,nan,nan,nan,nan,nan
first aid inspection,keyword,First-aid kits must be checked weekly.,hybrid_70_30,0.7,0.3,3,36,0.4276978367988201,0.5,0.449388485759174,58.06715393066406,"Source: Safety Manual, Chunk 2
SECTION 2: INVENTORY HANDLING
-----------------------------
- Use handheld scanners for all inventory movements.
- Report discrepancies immediately to the Inventory Supervisor.
- Damaged goods must be placed in the “Inspection Zone” before tagging.
- Shelves are labeled using alphanumeric codes (e.g., A1-B3).",False,nan,nan,nan,nan,nan,nan
first aid inspection,keyword,First-aid kits must be checked weekly.,hybrid_70_30,0.7,0.3,4,47,0.44703827163344456,0.0,0.3129267901434112,57.02779769897461,"Source: Safety Manual, Chunk 13
SECTION 7: TRAINING AND CERTIFICATION
Safety Training is required:
Annually for all employees.
Immediately after any safety violation or accident.
Lockout/Tagout procedures must be reviewed every 12 months.


SECTION 8: EMERGENCY CONTACTS
Fire Department: 101
Police: 100
On-site Medical Officer: Ext. 221
Warehouse Safety Lead: Ext. 115",False,nan,nan,nan,nan,nan,nan
first aid inspection,keyword,First-aid kits must be checked weekly.,hybrid_70_30,0.7,0.3,5,42,0.4007788322165175,0.0,0.28054518255156224,59.57734298706055,"Source: Safety Manual, Chunk 8
SECTION 2: PERSONAL PROTECTIVE EQUIPMENT (PPE)
Safety Helmets – Required at all times inside loading areas.
High-Visibility Vests – Fluorescent yellow or orange with reflective stripes.
Steel-Toed Boots – Must conform to ISO 20345:2011.
Cut-Resistant Gloves – Mandatory when handling sharp materials.
Hearing Protection – Required in areas above 85 dB",False,nan,nan,nan,nan,nan,nan
first aid inspection,keyword,First-aid kits must be checked weekly.,hybrid_80_20,0.8,0.2,1,46,1.0,1.0,1.0,37.60562515258789,"Source: Safety Manual, Chunk 12
SECTION 6: FIRST AID AND INCIDENT REPORTING
First Aid Kits must be:
Available every 30 meters.
Checked weekly by a safety officer.
Incident Reports:
Must be submitted within 2 hours using Form WHS-101.
Use the internal safety portal for submission.
Emergency contacts are listed on the main notice board and in Section 9.",False,nan,nan,nan,nan,nan,nan
first aid inspection,keyword,First-aid kits must be checked weekly.,hybrid_80_20,0.8,0.2,2,43,0.4891307779002407,0.5,0.49130462232019256,54.88751220703125,"Source: Safety Manual, Chunk 9
SECTION 3: FIRE SAFETY & EVACUATION PROCEDURES
Fire Extinguishers: One every 15 meters; monthly inspection.
Emergency Exits: At least two per zone, clearly marked.
Evacuation Drills: Every 6 months; missed drills require retraining.
Assembly Points: 50 meters from building, marked with green signage.
Never use elevators during evacuation.",False,nan,nan,nan,nan,nan,nan
first aid inspection,keyword,First-aid kits must be checked weekly.,hybrid_80_20,0.8,0.2,3,36,0.4276978367988201,0.5,0.4421582694390561,58.06715393066406,"Source: Safety Manual, Chunk 2
SECTION 2: INVENTORY HANDLING
-----------------------------
- Use handheld scanners for all inventory movements.
- Report discrepancies immediately to the Inventory Supervisor.
- Damaged goods must be placed in the “Inspection Zone” before tagging.
- Shelves are labeled using alphanumeric codes (e.g., A1-B3).",False,nan,nan,nan,nan,nan,nan
first aid inspection,keyword,First-aid kits must be checked weekly.,hybrid_80_20,0.8,0.2,4,47,0.44703827163344456,0.0,0.35763061730675566,57.02779769897461,"Source: Safety Manual, Chunk 13
SECTION 7: TRAINING AND CERTIFICATION
Safety Training is required:
Annually for all employees.
Immediately after any safety violation or accident.
Lockout/Tagout procedures must be reviewed every 12 months.


SECTION 8: EMERGENCY CONTACTS
Fire Department: 101
Police: 100
On-site Medical Officer: Ext. 221
Warehouse Safety Lead: Ext. 115",False,nan,nan,nan,nan,nan,nan
first aid inspection,keyword,First-aid kits must be checked weekly.,hybrid_80_20,0.8,0.2,5,42,0.4007788322165175,0.0,0.32062306577321403,59.57734298706055,"Source: Safety Manual, Chunk 8
SECTION 2: PERSONAL PROTECTIVE EQUIPMENT (PPE)
Safety Helmets – Required at all times inside loading areas.
High-Visibility Vests – Fluorescent yellow or orange with reflective stripes.
Steel-Toed Boots – Must conform to ISO 20345:2011.
Cut-Resistant Gloves – Mandatory when handling sharp materials.
Hearing Protection – Required in areas above 85 dB",False,nan,nan,nan,nan,nan,nan
warehouse incident portal,keyword,"Under the 2025 procedure, incidents are reported within 2 hours using Form WHS-101 through the internal portal.",semantic_only,1.0,0.0,1,36,1.0,0.0,1.0,50.303592681884766,"Source: Safety Manual, Chunk 2
SECTION 2: INVENTORY HANDLING
-----------------------------
- Use handheld scanners for all inventory movements.
- Report discrepancies immediately to the Inventory Supervisor.
- Damaged goods must be placed in the “Inspection Zone” before tagging.
- Shelves are labeled using alphanumeric codes (e.g., A1-B3).",False,nan,nan,nan,nan,nan,nan
warehouse incident portal,keyword,"Under the 2025 procedure, incidents are reported within 2 hours using Form WHS-101 through the internal portal.",semantic_only,1.0,0.0,2,44,0.8994165088220902,0.5,0.8994165088220902,52.77962875366211,"Source: Safety Manual, Chunk 10
SECTION 4: VISITOR PROTOCOL
All visitors must sign in at the security desk and wear visitor badges.
Visitors must be escorted by a warehouse employee at all times.
PPE is required for visitors entering the warehouse floor.
Visits should be scheduled at least 24 hours in advance.",False,nan,nan,nan,nan,nan,nan
warehouse incident portal,keyword,"Under the 2025 procedure, incidents are reported within 2 hours using Form WHS-101 through the internal portal.",semantic_only,1.0,0.0,3,39,0.8751487516664885,0.5,0.8751487516664885,53.413230895996094,"Source: Safety Manual, Chunk 5
SECTION 5: SECURITY & ACCESS CONTROL
-------------------------------------
- Entry to the warehouse requires ID badge scans.
- All doors auto-lock after 8:00 PM.
- Visitors must be logged in at the front desk and accompanied at all times.
- Security footage is retained for 30 days and reviewed weekly.",False,nan,nan,nan,nan,nan,nan
warehouse incident portal,keyword,"Under the 2025 procedure, incidents are reported within 2 hours using Form WHS-101 through the internal portal.",semantic_only,1.0,0.0,4,40,0.8087753463265248,1.0,0.8087753463265248,55.22495651245117,"Source: Safety Manual, Chunk 6
SECTION 6: INCIDENT REPORTING & FEEDBACK
----------------------------------------
- Any injuries, equipment damage, or process violations must be reported within 1 hour.
- Use Form WHS-207 and submit to the Shift Supervisor.
- Anonymous feedback can be left in the box outside Room B-2 or submitted via the internal portal.",False,nan,nan,nan,nan,nan,nan
warehouse incident portal,keyword,"Under the 2025 procedure, incidents are reported within 2 hours using Form WHS-101 through the internal portal.",semantic_only,1.0,0.0,5,35,0.7119902630553889,0.5,0.7119902630553889,58.094058990478516,"Source: Safety Manual, Chunk 1
WAREHOUSE DAILY OPERATIONS GUIDE (2024)
========================================

SECTION 1: SHIFT SCHEDULES & WORKFLOW
-------------------------------------
- Morning Shift: 6:00 AM – 2:00 PM
- Afternoon Shift: 2:00 PM – 10:00 PM
- Night Shift: 10:00 PM – 6:00 AM
- All workers must sign in 10 minutes before their shift and attend the team briefing.
- Daily workload is divided into receiving, inventory update, picking, packing, and dispatch.",False,nan,nan,nan,nan,nan,nan
warehouse incident portal,keyword,"Under the 2025 procedure, incidents are reported within 2 hours using Form WHS-101 through the internal portal.",keyword_only,0.0,1.0,1,40,0.8087753463265248,1.0,1.0,55.22495651245117,"Source: Safety Manual, Chunk 6
SECTION 6: INCIDENT REPORTING & FEEDBACK
----------------------------------------
- Any injuries, equipment damage, or process violations must be reported within 1 hour.
- Use Form WHS-207 and submit to the Shift Supervisor.
- Anonymous feedback can be left in the box outside Room B-2 or submitted via the internal portal.",False,nan,nan,nan,nan,nan,nan
warehouse incident portal,keyword,"Under the 2025 procedure, incidents are reported within 2 hours using Form WHS-101 through the internal portal.",keyword_only,0.0,1.0,2,46,0.5721015532255567,1.0,1.0,62.79959487915039,"Source: Safety Manual, Chunk 12
SECTION 6: FIRST AID AND INCIDENT REPORTING
First Aid Kits must be:
Available every 30 meters.
Checked weekly by a safety officer.
Incident Reports:
Must be submitted within 2 hours using Form WHS-101.
Use the internal safety portal for submission.
Emergency contacts are listed on the main notice board and in Section 9.",False,nan,nan,nan,nan,nan,nan
warehouse incident portal,keyword,"Under the 2025 procedure, incidents are reported within 2 hours using Form WHS-101 through the internal portal.",keyword_only,0.0,1.0,3,35,0.7119902630553889,0.5,0.5,58.094058990478516,"Source: Safety Manual, Chunk 1
WAREHOUSE DAILY OPERATIONS GUIDE (2024)
========================================

SECTION 1: SHIFT SCHEDULES & WORKFLOW
-------------------------------------
- Morning Shift: 6:00 AM – 2:00 PM
- Afternoon Shift: 2:00 PM – 10:00 PM
- Night Shift: 10:00 PM – 6:00 AM
- All workers must sign in 10 minutes before their shift and attend the team briefing.
- Daily workload is divided into receiving, inventory update, picking, packing, and dispatch.",False,nan,nan,nan,nan,nan,nan
warehouse incident portal,keyword,"Under the 2025 procedure, incidents are reported within 2 hours using Form WHS-101 through the internal portal.",keyword_only,0.0,1.0,4,39,0.8751487516664885,0.5,0.5,53.413230895996094,"Source: Safety Manual, Chunk 5
SECTION 5: SECURITY & ACCESS CONTROL
-------------------------------------
- Entry to the warehouse requires ID badge scans.
- All doors auto-lock after 8:00 PM.
- Visitors must be logged in at the front desk and accompanied at all times.
- Security footage is retained for 30 days and reviewed weekly.",False,nan,nan,nan,nan,nan,nan
warehouse incident portal,keyword,"Under the 2025 procedure, incidents are reported within 2 hours using Form WHS-101 through the internal portal.",keyword_only,0.0,1.0,5,41,0.5941299504074167,0.5,0.5,62.00951385498047,"Source: Safety Manual, Chunk 7
WAREHOUSE DAILY OPERATIONS GUIDE (2025)
========================================
SECTION 1: SHIFT TIMINGS
Morning Shift: 6:00 AM – 2:00 PM
Afternoon Shift: 2:00 PM – 10:00 PM
Night Shift: 10:00 PM – 6:00 AM
All employees must clock in no later than 5 minutes before shift start,",False,nan,nan,nan,nan,nan,nan
warehouse incident portal,keyword,"Under the 2025 procedure, incidents are reported within 2 hours using Form WHS-101 through the internal portal.",hybrid_50_50,0.5,0.5,1,40,0.8087753463265248,1.0,0.9043876731632624,55.22495651245117,"Source: Safety Manual, Chunk 6
SECTION 6: INCIDENT REPORTING & FEEDBACK
----------------------------------------
- Any injuries, equipment damage, or process violations must be reported within 1 hour.
- Use Form WHS-207 and submit to the Shift Supervisor.
- Anonymous feedback can be left in the box outside Room B-2 or submitted via the internal portal.",False,nan,nan,nan,nan,nan,nan
warehouse incident portal,keyword,"Under the 2025 procedure, incidents are reported within 2 hours using Form WHS-101 through the internal portal.",hybrid_50_50,0.5,0.5,2,46,0.5721015532255567,1.0,0.7860507766127783,62.79959487915039,"Source: Safety Manual, Chunk 12
SECTION 6: FIRST AID AND INCIDENT REPORTING
First Aid Kits must be:
Available every 30 meters.
Checked weekly by a safety officer.
Incident Reports:
Must be submitted within 2 hours using Form WHS-101.
Use the internal safety portal for submission.
Emergency contacts are listed on the main notice board and in Section 9.",False,nan,nan,nan,nan,nan,nan
warehouse incident portal,keyword,"Under the 2025 procedure, incidents are reported within 2 hours using Form WHS-101 through the internal portal.",hybrid_50_50,0.5,0.5,3,44,0.8994165088220902,0.5,0.6997082544110451,52.77962875366211,"Source: Safety Manual, Chunk 10
SECTION 4: VISITOR PROTOCOL
All visitors must sign in at the security desk and wear visitor badges.
Visitors must be escorted by a warehouse employee at all times.
PPE is required for visitors entering the warehouse floor.
Visits should be scheduled at least 24 hours in advance.",False,nan,nan,nan,nan,nan,nan
warehouse incident portal,keyword,"Under the 2025 procedure, incidents are reported within 2 hours using Form WHS-101 through the internal portal.",hybrid_50_50,0.5,0.5,4,39,0.8751487516664885,0.5,0.6875743758332442,53.413230895996094,"Source: Safety Manual, Chunk 5
SECTION 5: SECURITY & ACCESS CONTROL
-------------------------------------
- Entry to the warehouse requires ID badge scans.
- All doors auto-lock after 8:00 PM.
- Visitors must be logged in at the front desk and accompanied at all times.
- Security footage is retained for 30 days and reviewed weekly.",False,nan,nan,nan,nan,nan,nan
warehouse incident portal,keyword,"Under the 2025 procedure, incidents are reported within 2 hours using Form WHS-101 through the internal portal.",hybrid_50_50,0.5,0.5,5,35,0.7119902630553889,0.5,0.6059951315276945,58.094058990478516,"Source: Safety Manual, Chunk 1
WAREHOUSE DAILY OPERATIONS GUIDE (2024)
========================================

SECTION 1: SHIFT SCHEDULES & WORKFLOW
-------------------------------------
- Morning Shift: 6:00 AM – 2:00 PM
- Afternoon Shift: 2:00 PM – 10:00 PM
- Night Shift: 10:00 PM – 6:00 AM
- All workers must sign in 10 minutes before their shift and attend the team briefing.
- Daily workload is divided into receiving, inventory update, picking, packing, and dispatch.",False,nan,nan,nan,nan,nan,nan
warehouse incident portal,keyword,"Under the 2025 procedure, incidents are reported within 2 hours using Form WHS-101 through the internal portal.",hybrid_60_40,0.6,0.4,1,40,0.8087753463265248,1.0,0.8852652077959149,55.22495651245117,"Source: Safety Manual, Chunk 6
SECTION 6: INCIDENT REPORTING & FEEDBACK
----------------------------------------
- Any injuries, equipment damage, or process violations must be reported within 1 hour.
- Use Form WHS-207 and submit to the Shift Supervisor.
- Anonymous feedback can be left in the box outside Room B-2 or submitted via the internal portal.",False,nan,nan,nan,nan,nan,nan
warehouse incident portal,keyword,"Under the 2025 procedure, incidents are reported within 2 hours using Form WHS-101 through the internal portal.",hybrid_60_40,0.6,0.4,2,46,0.5721015532255567,1.0,0.743260931935334,62.79959487915039,"Source: Safety Manual, Chunk 12
SECTION 6: FIRST AID AND INCIDENT REPORTING
First Aid Kits must be:
Available every 30 meters.
Checked weekly by a safety officer.
Incident Reports:
Must be submitted within 2 hours using Form WHS-101.
Use the internal safety portal for submission.
Emergency contacts are listed on the main notice board and in Section 9.",False,nan,nan,nan,nan,nan,nan
warehouse incident portal,keyword,"Under the 2025 procedure, incidents are reported within 2 hours using Form WHS-101 through the internal portal.",hybrid_60_40,0.6,0.4,3,44,0.8994165088220902,0.5,0.7396499052932541,52.77962875366211,"Source: Safety Manual, Chunk 10
SECTION 4: VISITOR PROTOCOL
All visitors must sign in at the security desk and wear visitor badges.
Visitors must be escorted by a warehouse employee at all times.
PPE is required for visitors entering the warehouse floor.
Visits should be scheduled at least 24 hours in advance.",False,nan,nan,nan,nan,nan,nan
warehouse incident portal,keyword,"Under the 2025 procedure, incidents are reported within 2 hours using Form WHS-101 through the internal portal.",hybrid_60_40,0.6,0.4,4,39,0.8751487516664885,0.5,0.7250892509998932,53.413230895996094,"Source: Safety Manual, Chunk 5
SECTION 5: SECURITY & ACCESS CONTROL
-------------------------------------
- Entry to the warehouse requires ID badge scans.
- All doors auto-lock after 8:00 PM.
- Visitors must be logged in at the front desk and accompanied at all times.
- Security footage is retained for 30 days and reviewed weekly.",False,nan,nan,nan,nan,nan,nan
warehouse incident portal,keyword,"Under the 2025 procedure, incidents are reported within 2 hours using Form WHS-101 through the internal portal.",hybrid_60_40,0.6,0.4,5,35,0.7119902630553889,0.5,0.6271941578332334,58.094058990478516,"Source: Safety Manual, Chunk 1
WAREHOUSE DAILY OPERATIONS GUIDE (2024)
========================================

SECTION 1: SHIFT SCHEDULES & WORKFLOW
-------------------------------------
- Morning Shift: 6:00 AM – 2:00 PM
- Afternoon Shift: 2:00 PM – 10:00 PM
- Night Shift: 10:00 PM – 6:00 AM
- All workers must sign in 10 minutes before their shift and attend the team briefing.
- Daily workload is divided into receiving, inventory update, picking, packing, and dispatch.",False,nan,nan,nan,nan,nan,nan
warehouse incident portal,keyword,"Under the 2025 procedure, incidents are reported within 2 hours using Form WHS-101 through the internal portal.",hybrid_70_30,0.7,0.3,1,40,0.8087753463265248,1.0,0.8661427424285673,55.22495651245117,"Source: Safety Manual, Chunk 6
SECTION 6: INCIDENT REPORTING & FEEDBACK
----------------------------------------
- Any injuries, equipment damage, or process violations must be reported within 1 hour.
- Use Form WHS-207 and submit to the Shift Supervisor.
- Anonymous feedback can be left in the box outside Room B-2 or submitted via the internal portal.",False,nan,nan,nan,nan,nan,nan
warehouse incident portal,keyword,"Under the 2025 procedure, incidents are reported within 2 hours using Form WHS-101 through the internal portal.",hybrid_70_30,0.7,0.3,2,44,0.8994165088220902,0.5,0.7795915561754632,52.77962875366211,"Source: Safety Manual, Chunk 10
SECTION 4: VISITOR PROTOCOL
All visitors must sign in at the security desk and wear visitor badges.
Visitors must be escorted by a warehouse employee at all times.
PPE is required for visitors entering the warehouse floor.
Visits should be scheduled at least 24 hours in advance.",False,nan,nan,nan,nan,nan,nan
warehouse incident portal,keyword,"Under the 2025 procedure, incidents are reported within 2 hours using Form WHS-101 through the internal portal.",hybrid_70_30,0.7,0.3,3,39,0.8751487516664885,0.5,0.7626041261665419,53.413230895996094,"Source: Safety Manual, Chunk 5
SECTION 5: SECURITY & ACCESS CONTROL
-------------------------------------
- Entry to the warehouse requires ID badge scans.
- All doors auto-lock after 8:00 PM.
- Visitors must be logged in at the front desk and accompanied at all times.
- Security footage is retained for 30 days and reviewed weekly.",False,nan,nan,nan,nan,nan,nan
warehouse incident portal,keyword,"Under the 2025 procedure, incidents are reported within 2 hours using Form WHS-101 through the internal portal.",hybrid_70_30,0.7,0.3,4,46,0.5721015532255567,1.0,0.7004710872578896,62.79959487915039,"Source: Safety Manual, Chunk 12
SECTION 6: FIRST AID AND INCIDENT REPORTING
First Aid Kits must be:
Available every 30 meters.
Checked weekly by a safety officer.
Incident Reports:
Must be submitted within 2 hours using Form WHS-101.
Use the internal safety portal for submission.
Emergency contacts are listed on the main notice board and in Section 9.",False,nan,nan,nan,nan,nan,nan
warehouse incident portal,keyword,"Under the 2025 procedure, incidents are reported within 2 hours using Form WHS-101 through the internal portal.",hybrid_70_30,0.7,0.3,5,36,1.0,0.0,0.7,50.303592681884766,"Source: Safety Manual, Chunk 2
SECTION 2: INVENTORY HANDLING
-----------------------------
- Use handheld scanners for all inventory movements.
- Report discrepancies immediately to the Inventory Supervisor.
- Damaged goods must be placed in the “Inspection Zone” before tagging.
- Shelves are labeled using alphanumeric codes (e.g., A1-B3).",False,nan,nan,nan,nan,nan,nan
warehouse incident portal,keyword,"Under the 2025 procedure, incidents are reported within 2 hours using Form WHS-101 through the internal portal.",hybrid_80_20,0.8,0.2,1,40,0.8087753463265248,1.0,0.8470202770612199,55.22495651245117,"Source: Safety Manual, Chunk 6
SECTION 6: INCIDENT REPORTING & FEEDBACK
----------------------------------------
- Any injuries, equipment damage, or process violations must be reported within 1 hour.
- Use Form WHS-207 and submit to the Shift Supervisor.
- Anonymous feedback can be left in the box outside Room B-2 or submitted via the internal portal.",False,nan,nan,nan,nan,nan,nan
warehouse incident portal,keyword,"Under the 2025 procedure, incidents are reported within 2 hours using Form WHS-101 through the internal portal.",hybrid_80_20,0.8,0.2,2,44,0.8994165088220902,0.5,0.8195332070576722,52.77962875366211,"Source: Safety Manual, Chunk 10
SECTION 4: VISITOR PROTOCOL
All visitors must sign in at the security desk and wear visitor badges.
Visitors must be escorted by a warehouse employee at all times.
PPE is required for visitors entering the warehouse floor.
Visits should be scheduled at least 24 hours in advance.",False,nan,nan,nan,nan,nan,nan
warehouse incident portal,keyword,"Under the 2025 procedure, incidents are reported within 2 hours using Form WHS-101 through the internal portal.",hybrid_80_20,0.8,0.2,3,39,0.8751487516664885,0.5,0.8001190013331908,53.413230895996094,"Source: Safety Manual, Chunk 5
SECTION 5: SECURITY & ACCESS CONTROL
-------------------------------------
- Entry to the warehouse requires ID badge scans.
- All doors auto-lock after 8:00 PM.
- Visitors must be logged in at the front desk and accompanied at all times.
- Security footage is retained for 30 days and reviewed weekly.",False,nan,nan,nan,nan,nan,nan
warehouse incident portal,keyword,"Under the 2025 procedure, incidents are reported within 2 hours using Form WHS-101 through the internal portal.",hybrid_80_20,0.8,0.2,4,36,1.0,0.0,0.8,50.303592681884766,"Source: Safety Manual, Chunk 2
SECTION 2: INVENTORY HANDLING
-----------------------------
- Use handheld scanners for all inventory movements.
- Report discrepancies immediately to the Inventory Supervisor.
- Damaged goods must be placed in the “Inspection Zone” before tagging.
- Shelves are labeled using alphanumeric codes (e.g., A1-B3).",False,nan,nan,nan,nan,nan,nan
warehouse incident portal,keyword,"Under the 2025 procedure, incidents are reported within 2 hours using Form WHS-101 through the internal portal.",hybrid_80_20,0.8,0.2,5,35,0.7119902630553889,0.5,0.6695922104443112,58.094058990478516,"Source: Safety Manual, Chunk 1
WAREHOUSE DAILY OPERATIONS GUIDE (2024)
========================================

SECTION 1: SHIFT SCHEDULES & WORKFLOW
-------------------------------------
- Morning Shift: 6:00 AM – 2:00 PM
- Afternoon Shift: 2:00 PM – 10:00 PM
- Night Shift: 10:00 PM – 6:00 AM
- All workers must sign in 10 minutes before their shift and attend the team briefing.
- Daily workload is divided into receiving, inventory update, picking, packing, and dispatch.",False,nan,nan,nan,nan,nan,nan
LOTO annual review,keyword,The lockout/tagout (LOTO) procedure is reviewed every 12 months.,semantic_only,1.0,0.0,1,47,1.0,1.0,1.0,57.16178512573242,"Source: Safety Manual, Chunk 13
SECTION 7: TRAINING AND CERTIFICATION
Safety Training is required:
Annually for all employees.
Immediately after any safety violation or accident.
Lockout/Tagout procedures must be reviewed every 12 months.


SECTION 8: EMERGENCY CONTACTS
Fire Department: 101
Police: 100
On-site Medical Officer: Ext. 221
Warehouse Safety Lead: Ext. 115",False,nan,nan,nan,nan,nan,nan
LOTO annual review,keyword,The lockout/tagout (LOTO) procedure is reviewed every 12 months.,semantic_only,1.0,0.0,2,36,0.8456659589537607,1.0,0.8456659589537607,59.916465759277344,"Source: Safety Manual, Chunk 2
SECTION 2: INVENTORY HANDLING
-----------------------------
- Use handheld scanners for all inventory movements.
- Report discrepancies immediately to the Inventory Supervisor.
- Damaged goods must be placed in the “Inspection Zone” before tagging.
- Shelves are labeled using alphanumeric codes (e.g., A1-B3).",False,nan,nan,nan,nan,nan,nan
LOTO annual review,keyword,The lockout/tagout (LOTO) procedure is reviewed every 12 months.,semantic_only,1.0,0.0,3,10,0.8178266563989239,1.0,0.8178266563989239,60.441383361816406,"Item: Sony WH-1000XM5, Shelf: Shelf C, Shelf ID: C, Location: (3.265, 2.080, 0.001), Stock: 16, Price: $399.99, Category: Headphones",False,nan,nan,nan,nan,nan,nan
LOTO annual review,keyword,The lockout/tagout (LOTO) procedure is reviewed every 12 months.,semantic_only,1.0,0.0,4,45,0.767588276850572,1.0,0.767588276850572,61.411895751953125,"Source: Safety Manual, Chunk 11
SECTION 5: MATERIAL HANDLING AND STORAGE
Forklift operators must be certified and recertified every 2 years.
Do not exceed 1500 kg per shelving level unless labeled otherwise.
Use Class 2 ratchet straps for loads over 200 kg.
Hazardous chemicals must be stored in locked ventilated cabinets.",False,nan,nan,nan,nan,nan,nan
LOTO annual review,keyword,The lockout/tagout (LOTO) procedure is reviewed every 12 months.,semantic_only,1.0,0.0,5,12,0.7563009984610354,1.0,0.7563009984610354,61.634178161621094,"Item: Sony WF-1000XM5, Shelf: Shelf C, Shelf ID: C, Location: (3.265, 2.080, 0.001), Stock: 18, Price: $299.99, Category: Earbuds",False,nan,nan,nan,nan,nan,nan
LOTO annual review,keyword,The lockout/tagout (LOTO) procedure is reviewed every 12 months.,keyword_only,0.0,1.0,1,0,0.13463791466083022,1.0,1.0,76.91841125488281,"Item: Apple iPhone 14, Shelf: Shelf A, Shelf ID: A, Location: (-0.151, 2.203, 0.001), Stock: 10, Price: $799.99, Category: Smartphones",False,nan,nan,nan,nan,nan,nan
LOTO annual review,keyword,The lockout/tagout (LOTO) procedure is reviewed every 12 months.,keyword_only,0.0,1.0,2,1,0.1752801759976879,1.0,1.0,75.69486236572266,"Item: Apple iPhone 14 Pro, Shelf: Shelf A, Shelf ID: A, Location: (-0.151, 2.203, 0.001), Stock: 10, Price: $999.99, Category: Smartphones",False,nan,nan,nan,nan,nan,nan
LOTO annual review,keyword,The lockout/tagout (LOTO) procedure is reviewed every 12 months.,keyword_only,0.0,1.0,3,2,0.08424928662124669,1.0,1.0,78.49067687988281,"Item: Apple iPhone 13, Shelf: Shelf A, Shelf ID: A, Location: (-0.151, 2.203, 0.001), Stock: 8, Price: $599.99, Category: Smartphones",False,nan,nan,nan,nan,nan,nan
LOTO annual review,keyword,The lockout/tagout (LOTO) procedure is reviewed every 12 months.,keyword_only,0.0,1.0,4,3,0.0,1.0,1.0,81.26617431640625,"Item: iPhone Charging Cable, Shelf: Shelf A, Shelf ID: A, Location: (-0.151, 2.203, 0.001), Stock: 45, Price: $19.99, Category: Accessories",False,nan,nan,nan,nan,nan,nan
LOTO annual review,keyword,The lockout/tagout (LOTO) procedure is reviewed every 12 months.,keyword_only,0.0,1.0,5,4,0.12316649528748547,1.0,1.0,77.27085876464844,"Item: iPhone Screen Protector, Shelf: Shelf A, Shelf ID: A, Location: (-0.151, 2.203, 0.001), Stock: 32, Price: $9.99, Category: Accessories",False,nan,nan,nan,nan,nan,nan
LOTO annual review,keyword,The lockout/tagout (LOTO) procedure is reviewed every 12 months.,hybrid_50_50,0.5,0.5,1,47,1.0,1.0,1.0,57.16178512573242,"Source: Safety Manual, Chunk 13
SECTION 7: TRAINING AND CERTIFICATION
Safety Training is required:
Annually for all employees.
Immediately after any safety violation or accident.
Lockout/Tagout procedures must be reviewed every 12 months.


SECTION 8: EMERGENCY CONTACTS
Fire Department: 101
Police: 100
On-site Medical Officer: Ext. 221
Warehouse Safety Lead: Ext. 115",False,nan,nan,nan,nan,nan,nan
LOTO annual review,keyword,The lockout/tagout (LOTO) procedure is reviewed every 12 months.,hybrid_50_50,0.5,0.5,2,36,0.8456659589537607,1.0,0.9228329794768804,59.916465759277344,"Source: Safety Manual, Chunk 2
SECTION 2: INVENTORY HANDLING
-----------------------------
- Use handheld scanners for all inventory movements.
- Report discrepancies immediately to the Inventory Supervisor.
- Damaged goods must be placed in the “Inspection Zone” before tagging.
- Shelves are labeled using alphanumeric codes (e.g., A1-B3).",False,nan,nan,nan,nan,nan,nan
LOTO annual review,keyword,The lockout/tagout (LOTO) procedure is reviewed every 12 months.,hybrid_50_50,0.5,0.5,3,10,0.8178266563989239,1.0,0.9089133281994619,60.441383361816406,"Item: Sony WH-1000XM5, Shelf: Shelf C, Shelf ID: C, Location: (3.265, 2.080, 0.001), Stock: 16, Price: $399.99, Category: Headphones",False,nan,nan,nan,nan,nan,nan
LOTO annual review,keyword,The lockout/tagout (LOTO) procedure is reviewed every 12 months.,hybrid_50_50,0.5,0.5,4,45,0.767588276850572,1.0,0.883794138425286,61.411895751953125,"Source: Safety Manual, Chunk 11
SECTION 5: MATERIAL HANDLING AND STORAGE
Forklift operators must be certified and recertified every 2 years.
Do not exceed 1500 kg per shelving level unless labeled otherwise.
Use Class 2 ratchet straps for loads over 200 kg.
Hazardous chemicals must be stored in locked ventilated cabinets.",False,nan,nan,nan,nan,nan,nan
LOTO annual review,keyword,The lockout/tagout (LOTO) procedure is reviewed every 12 months.,hybrid_50_50,0.5,0.5,5,12,0.7563009984610354,1.0,0.8781504992305177,61.634178161621094,"Item: Sony WF-1000XM5, Shelf: Shelf C, Shelf ID: C, Location: (3.265, 2.080, 0.001), Stock: 18, Price: $299.99, Category: Earbuds",False,nan,nan,nan,nan,nan,nan
LOTO annual review,keyword,The lockout/tagout (LOTO) procedure is reviewed every 12 months.,hybrid_60_40,0.6,0.4,1,47,1.0,1.0,1.0,57.16178512573242,"Source: Safety Manual, Chunk 13
SECTION 7: TRAINING AND CERTIFICATION
Safety Training is required:
Annually for all employees.
Immediately after any safety violation or accident.
Lockout/Tagout procedures must be reviewed every 12 months.


SECTION 8: EMERGENCY CONTACTS
Fire Department: 101
Police: 100
On-site Medical Officer: Ext. 221
Warehouse Safety Lead: Ext. 115",False,nan,nan,nan,nan,nan,nan
LOTO annual review,keyword,The lockout/tagout (LOTO) procedure is reviewed every 12 months.,hybrid_60_40,0.6,0.4,2,36,0.8456659589537607,1.0,0.9073995753722565,59.916465759277344,"Source: Safety Manual, Chunk 2
SECTION 2: INVENTORY HANDLING
-----------------------------
- Use handheld scanners for all inventory movements.
- Report discrepancies immediately to the Inventory Supervisor.
- Damaged goods must be placed in the “Inspection Zone” before tagging.
- Shelves are labeled using alphanumeric codes (e.g., A1-B3).",False,nan,nan,nan,nan,nan,nan
LOTO annual review,keyword,The lockout/tagout (LOTO) procedure is reviewed every 12 months.,hybrid_60_40,0.6,0.4,3,10,0.8178266563989239,1.0,0.8906959938393544,60.441383361816406,"Item: Sony WH-1000XM5, Shelf: Shelf C, Shelf ID: C, Location: (3.265, 2.080, 0.001), Stock: 16, Price: $399.99, Category: Headphones",False,nan,nan,nan,nan,nan,nan
LOTO annual review,keyword,The lockout/tagout (LOTO) procedure is reviewed every 12 months.,hybrid_60_40,0.6,0.4,4,45,0.767588276850572,1.0,0.8605529661103432,61.411895751953125,"Source: Safety Manual, Chunk 11
SECTION 5: MATERIAL HANDLING AND STORAGE
Forklift operators must be certified and recertified every 2 years.
Do not exceed 1500 kg per shelving level unless labeled otherwise.
Use Class 2 ratchet straps for loads over 200 kg.
Hazardous chemicals must be stored in locked ventilated cabinets.",False,nan,nan,nan,nan,nan,nan
LOTO annual review,keyword,The lockout/tagout (LOTO) procedure is reviewed every 12 months.,hybrid_60_40,0.6,0.4,5,12,0.7563009984610354,1.0,0.8537805990766212,61.634178161621094,"Item: Sony WF-1000XM5, Shelf: Shelf C, Shelf ID: C, Location: (3.265, 2.080, 0.001), Stock: 18, Price: $299.99, Category: Earbuds",False,nan,nan,nan,nan,nan,nan
LOTO annual review,keyword,The lockout/tagout (LOTO) procedure is reviewed every 12 months.,hybrid_70_30,0.7,0.3,1,47,1.0,1.0,1.0,57.16178512573242,"Source: Safety Manual, Chunk 13
SECTION 7: TRAINING AND CERTIFICATION
Safety Training is required:
Annually for all employees.
Immediately after any safety violation or accident.
Lockout/Tagout procedures must be reviewed every 12 months.


SECTION 8: EMERGENCY CONTACTS
Fire Department: 101
Police: 100
On-site Medical Officer: Ext. 221
Warehouse Safety Lead: Ext. 115",False,nan,nan,nan,nan,nan,nan
LOTO annual review,keyword,The lockout/tagout (LOTO) procedure is reviewed every 12 months.,hybrid_70_30,0.7,0.3,2,36,0.8456659589537607,1.0,0.8919661712676326,59.916465759277344,"Source: Safety Manual, Chunk 2
SECTION 2: INVENTORY HANDLING
-----------------------------
- Use handheld scanners for all inventory movements.
- Report discrepancies immediately to the Inventory Supervisor.
- Damaged goods must be placed in the “Inspection Zone” before tagging.
- Shelves are labeled using alphanumeric codes (e.g., A1-B3).",False,nan,nan,nan,nan,nan,nan
LOTO annual review,keyword,The lockout/tagout (LOTO) procedure is reviewed every 12 months.,hybrid_70_30,0.7,0.3,3,10,0.8178266563989239,1.0,0.8724786594792466,60.441383361816406,"Item: Sony WH-1000XM5, Shelf: Shelf C, Shelf ID: C, Location: (3.265, 2.080, 0.001), Stock: 16, Price: $399.99, Category: Headphones",False,nan,nan,nan,nan,nan,nan
LOTO annual review,keyword,The lockout/tagout (LOTO) procedure is reviewed every 12 months.,hybrid_70_30,0.7,0.3,4,45,0.767588276850572,1.0,0.8373117937954002,61.411895751953125,"Source: Safety Manual, Chunk 11
SECTION 5: MATERIAL HANDLING AND STORAGE
Forklift operators must be certified and recertified every 2 years.
Do not exceed 1500 kg per shelving level unless labeled otherwise.
Use Class 2 ratchet straps for loads over 200 kg.
Hazardous chemicals must be stored in locked ventilated cabinets.",False,nan,nan,nan,nan,nan,nan
LOTO annual review,keyword,The lockout/tagout (LOTO) procedure is reviewed every 12 months.,hybrid_70_30,0.7,0.3,5,12,0.7563009984610354,1.0,0.8294106989227248,61.634178161621094,"Item: Sony WF-1000XM5, Shelf: Shelf C, Shelf ID: C, Location: (3.265, 2.080, 0.001), Stock: 18, Price: $299.99, Category: Earbuds",False,nan,nan,nan,nan,nan,nan
LOTO annual review,keyword,The lockout/tagout (LOTO) procedure is reviewed every 12 months.,hybrid_80_20,0.8,0.2,1,47,1.0,1.0,1.0,57.16178512573242,"Source: Safety Manual, Chunk 13
SECTION 7: TRAINING AND CERTIFICATION
Safety Training is required:
Annually for all employees.
Immediately after any safety violation or accident.
Lockout/Tagout procedures must be reviewed every 12 months.


SECTION 8: EMERGENCY CONTACTS
Fire Department: 101
Police: 100
On-site Medical Officer: Ext. 221
Warehouse Safety Lead: Ext. 115",False,nan,nan,nan,nan,nan,nan
LOTO annual review,keyword,The lockout/tagout (LOTO) procedure is reviewed every 12 months.,hybrid_80_20,0.8,0.2,2,36,0.8456659589537607,1.0,0.8765327671630085,59.916465759277344,"Source: Safety Manual, Chunk 2
SECTION 2: INVENTORY HANDLING
-----------------------------
- Use handheld scanners for all inventory movements.
- Report discrepancies immediately to the Inventory Supervisor.
- Damaged goods must be placed in the “Inspection Zone” before tagging.
- Shelves are labeled using alphanumeric codes (e.g., A1-B3).",False,nan,nan,nan,nan,nan,nan
LOTO annual review,keyword,The lockout/tagout (LOTO) procedure is reviewed every 12 months.,hybrid_80_20,0.8,0.2,3,10,0.8178266563989239,1.0,0.8542613251191391,60.441383361816406,"Item: Sony WH-1000XM5, Shelf: Shelf C, Shelf ID: C, Location: (3.265, 2.080, 0.001), Stock: 16, Price: $399.99, Category: Headphones",False,nan,nan,nan,nan,nan,nan
LOTO annual review,keyword,The lockout/tagout (LOTO) procedure is reviewed every 12 months.,hybrid_80_20,0.8,0.2,4,45,0.767588276850572,1.0,0.8140706214804576,61.411895751953125,"Source: Safety Manual, Chunk 11
SECTION 5: MATERIAL HANDLING AND STORAGE
Forklift operators must be certified and recertified every 2 years.
Do not exceed 1500 kg per shelving level unless labeled otherwise.
Use Class 2 ratchet straps for loads over 200 kg.
Hazardous chemicals must be stored in locked ventilated cabinets.",False,nan,nan,nan,nan,nan,nan
LOTO annual review,keyword,The lockout/tagout (LOTO) procedure is reviewed every 12 months.,hybrid_80_20,0.8,0.2,5,12,0.7563009984610354,1.0,0.8050407987688284,61.634178161621094,"Item: Sony WF-1000XM5, Shelf: Shelf C, Shelf ID: C, Location: (3.265, 2.080, 0.001), Stock: 18, Price: $299.99, Category: Earbuds",False,nan,nan,nan,nan,nan,nan
spill response pads,keyword,Spills must be reported and cleaned immediately using absorbent pads.,semantic_only,1.0,0.0,1,38,1.0,1.0,1.0,54.60346603393555,"Source: Safety Manual, Chunk 4
SECTION 4: CLEANLINESS & WASTE DISPOSAL
---------------------------------------
- Floors must be swept at the end of each shift.
- Spillages must be reported and cleaned immediately using absorbent pads.
- Recycling bins are color-coded:
  - Blue: Paper/Cardboard
  - Green: Plastic
  - Red: Hazardous waste
- All cleaning supplies are stored in Room C-14.",False,nan,nan,nan,nan,nan,nan
spill response pads,keyword,Spills must be reported and cleaned immediately using absorbent pads.,semantic_only,1.0,0.0,2,37,0.8898476268972991,0.0,0.8898476268972991,57.62632751464844,"Source: Safety Manual, Chunk 3
SECTION 3: EQUIPMENT USAGE & MAINTENANCE
----------------------------------------
- Pallet jacks and forklifts must be returned to charging docks after shift.
- Battery water levels should be checked every Monday morning.
- Only trained staff may operate powered equipment (see list in Appendix A).
- Monthly maintenance logs must be filled by the Maintenance Lead.",False,nan,nan,nan,nan,nan,nan
spill response pads,keyword,Spills must be reported and cleaned immediately using absorbent pads.,semantic_only,1.0,0.0,3,42,0.724604456009639,0.0,0.724604456009639,62.83209991455078,"Source: Safety Manual, Chunk 8
SECTION 2: PERSONAL PROTECTIVE EQUIPMENT (PPE)
Safety Helmets – Required at all times inside loading areas.
High-Visibility Vests – Fluorescent yellow or orange with reflective stripes.
Steel-Toed Boots – Must conform to ISO 20345:2011.
Cut-Resistant Gloves – Mandatory when handling sharp materials.
Hearing Protection – Required in areas above 85 dB",False,nan,nan,nan,nan,nan,nan
spill response pads,keyword,Spills must be reported and cleaned immediately using absorbent pads.,semantic_only,1.0,0.0,4,43,0.7224829489526423,0.0,0.7224829489526423,62.90495300292969,"Source: Safety Manual, Chunk 9
SECTION 3: FIRE SAFETY & EVACUATION PROCEDURES
Fire Extinguishers: One every 15 meters; monthly inspection.
Emergency Exits: At least two per zone, clearly marked.
Evacuation Drills: Every 6 months; missed drills require retraining.
Assembly Points: 50 meters from building, marked with green signage.
Never use elevators during evacuation.",False,nan,nan,nan,nan,nan,nan
spill response pads,keyword,Spills must be reported and cleaned immediately using absorbent pads.,semantic_only,1.0,0.0,5,46,0.6985964745521137,0.0,0.6985964745521137,63.736846923828125,"Source: Safety Manual, Chunk 12
SECTION 6: FIRST AID AND INCIDENT REPORTING
First Aid Kits must be:
Available every 30 meters.
Checked weekly by a safety officer.
Incident Reports:
Must be submitted within 2 hours using Form WHS-101.
Use the internal safety portal for submission.
Emergency contacts are listed on the main notice board and in Section 9.",False,nan,nan,nan,nan,nan,nan
spill response pads,keyword,Spills must be reported and cleaned immediately using absorbent pads.,keyword_only,0.0,1.0,1,24,0.262464030733656,1.0,1.0,83.9212646484375,"Item: Bose Replacement Ear Pads, Shelf: Shelf E, Shelf ID: E, Location: (6.865, 2.080, 0.000), Stock: 36, Price: $29.99, Category: Accessories",False,nan,nan,nan,nan,nan,nan
spill response pads,keyword,Spills must be reported and cleaned immediately using absorbent pads.,keyword_only,0.0,1.0,2,38,1.0,1.0,1.0,54.60346603393555,"Source: Safety Manual, Chunk 4
SECTION 4: CLEANLINESS & WASTE DISPOSAL
---------------------------------------
- Floors must be swept at the end of each shift.
- Spillages must be reported and cleaned immediately using absorbent pads.
- Recycling bins are color-coded:
  - Blue: Paper/Cardboard
  - Green: Plastic
  - Red: Hazardous waste
- All cleaning supplies are stored in Room C-14.",False,nan,nan,nan,nan,nan,nan
spill response pads,keyword,Spills must be reported and cleaned immediately using absorbent pads.,keyword_only,0.0,1.0,3,0,0.0,0.0,0.0,103.53597259521484,"Item: Apple iPhone 14, Shelf: Shelf A, Shelf ID: A, Location: (-0.151, 2.203, 0.001), Stock: 10, Price: $799.99, Category: Smartphones",False,nan,nan,nan,nan,nan,nan
spill response pads,keyword,Spills must be reported and cleaned immediately using absorbent pads.,keyword_only,0.0,1.0,4,1,0.03862539449515047,0.0,0.0,100.0994644165039,"Item: Apple iPhone 14 Pro, Shelf: Shelf A, Shelf ID: A, Location: (-0.151, 2.203, 0.001), Stock: 10, Price: $999.99, Category: Smartphones",False,nan,nan,nan,nan,nan,nan
spill response pads,keyword,Spills must be reported and cleaned immediately using absorbent pads.,keyword_only,0.0,1.0,5,2,0.00029307876006425324,0.0,0.0,103.50901794433594,"Item: Apple iPhone 13, Shelf: Shelf A, Shelf ID: A, Location: (-0.151, 2.203, 0.001), Stock: 8, Price: $599.99, Category: Smartphones",False,nan,nan,nan,nan,nan,nan
spill response pads,keyword,Spills must be reported and cleaned immediately using absorbent pads.,hybrid_50_50,0.5,0.5,1,38,1.0,1.0,1.0,54.60346603393555,"Source: Safety Manual, Chunk 4
SECTION 4: CLEANLINESS & WASTE DISPOSAL
---------------------------------------
- Floors must be swept at the end of each shift.
- Spillages must be reported and cleaned immediately using absorbent pads.
- Recycling bins are color-coded:
  - Blue: Paper/Cardboard
  - Green: Plastic
  - Red: Hazardous waste
- All cleaning supplies are stored in Room C-14.",False,nan,nan,nan,nan,nan,nan
spill response pads,keyword,Spills must be reported and cleaned immediately using absorbent pads.,hybrid_50_50,0.5,0.5,2,24,0.262464030733656,1.0,0.631232015366828,83.9212646484375,"Item: Bose Replacement Ear Pads, Shelf: Shelf E, Shelf ID: E, Location: (6.865, 2.080, 0.000), Stock: 36, Price: $29.99, Category: Accessories",False,nan,nan,nan,nan,nan,nan
spill response pads,keyword,Spills must be reported and cleaned immediately using absorbent pads.,hybrid_50_50,0.5,0.5,3,37,0.8898476268972991,0.0,0.44492381344864956,57.62632751464844,"Source: Safety Manual, Chunk 3
SECTION 3: EQUIPMENT USAGE & MAINTENANCE
----------------------------------------
- Pallet jacks and forklifts must be returned to charging docks after shift.
- Battery water levels should be checked every Monday morning.
- Only trained staff may operate powered equipment (see list in Appendix A).
- Monthly maintenance logs must be filled by the Maintenance Lead.",False,nan,nan,nan,nan,nan,nan
spill response pads,keyword,Spills must be reported and cleaned immediately using absorbent pads.,hybrid_50_50,0.5,0.5,4,42,0.724604456009639,0.0,0.3623022280048195,62.83209991455078,"Source: Safety Manual, Chunk 8
SECTION 2: PERSONAL PROTECTIVE EQUIPMENT (PPE)
Safety Helmets – Required at all times inside loading areas.
High-Visibility Vests – Fluorescent yellow or orange with reflective stripes.
Steel-Toed Boots – Must conform to ISO 20345:2011.
Cut-Resistant Gloves – Mandatory when handling sharp materials.
Hearing Protection – Required in areas above 85 dB",False,nan,nan,nan,nan,nan,nan
spill response pads,keyword,Spills must be reported and cleaned immediately using absorbent pads.,hybrid_50_50,0.5,0.5,5,43,0.7224829489526423,0.0,0.36124147447632116,62.90495300292969,"Source: Safety Manual, Chunk 9
SECTION 3: FIRE SAFETY & EVACUATION PROCEDURES
Fire Extinguishers: One every 15 meters; monthly inspection.
Emergency Exits: At least two per zone, clearly marked.
Evacuation Drills: Every 6 months; missed drills require retraining.
Assembly Points: 50 meters from building, marked with green signage.
Never use elevators during evacuation.",False,nan,nan,nan,nan,nan,nan
spill response pads,keyword,Spills must be reported and cleaned immediately using absorbent pads.,hybrid_60_40,0.6,0.4,1,38,1.0,1.0,1.0,54.60346603393555,"Source: Safety Manual, Chunk 4
SECTION 4: CLEANLINESS & WASTE DISPOSAL
---------------------------------------
- Floors must be swept at the end of each shift.
- Spillages must be reported and cleaned immediately using absorbent pads.
- Recycling bins are color-coded:
  - Blue: Paper/Cardboard
  - Green: Plastic
  - Red: Hazardous waste
- All cleaning supplies are stored in Room C-14.",False,nan,nan,nan,nan,nan,nan
spill response pads,keyword,Spills must be reported and cleaned immediately using absorbent pads.,hybrid_60_40,0.6,0.4,2,24,0.262464030733656,1.0,0.5574784184401936,83.9212646484375,"Item: Bose Replacement Ear Pads, Shelf: Shelf E, Shelf ID: E, Location: (6.865, 2.080, 0.000), Stock: 36, Price: $29.99, Category: Accessories",False,nan,nan,nan,nan,nan,nan
spill response pads,keyword,Spills must be reported and cleaned immediately using absorbent pads.,hybrid_60_40,0.6,0.4,3,37,0.8898476268972991,0.0,0.5339085761383795,57.62632751464844,"Source: Safety Manual, Chunk 3
SECTION 3: EQUIPMENT USAGE & MAINTENANCE
----------------------------------------
- Pallet jacks and forklifts must be returned to charging docks after shift.
- Battery water levels should be checked every Monday morning.
- Only trained staff may operate powered equipment (see list in Appendix A).
- Monthly maintenance logs must be filled by the Maintenance Lead.",False,nan,nan,nan,nan,nan,nan
spill response pads,keyword,Spills must be reported and cleaned immediately using absorbent pads.,hybrid_60_40,0.6,0.4,4,42,0.724604456009639,0.0,0.43476267360578336,62.83209991455078,"Source: Safety Manual, Chunk 8
SECTION 2: PERSONAL PROTECTIVE EQUIPMENT (PPE)
Safety Helmets – Required at all times inside loading areas.
High-Visibility Vests – Fluorescent yellow or orange with reflective stripes.
Steel-Toed Boots – Must conform to ISO 20345:2011.
Cut-Resistant Gloves – Mandatory when handling sharp materials.
Hearing Protection – Required in areas above 85 dB",False,nan,nan,nan,nan,nan,nan
spill response pads,keyword,Spills must be reported and cleaned immediately using absorbent pads.,hybrid_60_40,0.6,0.4,5,43,0.7224829489526423,0.0,0.4334897693715854,62.90495300292969,"Source: Safety Manual, Chunk 9
SECTION 3: FIRE SAFETY & EVACUATION PROCEDURES
Fire Extinguishers: One every 15 meters; monthly inspection.
Emergency Exits: At least two per zone, clearly marked.
Evacuation Drills: Every 6 months; missed drills require retraining.
Assembly Points: 50 meters from building, marked with green signage.
Never use elevators during evacuation.",False,nan,nan,nan,nan,nan,nan
spill response pads,keyword,Spills must be reported and cleaned immediately using absorbent pads.,hybrid_70_30,0.7,0.3,1,38,1.0,1.0,1.0,54.60346603393555,"Source: Safety Manual, Chunk 4
SECTION 4: CLEANLINESS & WASTE DISPOSAL
---------------------------------------
- Floors must be swept at the end of each shift.
- Spillages must be reported and cleaned immediately using absorbent pads.
- Recycling bins are color-coded:
  - Blue: Paper/Cardboard
  - Green: Plastic
  - Red: Hazardous waste
- All cleaning supplies are stored in Room C-14.",False,nan,nan,nan,nan,nan,nan
spill response pads,keyword,Spills must be reported and cleaned immediately using absorbent pads.,hybrid_70_30,0.7,0.3,2,37,0.8898476268972991,0.0,0.6228933388281094,57.62632751464844,"Source: Safety Manual, Chunk 3
SECTION 3: EQUIPMENT USAGE & MAINTENANCE
----------------------------------------
- Pallet jacks and forklifts must be returned to charging docks after shift.
- Battery water levels should be checked every Monday morning.
- Only trained staff may operate powered equipment (see list in Appendix A).
- Monthly maintenance logs must be filled by the Maintenance Lead.",False,nan,nan,nan,nan,nan,nan
spill response pads,keyword,Spills must be reported and cleaned immediately using absorbent pads.,hybrid_70_30,0.7,0.3,3,42,0.724604456009639,0.0,0.5072231192067472,62.83209991455078,"Source: Safety Manual, Chunk 8
SECTION 2: PERSONAL PROTECTIVE EQUIPMENT (PPE)
Safety Helmets – Required at all times inside loading areas.
High-Visibility Vests – Fluorescent yellow or orange with reflective stripes.
Steel-Toed Boots – Must conform to ISO 20345:2011.
Cut-Resistant Gloves – Mandatory when handling sharp materials.
Hearing Protection – Required in areas above 85 dB",False,nan,nan,nan,nan,nan,nan
spill response pads,keyword,Spills must be reported and cleaned immediately using absorbent pads.,hybrid_70_30,0.7,0.3,4,43,0.7224829489526423,0.0,0.5057380642668496,62.90495300292969,"Source: Safety Manual, Chunk 9
SECTION 3: FIRE SAFETY & EVACUATION PROCEDURES
Fire Extinguishers: One every 15 meters; monthly inspection.
Emergency Exits: At least two per zone, clearly marked.
Evacuation Drills: Every 6 months; missed drills require retraining.
Assembly Points: 50 meters from building, marked with green signage.
Never use elevators during evacuation.",False,nan,nan,nan,nan,nan,nan
spill response pads,keyword,Spills must be reported and cleaned immediately using absorbent pads.,hybrid_70_30,0.7,0.3,5,46,0.6985964745521137,0.0,0.4890175321864796,63.736846923828125,"Source: Safety Manual, Chunk 12
SECTION 6: FIRST AID AND INCIDENT REPORTING
First Aid Kits must be:
Available every 30 meters.
Checked weekly by a safety officer.
Incident Reports:
Must be submitted within 2 hours using Form WHS-101.
Use the internal safety portal for submission.
Emergency contacts are listed on the main notice board and in Section 9.",False,nan,nan,nan,nan,nan,nan
spill response pads,keyword,Spills must be reported and cleaned immediately using absorbent pads.,hybrid_80_20,0.8,0.2,1,38,1.0,1.0,1.0,54.60346603393555,"Source: Safety Manual, Chunk 4
SECTION 4: CLEANLINESS & WASTE DISPOSAL
---------------------------------------
- Floors must be swept at the end of each shift.
- Spillages must be reported and cleaned immediately using absorbent pads.
- Recycling bins are color-coded:
  - Blue: Paper/Cardboard
  - Green: Plastic
  - Red: Hazardous waste
- All cleaning supplies are stored in Room C-14.",False,nan,nan,nan,nan,nan,nan
spill response pads,keyword,Spills must be reported and cleaned immediately using absorbent pads.,hybrid_80_20,0.8,0.2,2,37,0.8898476268972991,0.0,0.7118781015178394,57.62632751464844,"Source: Safety Manual, Chunk 3
SECTION 3: EQUIPMENT USAGE & MAINTENANCE
----------------------------------------
- Pallet jacks and forklifts must be returned to charging docks after shift.
- Battery water levels should be checked every Monday morning.
- Only trained staff may operate powered equipment (see list in Appendix A).
- Monthly maintenance logs must be filled by the Maintenance Lead.",False,nan,nan,nan,nan,nan,nan
spill response pads,keyword,Spills must be reported and cleaned immediately using absorbent pads.,hybrid_80_20,0.8,0.2,3,42,0.724604456009639,0.0,0.5796835648077112,62.83209991455078,"Source: Safety Manual, Chunk 8
SECTION 2: PERSONAL PROTECTIVE EQUIPMENT (PPE)
Safety Helmets – Required at all times inside loading areas.
High-Visibility Vests – Fluorescent yellow or orange with reflective stripes.
Steel-Toed Boots – Must conform to ISO 20345:2011.
Cut-Resistant Gloves – Mandatory when handling sharp materials.
Hearing Protection – Required in areas above 85 dB",False,nan,nan,nan,nan,nan,nan
spill response pads,keyword,Spills must be reported and cleaned immediately using absorbent pads.,hybrid_80_20,0.8,0.2,4,43,0.7224829489526423,0.0,0.5779863591621138,62.90495300292969,"Source: Safety Manual, Chunk 9
SECTION 3: FIRE SAFETY & EVACUATION PROCEDURES
Fire Extinguishers: One every 15 meters; monthly inspection.
Emergency Exits: At least two per zone, clearly marked.
Evacuation Drills: Every 6 months; missed drills require retraining.
Assembly Points: 50 meters from building, marked with green signage.
Never use elevators during evacuation.",False,nan,nan,nan,nan,nan,nan
spill response pads,keyword,Spills must be reported and cleaned immediately using absorbent pads.,hybrid_80_20,0.8,0.2,5,46,0.6985964745521137,0.0,0.558877179641691,63.736846923828125,"Source: Safety Manual, Chunk 12
SECTION 6: FIRST AID AND INCIDENT REPORTING
First Aid Kits must be:
Available every 30 meters.
Checked weekly by a safety officer.
Incident Reports:
Must be submitted within 2 hours using Form WHS-101.
Use the internal safety portal for submission.
Emergency contacts are listed on the main notice board and in Section 9.",False,nan,nan,nan,nan,nan,nan
visitor safety gear,keyword,Visitors are required to wear PPE. The manual does not specify a separate detailed visitor PPE list.,semantic_only,1.0,0.0,1,42,1.0,0.5,1.0,44.428714752197266,"Source: Safety Manual, Chunk 8
SECTION 2: PERSONAL PROTECTIVE EQUIPMENT (PPE)
Safety Helmets – Required at all times inside loading areas.
High-Visibility Vests – Fluorescent yellow or orange with reflective stripes.
Steel-Toed Boots – Must conform to ISO 20345:2011.
Cut-Resistant Gloves – Mandatory when handling sharp materials.
Hearing Protection – Required in areas above 85 dB",False,nan,nan,nan,nan,nan,nan
visitor safety gear,keyword,Visitors are required to wear PPE. The manual does not specify a separate detailed visitor PPE list.,semantic_only,1.0,0.0,2,44,0.9169017040364965,1.0,0.9169017040364965,46.36414337158203,"Source: Safety Manual, Chunk 10
SECTION 4: VISITOR PROTOCOL
All visitors must sign in at the security desk and wear visitor badges.
Visitors must be escorted by a warehouse employee at all times.
PPE is required for visitors entering the warehouse floor.
Visits should be scheduled at least 24 hours in advance.",False,nan,nan,nan,nan,nan,nan
visitor safety gear,keyword,Visitors are required to wear PPE. The manual does not specify a separate detailed visitor PPE list.,semantic_only,1.0,0.0,3,39,0.6641528703394066,0.5,0.6641528703394066,53.415382385253906,"Source: Safety Manual, Chunk 5
SECTION 5: SECURITY & ACCESS CONTROL
-------------------------------------
- Entry to the warehouse requires ID badge scans.
- All doors auto-lock after 8:00 PM.
- Visitors must be logged in at the front desk and accompanied at all times.
- Security footage is retained for 30 days and reviewed weekly.",False,nan,nan,nan,nan,nan,nan
visitor safety gear,keyword,Visitors are required to wear PPE. The manual does not specify a separate detailed visitor PPE list.,semantic_only,1.0,0.0,4,47,0.6079611673651819,0.5,0.6079611673651819,55.27806091308594,"Source: Safety Manual, Chunk 13
SECTION 7: TRAINING AND CERTIFICATION
Safety Training is required:
Annually for all employees.
Immediately after any safety violation or accident.
Lockout/Tagout procedures must be reviewed every 12 months.


SECTION 8: EMERGENCY CONTACTS
Fire Department: 101
Police: 100
On-site Medical Officer: Ext. 221
Warehouse Safety Lead: Ext. 115",False,nan,nan,nan,nan,nan,nan
visitor safety gear,keyword,Visitors are required to wear PPE. The manual does not specify a separate detailed visitor PPE list.,semantic_only,1.0,0.0,5,46,0.6063280193062827,0.5,0.6063280193062827,55.3341064453125,"Source: Safety Manual, Chunk 12
SECTION 6: FIRST AID AND INCIDENT REPORTING
First Aid Kits must be:
Available every 30 meters.
Checked weekly by a safety officer.
Incident Reports:
Must be submitted within 2 hours using Form WHS-101.
Use the internal safety portal for submission.
Emergency contacts are listed on the main notice board and in Section 9.",False,nan,nan,nan,nan,nan,nan
visitor safety gear,keyword,Visitors are required to wear PPE. The manual does not specify a separate detailed visitor PPE list.,keyword_only,0.0,1.0,1,44,0.9169017040364965,1.0,1.0,46.36414337158203,"Source: Safety Manual, Chunk 10
SECTION 4: VISITOR PROTOCOL
All visitors must sign in at the security desk and wear visitor badges.
Visitors must be escorted by a warehouse employee at all times.
PPE is required for visitors entering the warehouse floor.
Visits should be scheduled at least 24 hours in advance.",False,nan,nan,nan,nan,nan,nan
visitor safety gear,keyword,Visitors are required to wear PPE. The manual does not specify a separate detailed visitor PPE list.,keyword_only,0.0,1.0,2,35,0.07043775799677965,0.5,0.5,82.67829132080078,"Source: Safety Manual, Chunk 1
WAREHOUSE DAILY OPERATIONS GUIDE (2024)
========================================

SECTION 1: SHIFT SCHEDULES & WORKFLOW
-------------------------------------
- Morning Shift: 6:00 AM – 2:00 PM
- Afternoon Shift: 2:00 PM – 10:00 PM
- Night Shift: 10:00 PM – 6:00 AM
- All workers must sign in 10 minutes before their shift and attend the team briefing.
- Daily workload is divided into receiving, inventory update, picking, packing, and dispatch.",False,nan,nan,nan,nan,nan,nan
visitor safety gear,keyword,Visitors are required to wear PPE. The manual does not specify a separate detailed visitor PPE list.,keyword_only,0.0,1.0,3,36,0.4845714511472899,0.5,0.5,59.85208511352539,"Source: Safety Manual, Chunk 2
SECTION 2: INVENTORY HANDLING
-----------------------------
- Use handheld scanners for all inventory movements.
- Report discrepancies immediately to the Inventory Supervisor.
- Damaged goods must be placed in the “Inspection Zone” before tagging.
- Shelves are labeled using alphanumeric codes (e.g., A1-B3).",False,nan,nan,nan,nan,nan,nan
visitor safety gear,keyword,Visitors are required to wear PPE. The manual does not specify a separate detailed visitor PPE list.,keyword_only,0.0,1.0,4,37,0.43299087500054273,0.5,0.5,61.99228286743164,"Source: Safety Manual, Chunk 3
SECTION 3: EQUIPMENT USAGE & MAINTENANCE
----------------------------------------
- Pallet jacks and forklifts must be returned to charging docks after shift.
- Battery water levels should be checked every Monday morning.
- Only trained staff may operate powered equipment (see list in Appendix A).
- Monthly maintenance logs must be filled by the Maintenance Lead.",False,nan,nan,nan,nan,nan,nan
visitor safety gear,keyword,Visitors are required to wear PPE. The manual does not specify a separate detailed visitor PPE list.,keyword_only,0.0,1.0,5,38,0.4682320212892031,0.5,0.5,60.514137268066406,"Source: Safety Manual, Chunk 4
SECTION 4: CLEANLINESS & WASTE DISPOSAL
---------------------------------------
- Floors must be swept at the end of each shift.
- Spillages must be reported and cleaned immediately using absorbent pads.
- Recycling bins are color-coded:
  - Blue: Paper/Cardboard
  - Green: Plastic
  - Red: Hazardous waste
- All cleaning supplies are stored in Room C-14.",False,nan,nan,nan,nan,nan,nan
visitor safety gear,keyword,Visitors are required to wear PPE. The manual does not specify a separate detailed visitor PPE list.,hybrid_50_50,0.5,0.5,1,44,0.9169017040364965,1.0,0.9584508520182482,46.36414337158203,"Source: Safety Manual, Chunk 10
SECTION 4: VISITOR PROTOCOL
All visitors must sign in at the security desk and wear visitor badges.
Visitors must be escorted by a warehouse employee at all times.
PPE is required for visitors entering the warehouse floor.
Visits should be scheduled at least 24 hours in advance.",False,nan,nan,nan,nan,nan,nan
visitor safety gear,keyword,Visitors are required to wear PPE. The manual does not specify a separate detailed visitor PPE list.,hybrid_50_50,0.5,0.5,2,42,1.0,0.5,0.75,44.428714752197266,"Source: Safety Manual, Chunk 8
SECTION 2: PERSONAL PROTECTIVE EQUIPMENT (PPE)
Safety Helmets – Required at all times inside loading areas.
High-Visibility Vests – Fluorescent yellow or orange with reflective stripes.
Steel-Toed Boots – Must conform to ISO 20345:2011.
Cut-Resistant Gloves – Mandatory when handling sharp materials.
Hearing Protection – Required in areas above 85 dB",False,nan,nan,nan,nan,nan,nan
visitor safety gear,keyword,Visitors are required to wear PPE. The manual does not specify a separate detailed visitor PPE list.,hybrid_50_50,0.5,0.5,3,39,0.6641528703394066,0.5,0.5820764351697033,53.415382385253906,"Source: Safety Manual, Chunk 5
SECTION 5: SECURITY & ACCESS CONTROL
-------------------------------------
- Entry to the warehouse requires ID badge scans.
- All doors auto-lock after 8:00 PM.
- Visitors must be logged in at the front desk and accompanied at all times.
- Security footage is retained for 30 days and reviewed weekly.",False,nan,nan,nan,nan,nan,nan
visitor safety gear,keyword,Visitors are required to wear PPE. The manual does not specify a separate detailed visitor PPE list.,hybrid_50_50,0.5,0.5,4,47,0.6079611673651819,0.5,0.553980583682591,55.27806091308594,"Source: Safety Manual, Chunk 13
SECTION 7: TRAINING AND CERTIFICATION
Safety Training is required:
Annually for all employees.
Immediately after any safety violation or accident.
Lockout/Tagout procedures must be reviewed every 12 months.


SECTION 8: EMERGENCY CONTACTS
Fire Department: 101
Police: 100
On-site Medical Officer: Ext. 221
Warehouse Safety Lead: Ext. 115",False,nan,nan,nan,nan,nan,nan
visitor safety gear,keyword,Visitors are required to wear PPE. The manual does not specify a separate detailed visitor PPE list.,hybrid_50_50,0.5,0.5,5,46,0.6063280193062827,0.5,0.5531640096531414,55.3341064453125,"Source: Safety Manual, Chunk 12
SECTION 6: FIRST AID AND INCIDENT REPORTING
First Aid Kits must be:
Available every 30 meters.
Checked weekly by a safety officer.
Incident Reports:
Must be submitted within 2 hours using Form WHS-101.
Use the internal safety portal for submission.
Emergency contacts are listed on the main notice board and in Section 9.",False,nan,nan,nan,nan,nan,nan
visitor safety gear,keyword,Visitors are required to wear PPE. The manual does not specify a separate detailed visitor PPE list.,hybrid_60_40,0.6,0.4,1,44,0.9169017040364965,1.0,0.9501410224218979,46.36414337158203,"Source: Safety Manual, Chunk 10
SECTION 4: VISITOR PROTOCOL
All visitors must sign in at the security desk and wear visitor badges.
Visitors must be escorted by a warehouse employee at all times.
PPE is required for visitors entering the warehouse floor.
Visits should be scheduled at least 24 hours in advance.",False,nan,nan,nan,nan,nan,nan
visitor safety gear,keyword,Visitors are required to wear PPE. The manual does not specify a separate detailed visitor PPE list.,hybrid_60_40,0.6,0.4,2,42,1.0,0.5,0.8,44.428714752197266,"Source: Safety Manual, Chunk 8
SECTION 2: PERSONAL PROTECTIVE EQUIPMENT (PPE)
Safety Helmets – Required at all times inside loading areas.
High-Visibility Vests – Fluorescent yellow or orange with reflective stripes.
Steel-Toed Boots – Must conform to ISO 20345:2011.
Cut-Resistant Gloves – Mandatory when handling sharp materials.
Hearing Protection – Required in areas above 85 dB",False,nan,nan,nan,nan,nan,nan
visitor safety gear,keyword,Visitors are required to wear PPE. The manual does not specify a separate detailed visitor PPE list.,hybrid_60_40,0.6,0.4,3,39,0.6641528703394066,0.5,0.598491722203644,53.415382385253906,"Source: Safety Manual, Chunk 5
SECTION 5: SECURITY & ACCESS CONTROL
-------------------------------------
- Entry to the warehouse requires ID badge scans.
- All doors auto-lock after 8:00 PM.
- Visitors must be logged in at the front desk and accompanied at all times.
- Security footage is retained for 30 days and reviewed weekly.",False,nan,nan,nan,nan,nan,nan
visitor safety gear,keyword,Visitors are required to wear PPE. The manual does not specify a separate detailed visitor PPE list.,hybrid_60_40,0.6,0.4,4,47,0.6079611673651819,0.5,0.5647767004191091,55.27806091308594,"Source: Safety Manual, Chunk 13
SECTION 7: TRAINING AND CERTIFICATION
Safety Training is required:
Annually for all employees.
Immediately after any safety violation or accident.
Lockout/Tagout procedures must be reviewed every 12 months.


SECTION 8: EMERGENCY CONTACTS
Fire Department: 101
Police: 100
On-site Medical Officer: Ext. 221
Warehouse Safety Lead: Ext. 115",False,nan,nan,nan,nan,nan,nan
visitor safety gear,keyword,Visitors are required to wear PPE. The manual does not specify a separate detailed visitor PPE list.,hybrid_60_40,0.6,0.4,5,46,0.6063280193062827,0.5,0.5637968115837696,55.3341064453125,"Source: Safety Manual, Chunk 12
SECTION 6: FIRST AID AND INCIDENT REPORTING
First Aid Kits must be:
Available every 30 meters.
Checked weekly by a safety officer.
Incident Reports:
Must be submitted within 2 hours using Form WHS-101.
Use the internal safety portal for submission.
Emergency contacts are listed on the main notice board and in Section 9.",False,nan,nan,nan,nan,nan,nan
visitor safety gear,keyword,Visitors are required to wear PPE. The manual does not specify a separate detailed visitor PPE list.,hybrid_70_30,0.7,0.3,1,44,0.9169017040364965,1.0,0.9418311928255476,46.36414337158203,"Source: Safety Manual, Chunk 10
SECTION 4: VISITOR PROTOCOL
All visitors must sign in at the security desk and wear visitor badges.
Visitors must be escorted by a warehouse employee at all times.
PPE is required for visitors entering the warehouse floor.
Visits should be scheduled at least 24 hours in advance.",False,nan,nan,nan,nan,nan,nan
visitor safety gear,keyword,Visitors are required to wear PPE. The manual does not specify a separate detailed visitor PPE list.,hybrid_70_30,0.7,0.3,2,42,1.0,0.5,0.85,44.428714752197266,"Source: Safety Manual, Chunk 8
SECTION 2: PERSONAL PROTECTIVE EQUIPMENT (PPE)
Safety Helmets – Required at all times inside loading areas.
High-Visibility Vests – Fluorescent yellow or orange with reflective stripes.
Steel-Toed Boots – Must conform to ISO 20345:2011.
Cut-Resistant Gloves – Mandatory when handling sharp materials.
Hearing Protection – Required in areas above 85 dB",False,nan,nan,nan,nan,nan,nan
visitor safety gear,keyword,Visitors are required to wear PPE. The manual does not specify a separate detailed visitor PPE list.,hybrid_70_30,0.7,0.3,3,39,0.6641528703394066,0.5,0.6149070092375846,53.415382385253906,"Source: Safety Manual, Chunk 5
SECTION 5: SECURITY & ACCESS CONTROL
-------------------------------------
- Entry to the warehouse requires ID badge scans.
- All doors auto-lock after 8:00 PM.
- Visitors must be logged in at the front desk and accompanied at all times.
- Security footage is retained for 30 days and reviewed weekly.",False,nan,nan,nan,nan,nan,nan
visitor safety gear,keyword,Visitors are required to wear PPE. The manual does not specify a separate detailed visitor PPE list.,hybrid_70_30,0.7,0.3,4,47,0.6079611673651819,0.5,0.5755728171556274,55.27806091308594,"Source: Safety Manual, Chunk 13
SECTION 7: TRAINING AND CERTIFICATION
Safety Training is required:
Annually for all employees.
Immediately after any safety violation or accident.
Lockout/Tagout procedures must be reviewed every 12 months.


SECTION 8: EMERGENCY CONTACTS
Fire Department: 101
Police: 100
On-site Medical Officer: Ext. 221
Warehouse Safety Lead: Ext. 115",False,nan,nan,nan,nan,nan,nan
visitor safety gear,keyword,Visitors are required to wear PPE. The manual does not specify a separate detailed visitor PPE list.,hybrid_70_30,0.7,0.3,5,46,0.6063280193062827,0.5,0.5744296135143978,55.3341064453125,"Source: Safety Manual, Chunk 12
SECTION 6: FIRST AID AND INCIDENT REPORTING
First Aid Kits must be:
Available every 30 meters.
Checked weekly by a safety officer.
Incident Reports:
Must be submitted within 2 hours using Form WHS-101.
Use the internal safety portal for submission.
Emergency contacts are listed on the main notice board and in Section 9.",False,nan,nan,nan,nan,nan,nan
visitor safety gear,keyword,Visitors are required to wear PPE. The manual does not specify a separate detailed visitor PPE list.,hybrid_80_20,0.8,0.2,1,44,0.9169017040364965,1.0,0.9335213632291972,46.36414337158203,"Source: Safety Manual, Chunk 10
SECTION 4: VISITOR PROTOCOL
All visitors must sign in at the security desk and wear visitor badges.
Visitors must be escorted by a warehouse employee at all times.
PPE is required for visitors entering the warehouse floor.
Visits should be scheduled at least 24 hours in advance.",False,nan,nan,nan,nan,nan,nan
visitor safety gear,keyword,Visitors are required to wear PPE. The manual does not specify a separate detailed visitor PPE list.,hybrid_80_20,0.8,0.2,2,42,1.0,0.5,0.9,44.428714752197266,"Source: Safety Manual, Chunk 8
SECTION 2: PERSONAL PROTECTIVE EQUIPMENT (PPE)
Safety Helmets – Required at all times inside loading areas.
High-Visibility Vests – Fluorescent yellow or orange with reflective stripes.
Steel-Toed Boots – Must conform to ISO 20345:2011.
Cut-Resistant Gloves – Mandatory when handling sharp materials.
Hearing Protection – Required in areas above 85 dB",False,nan,nan,nan,nan,nan,nan
visitor safety gear,keyword,Visitors are required to wear PPE. The manual does not specify a separate detailed visitor PPE list.,hybrid_80_20,0.8,0.2,3,39,0.6641528703394066,0.5,0.6313222962715253,53.415382385253906,"Source: Safety Manual, Chunk 5
SECTION 5: SECURITY & ACCESS CONTROL
-------------------------------------
- Entry to the warehouse requires ID badge scans.
- All doors auto-lock after 8:00 PM.
- Visitors must be logged in at the front desk and accompanied at all times.
- Security footage is retained for 30 days and reviewed weekly.",False,nan,nan,nan,nan,nan,nan
visitor safety gear,keyword,Visitors are required to wear PPE. The manual does not specify a separate detailed visitor PPE list.,hybrid_80_20,0.8,0.2,4,47,0.6079611673651819,0.5,0.5863689338921455,55.27806091308594,"Source: Safety Manual, Chunk 13
SECTION 7: TRAINING AND CERTIFICATION
Safety Training is required:
Annually for all employees.
Immediately after any safety violation or accident.
Lockout/Tagout procedures must be reviewed every 12 months.


SECTION 8: EMERGENCY CONTACTS
Fire Department: 101
Police: 100
On-site Medical Officer: Ext. 221
Warehouse Safety Lead: Ext. 115",False,nan,nan,nan,nan,nan,nan
visitor safety gear,keyword,Visitors are required to wear PPE. The manual does not specify a separate detailed visitor PPE list.,hybrid_80_20,0.8,0.2,5,46,0.6063280193062827,0.5,0.5850624154450261,55.3341064453125,"Source: Safety Manual, Chunk 12
SECTION 6: FIRST AID AND INCIDENT REPORTING
First Aid Kits must be:
Available every 30 meters.
Checked weekly by a safety officer.
Incident Reports:
Must be submitted within 2 hours using Form WHS-101.
Use the internal safety portal for submission.
Emergency contacts are listed on the main notice board and in Section 9.",False,nan,nan,nan,nan,nan,nan
fire drill schedule,keyword,Fire drills are conducted every 6 months.,semantic_only,1.0,0.0,1,43,1.0,1.0,1.0,54.89299774169922,"Source: Safety Manual, Chunk 9
SECTION 3: FIRE SAFETY & EVACUATION PROCEDURES
Fire Extinguishers: One every 15 meters; monthly inspection.
Emergency Exits: At least two per zone, clearly marked.
Evacuation Drills: Every 6 months; missed drills require retraining.
Assembly Points: 50 meters from building, marked with green signage.
Never use elevators during evacuation.",False,nan,nan,nan,nan,nan,nan
fire drill schedule,keyword,Fire drills are conducted every 6 months.,semantic_only,1.0,0.0,2,47,0.7488248861682955,1.0,0.7488248861682955,64.38435363769531,"Source: Safety Manual, Chunk 13
SECTION 7: TRAINING AND CERTIFICATION
Safety Training is required:
Annually for all employees.
Immediately after any safety violation or accident.
Lockout/Tagout procedures must be reviewed every 12 months.


SECTION 8: EMERGENCY CONTACTS
Fire Department: 101
Police: 100
On-site Medical Officer: Ext. 221
Warehouse Safety Lead: Ext. 115",False,nan,nan,nan,nan,nan,nan
fire drill schedule,keyword,Fire drills are conducted every 6 months.,semantic_only,1.0,0.0,3,46,0.6021770339726538,0.0,0.6021770339726538,71.58031463623047,"Source: Safety Manual, Chunk 12
SECTION 6: FIRST AID AND INCIDENT REPORTING
First Aid Kits must be:
Available every 30 meters.
Checked weekly by a safety officer.
Incident Reports:
Must be submitted within 2 hours using Form WHS-101.
Use the internal safety portal for submission.
Emergency contacts are listed on the main notice board and in Section 9.",False,nan,nan,nan,nan,nan,nan
fire drill schedule,keyword,Fire drills are conducted every 6 months.,semantic_only,1.0,0.0,4,40,0.48255599927415255,0.0,0.48255599927415255,78.73871612548828,"Source: Safety Manual, Chunk 6
SECTION 6: INCIDENT REPORTING & FEEDBACK
----------------------------------------
- Any injuries, equipment damage, or process violations must be reported within 1 hour.
- Use Form WHS-207 and submit to the Shift Supervisor.
- Anonymous feedback can be left in the box outside Room B-2 or submitted via the internal portal.",False,nan,nan,nan,nan,nan,nan
fire drill schedule,keyword,Fire drills are conducted every 6 months.,semantic_only,1.0,0.0,5,37,0.48142896175255107,0.0,0.48142896175255107,78.81288146972656,"Source: Safety Manual, Chunk 3
SECTION 3: EQUIPMENT USAGE & MAINTENANCE
----------------------------------------
- Pallet jacks and forklifts must be returned to charging docks after shift.
- Battery water levels should be checked every Monday morning.
- Only trained staff may operate powered equipment (see list in Appendix A).
- Monthly maintenance logs must be filled by the Maintenance Lead.",False,nan,nan,nan,nan,nan,nan
fire drill schedule,keyword,Fire drills are conducted every 6 months.,keyword_only,0.0,1.0,1,43,1.0,1.0,1.0,54.89299774169922,"Source: Safety Manual, Chunk 9
SECTION 3: FIRE SAFETY & EVACUATION PROCEDURES
Fire Extinguishers: One every 15 meters; monthly inspection.
Emergency Exits: At least two per zone, clearly marked.
Evacuation Drills: Every 6 months; missed drills require retraining.
Assembly Points: 50 meters from building, marked with green signage.
Never use elevators during evacuation.",False,nan,nan,nan,nan,nan,nan
fire drill schedule,keyword,Fire drills are conducted every 6 months.,keyword_only,0.0,1.0,2,47,0.7488248861682955,1.0,1.0,64.38435363769531,"Source: Safety Manual, Chunk 13
SECTION 7: TRAINING AND CERTIFICATION
Safety Training is required:
Annually for all employees.
Immediately after any safety violation or accident.
Lockout/Tagout procedures must be reviewed every 12 months.


SECTION 8: EMERGENCY CONTACTS
Fire Department: 101
Police: 100
On-site Medical Officer: Ext. 221
Warehouse Safety Lead: Ext. 115",False,nan,nan,nan,nan,nan,nan
fire drill schedule,keyword,Fire drills are conducted every 6 months.,keyword_only,0.0,1.0,3,0,0.004839690090384018,0.0,0.0,130.55516052246094,"Item: Apple iPhone 14, Shelf: Shelf A, Shelf ID: A, Location: (-0.151, 2.203, 0.001), Stock: 10, Price: $799.99, Category: Smartphones",False,nan,nan,nan,nan,nan,nan
fire drill schedule,keyword,Fire drills are conducted every 6 months.,keyword_only,0.0,1.0,4,1,0.016872621156213744,0.0,0.0,128.4365234375,"Item: Apple iPhone 14 Pro, Shelf: Shelf A, Shelf ID: A, Location: (-0.151, 2.203, 0.001), Stock: 10, Price: $999.99, Category: Smartphones",False,nan,nan,nan,nan,nan,nan
fire drill schedule,keyword,Fire drills are conducted every 6 months.,keyword_only,0.0,1.0,5,2,0.0,0.0,0.0,131.42697143554688,"Item: Apple iPhone 13, Shelf: Shelf A, Shelf ID: A, Location: (-0.151, 2.203, 0.001), Stock: 8, Price: $599.99, Category: Smartphones",False,nan,nan,nan,nan,nan,nan
fire drill schedule,keyword,Fire drills are conducted every 6 months.,hybrid_50_50,0.5,0.5,1,43,1.0,1.0,1.0,54.89299774169922,"Source: Safety Manual, Chunk 9
SECTION 3: FIRE SAFETY & EVACUATION PROCEDURES
Fire Extinguishers: One every 15 meters; monthly inspection.
Emergency Exits: At least two per zone, clearly marked.
Evacuation Drills: Every 6 months; missed drills require retraining.
Assembly Points: 50 meters from building, marked with green signage.
Never use elevators during evacuation.",False,nan,nan,nan,nan,nan,nan
fire drill schedule,keyword,Fire drills are conducted every 6 months.,hybrid_50_50,0.5,0.5,2,47,0.7488248861682955,1.0,0.8744124430841478,64.38435363769531,"Source: Safety Manual, Chunk 13
SECTION 7: TRAINING AND CERTIFICATION
Safety Training is required:
Annually for all employees.
Immediately after any safety violation or accident.
Lockout/Tagout procedures must be reviewed every 12 months.


SECTION 8: EMERGENCY CONTACTS
Fire Department: 101
Police: 100
On-site Medical Officer: Ext. 221
Warehouse Safety Lead: Ext. 115",False,nan,nan,nan,nan,nan,nan
fire drill schedule,keyword,Fire drills are conducted every 6 months.,hybrid_50_50,0.5,0.5,3,46,0.6021770339726538,0.0,0.3010885169863269,71.58031463623047,"Source: Safety Manual, Chunk 12
SECTION 6: FIRST AID AND INCIDENT REPORTING
First Aid Kits must be:
Available every 30 meters.
Checked weekly by a safety officer.
Incident Reports:
Must be submitted within 2 hours using Form WHS-101.
Use the internal safety portal for submission.
Emergency contacts are listed on the main notice board and in Section 9.",False,nan,nan,nan,nan,nan,nan
fire drill schedule,keyword,Fire drills are conducted every 6 months.,hybrid_50_50,0.5,0.5,4,40,0.48255599927415255,0.0,0.24127799963707627,78.73871612548828,"Source: Safety Manual, Chunk 6
SECTION 6: INCIDENT REPORTING & FEEDBACK
----------------------------------------
- Any injuries, equipment damage, or process violations must be reported within 1 hour.
- Use Form WHS-207 and submit to the Shift Supervisor.
- Anonymous feedback can be left in the box outside Room B-2 or submitted via the internal portal.",False,nan,nan,nan,nan,nan,nan
fire drill schedule,keyword,Fire drills are conducted every 6 months.,hybrid_50_50,0.5,0.5,5,37,0.48142896175255107,0.0,0.24071448087627553,78.81288146972656,"Source: Safety Manual, Chunk 3
SECTION 3: EQUIPMENT USAGE & MAINTENANCE
----------------------------------------
- Pallet jacks and forklifts must be returned to charging docks after shift.
- Battery water levels should be checked every Monday morning.
- Only trained staff may operate powered equipment (see list in Appendix A).
- Monthly maintenance logs must be filled by the Maintenance Lead.",False,nan,nan,nan,nan,nan,nan
fire drill schedule,keyword,Fire drills are conducted every 6 months.,hybrid_60_40,0.6,0.4,1,43,1.0,1.0,1.0,54.89299774169922,"Source: Safety Manual, Chunk 9
SECTION 3: FIRE SAFETY & EVACUATION PROCEDURES
Fire Extinguishers: One every 15 meters; monthly inspection.
Emergency Exits: At least two per zone, clearly marked.
Evacuation Drills: Every 6 months; missed drills require retraining.
Assembly Points: 50 meters from building, marked with green signage.
Never use elevators during evacuation.",False,nan,nan,nan,nan,nan,nan
fire drill schedule,keyword,Fire drills are conducted every 6 months.,hybrid_60_40,0.6,0.4,2,47,0.7488248861682955,1.0,0.8492949317009773,64.38435363769531,"Source: Safety Manual, Chunk 13
SECTION 7: TRAINING AND CERTIFICATION
Safety Training is required:
Annually for all employees.
Immediately after any safety violation or accident.
Lockout/Tagout procedures must be reviewed every 12 months.


SECTION 8: EMERGENCY CONTACTS
Fire Department: 101
Police: 100
On-site Medical Officer: Ext. 221
Warehouse Safety Lead: Ext. 115",False,nan,nan,nan,nan,nan,nan
fire drill schedule,keyword,Fire drills are conducted every 6 months.,hybrid_60_40,0.6,0.4,3,46,0.6021770339726538,0.0,0.3613062203835922,71.58031463623047,"Source: Safety Manual, Chunk 12
SECTION 6: FIRST AID AND INCIDENT REPORTING
First Aid Kits must be:
Available every 30 meters.
Checked weekly by a safety officer.
Incident Reports:
Must be submitted within 2 hours using Form WHS-101.
Use the internal safety portal for submission.
Emergency contacts are listed on the main notice board and in Section 9.",False,nan,nan,nan,nan,nan,nan
fire drill schedule,keyword,Fire drills are conducted every 6 months.,hybrid_60_40,0.6,0.4,4,40,0.48255599927415255,0.0,0.28953359956449154,78.73871612548828,"Source: Safety Manual, Chunk 6
SECTION 6: INCIDENT REPORTING & FEEDBACK
----------------------------------------
- Any injuries, equipment damage, or process violations must be reported within 1 hour.
- Use Form WHS-207 and submit to the Shift Supervisor.
- Anonymous feedback can be left in the box outside Room B-2 or submitted via the internal portal.",False,nan,nan,nan,nan,nan,nan
fire drill schedule,keyword,Fire drills are conducted every 6 months.,hybrid_60_40,0.6,0.4,5,37,0.48142896175255107,0.0,0.28885737705153064,78.81288146972656,"Source: Safety Manual, Chunk 3
SECTION 3: EQUIPMENT USAGE & MAINTENANCE
----------------------------------------
- Pallet jacks and forklifts must be returned to charging docks after shift.
- Battery water levels should be checked every Monday morning.
- Only trained staff may operate powered equipment (see list in Appendix A).
- Monthly maintenance logs must be filled by the Maintenance Lead.",False,nan,nan,nan,nan,nan,nan
fire drill schedule,keyword,Fire drills are conducted every 6 months.,hybrid_70_30,0.7,0.3,1,43,1.0,1.0,1.0,54.89299774169922,"Source: Safety Manual, Chunk 9
SECTION 3: FIRE SAFETY & EVACUATION PROCEDURES
Fire Extinguishers: One every 15 meters; monthly inspection.
Emergency Exits: At least two per zone, clearly marked.
Evacuation Drills: Every 6 months; missed drills require retraining.
Assembly Points: 50 meters from building, marked with green signage.
Never use elevators during evacuation.",False,nan,nan,nan,nan,nan,nan
fire drill schedule,keyword,Fire drills are conducted every 6 months.,hybrid_70_30,0.7,0.3,2,47,0.7488248861682955,1.0,0.8241774203178067,64.38435363769531,"Source: Safety Manual, Chunk 13
SECTION 7: TRAINING AND CERTIFICATION
Safety Training is required:
Annually for all employees.
Immediately after any safety violation or accident.
Lockout/Tagout procedures must be reviewed every 12 months.


SECTION 8: EMERGENCY CONTACTS
Fire Department: 101
Police: 100
On-site Medical Officer: Ext. 221
Warehouse Safety Lead: Ext. 115",False,nan,nan,nan,nan,nan,nan
fire drill schedule,keyword,Fire drills are conducted every 6 months.,hybrid_70_30,0.7,0.3,3,46,0.6021770339726538,0.0,0.4215239237808576,71.58031463623047,"Source: Safety Manual, Chunk 12
SECTION 6: FIRST AID AND INCIDENT REPORTING
First Aid Kits must be:
Available every 30 meters.
Checked weekly by a safety officer.
Incident Reports:
Must be submitted within 2 hours using Form WHS-101.
Use the internal safety portal for submission.
Emergency contacts are listed on the main notice board and in Section 9.",False,nan,nan,nan,nan,nan,nan
fire drill schedule,keyword,Fire drills are conducted every 6 months.,hybrid_70_30,0.7,0.3,4,40,0.48255599927415255,0.0,0.3377891994919068,78.73871612548828,"Source: Safety Manual, Chunk 6
SECTION 6: INCIDENT REPORTING & FEEDBACK
----------------------------------------
- Any injuries, equipment damage, or process violations must be reported within 1 hour.
- Use Form WHS-207 and submit to the Shift Supervisor.
- Anonymous feedback can be left in the box outside Room B-2 or submitted via the internal portal.",False,nan,nan,nan,nan,nan,nan
fire drill schedule,keyword,Fire drills are conducted every 6 months.,hybrid_70_30,0.7,0.3,5,37,0.48142896175255107,0.0,0.3370002732267857,78.81288146972656,"Source: Safety Manual, Chunk 3
SECTION 3: EQUIPMENT USAGE & MAINTENANCE
----------------------------------------
- Pallet jacks and forklifts must be returned to charging docks after shift.
- Battery water levels should be checked every Monday morning.
- Only trained staff may operate powered equipment (see list in Appendix A).
- Monthly maintenance logs must be filled by the Maintenance Lead.",False,nan,nan,nan,nan,nan,nan
fire drill schedule,keyword,Fire drills are conducted every 6 months.,hybrid_80_20,0.8,0.2,1,43,1.0,1.0,1.0,54.89299774169922,"Source: Safety Manual, Chunk 9
SECTION 3: FIRE SAFETY & EVACUATION PROCEDURES
Fire Extinguishers: One every 15 meters; monthly inspection.
Emergency Exits: At least two per zone, clearly marked.
Evacuation Drills: Every 6 months; missed drills require retraining.
Assembly Points: 50 meters from building, marked with green signage.
Never use elevators during evacuation.",False,nan,nan,nan,nan,nan,nan
fire drill schedule,keyword,Fire drills are conducted every 6 months.,hybrid_80_20,0.8,0.2,2,47,0.7488248861682955,1.0,0.7990599089346364,64.38435363769531,"Source: Safety Manual, Chunk 13
SECTION 7: TRAINING AND CERTIFICATION
Safety Training is required:
Annually for all employees.
Immediately after any safety violation or accident.
Lockout/Tagout procedures must be reviewed every 12 months.


SECTION 8: EMERGENCY CONTACTS
Fire Department: 101
Police: 100
On-site Medical Officer: Ext. 221
Warehouse Safety Lead: Ext. 115",False,nan,nan,nan,nan,nan,nan
fire drill schedule,keyword,Fire drills are conducted every 6 months.,hybrid_80_20,0.8,0.2,3,46,0.6021770339726538,0.0,0.481741627178123,71.58031463623047,"Source: Safety Manual, Chunk 12
SECTION 6: FIRST AID AND INCIDENT REPORTING
First Aid Kits must be:
Available every 30 meters.
Checked weekly by a safety officer.
Incident Reports:
Must be submitted within 2 hours using Form WHS-101.
Use the internal safety portal for submission.
Emergency contacts are listed on the main notice board and in Section 9.",False,nan,nan,nan,nan,nan,nan
fire drill schedule,keyword,Fire drills are conducted every 6 months.,hybrid_80_20,0.8,0.2,4,40,0.48255599927415255,0.0,0.38604479941932207,78.73871612548828,"Source: Safety Manual, Chunk 6
SECTION 6: INCIDENT REPORTING & FEEDBACK
----------------------------------------
- Any injuries, equipment damage, or process violations must be reported within 1 hour.
- Use Form WHS-207 and submit to the Shift Supervisor.
- Anonymous feedback can be left in the box outside Room B-2 or submitted via the internal portal.",False,nan,nan,nan,nan,nan,nan
fire drill schedule,keyword,Fire drills are conducted every 6 months.,hybrid_80_20,0.8,0.2,5,37,0.48142896175255107,0.0,0.38514316940204085,78.81288146972656,"Source: Safety Manual, Chunk 3
SECTION 3: EQUIPMENT USAGE & MAINTENANCE
----------------------------------------
- Pallet jacks and forklifts must be returned to charging docks after shift.
- Battery water levels should be checked every Monday morning.
- Only trained staff may operate powered equipment (see list in Appendix A).
- Monthly maintenance logs must be filled by the Maintenance Lead.",False,nan,nan,nan,nan,nan,nan
hearing protection rule,keyword,Hearing protection is required where noise levels exceed 85 dB.,semantic_only,1.0,0.0,1,42,1.0,1.0,1.0,65.44209289550781,"Source: Safety Manual, Chunk 8
SECTION 2: PERSONAL PROTECTIVE EQUIPMENT (PPE)
Safety Helmets – Required at all times inside loading areas.
High-Visibility Vests – Fluorescent yellow or orange with reflective stripes.
Steel-Toed Boots – Must conform to ISO 20345:2011.
Cut-Resistant Gloves – Mandatory when handling sharp materials.
Hearing Protection – Required in areas above 85 dB",False,nan,nan,nan,nan,nan,nan
hearing protection rule,keyword,Hearing protection is required where noise levels exceed 85 dB.,semantic_only,1.0,0.0,2,40,0.8944284903997134,0.0,0.8944284903997134,68.46597290039062,"Source: Safety Manual, Chunk 6
SECTION 6: INCIDENT REPORTING & FEEDBACK
----------------------------------------
- Any injuries, equipment damage, or process violations must be reported within 1 hour.
- Use Form WHS-207 and submit to the Shift Supervisor.
- Anonymous feedback can be left in the box outside Room B-2 or submitted via the internal portal.",False,nan,nan,nan,nan,nan,nan
hearing protection rule,keyword,Hearing protection is required where noise levels exceed 85 dB.,semantic_only,1.0,0.0,3,47,0.8828669827442256,0.0,0.8828669827442256,68.81393432617188,"Source: Safety Manual, Chunk 13
SECTION 7: TRAINING AND CERTIFICATION
Safety Training is required:
Annually for all employees.
Immediately after any safety violation or accident.
Lockout/Tagout procedures must be reviewed every 12 months.


SECTION 8: EMERGENCY CONTACTS
Fire Department: 101
Police: 100
On-site Medical Officer: Ext. 221
Warehouse Safety Lead: Ext. 115",False,nan,nan,nan,nan,nan,nan
hearing protection rule,keyword,Hearing protection is required where noise levels exceed 85 dB.,semantic_only,1.0,0.0,4,46,0.8758936685635605,0.0,0.8758936685635605,69.02549743652344,"Source: Safety Manual, Chunk 12
SECTION 6: FIRST AID AND INCIDENT REPORTING
First Aid Kits must be:
Available every 30 meters.
Checked weekly by a safety officer.
Incident Reports:
Must be submitted within 2 hours using Form WHS-101.
Use the internal safety portal for submission.
Emergency contacts are listed on the main notice board and in Section 9.",False,nan,nan,nan,nan,nan,nan
hearing protection rule,keyword,Hearing protection is required where noise levels exceed 85 dB.,semantic_only,1.0,0.0,5,39,0.748312664781751,0.0,0.748312664781751,73.13578796386719,"Source: Safety Manual, Chunk 5
SECTION 5: SECURITY & ACCESS CONTROL
-------------------------------------
- Entry to the warehouse requires ID badge scans.
- All doors auto-lock after 8:00 PM.
- Visitors must be logged in at the front desk and accompanied at all times.
- Security footage is retained for 30 days and reviewed weekly.",False,nan,nan,nan,nan,nan,nan
hearing protection rule,keyword,Hearing protection is required where noise levels exceed 85 dB.,keyword_only,0.0,1.0,1,42,1.0,1.0,1.0,65.44209289550781,"Source: Safety Manual, Chunk 8
SECTION 2: PERSONAL PROTECTIVE EQUIPMENT (PPE)
Safety Helmets – Required at all times inside loading areas.
High-Visibility Vests – Fluorescent yellow or orange with reflective stripes.
Steel-Toed Boots – Must conform to ISO 20345:2011.
Cut-Resistant Gloves – Mandatory when handling sharp materials.
Hearing Protection – Required in areas above 85 dB",False,nan,nan,nan,nan,nan,nan
hearing protection rule,keyword,Hearing protection is required where noise levels exceed 85 dB.,keyword_only,0.0,1.0,2,0,0.003055896787746606,0.0,0.0,111.81845092773438,"Item: Apple iPhone 14, Shelf: Shelf A, Shelf ID: A, Location: (-0.151, 2.203, 0.001), Stock: 10, Price: $799.99, Category: Smartphones",False,nan,nan,nan,nan,nan,nan
hearing protection rule,keyword,Hearing protection is required where noise levels exceed 85 dB.,keyword_only,0.0,1.0,3,1,0.020124797859749147,0.0,0.0,110.48612976074219,"Item: Apple iPhone 14 Pro, Shelf: Shelf A, Shelf ID: A, Location: (-0.151, 2.203, 0.001), Stock: 10, Price: $999.99, Category: Smartphones",False,nan,nan,nan,nan,nan,nan
hearing protection rule,keyword,Hearing protection is required where noise levels exceed 85 dB.,keyword_only,0.0,1.0,4,2,0.0,0.0,0.0,112.06034851074219,"Item: Apple iPhone 13, Shelf: Shelf A, Shelf ID: A, Location: (-0.151, 2.203, 0.001), Stock: 8, Price: $599.99, Category: Smartphones",False,nan,nan,nan,nan,nan,nan
hearing protection rule,keyword,Hearing protection is required where noise levels exceed 85 dB.,keyword_only,0.0,1.0,5,3,0.08753310064135562,0.0,0.0,105.51836395263672,"Item: iPhone Charging Cable, Shelf: Shelf A, Shelf ID: A, Location: (-0.151, 2.203, 0.001), Stock: 45, Price: $19.99, Category: Accessories",False,nan,nan,nan,nan,nan,nan
hearing protection rule,keyword,Hearing protection is required where noise levels exceed 85 dB.,hybrid_50_50,0.5,0.5,1,42,1.0,1.0,1.0,65.44209289550781,"Source: Safety Manual, Chunk 8
SECTION 2: PERSONAL PROTECTIVE EQUIPMENT (PPE)
Safety Helmets – Required at all times inside loading areas.
High-Visibility Vests – Fluorescent yellow or orange with reflective stripes.
Steel-Toed Boots – Must conform to ISO 20345:2011.
Cut-Resistant Gloves – Mandatory when handling sharp materials.
Hearing Protection – Required in areas above 85 dB",False,nan,nan,nan,nan,nan,nan
hearing protection rule,keyword,Hearing protection is required where noise levels exceed 85 dB.,hybrid_50_50,0.5,0.5,2,40,0.8944284903997134,0.0,0.4472142451998567,68.46597290039062,"Source: Safety Manual, Chunk 6
SECTION 6: INCIDENT REPORTING & FEEDBACK
----------------------------------------
- Any injuries, equipment damage, or process violations must be reported within 1 hour.
- Use Form WHS-207 and submit to the Shift Supervisor.
- Anonymous feedback can be left in the box outside Room B-2 or submitted via the internal portal.",False,nan,nan,nan,nan,nan,nan
hearing protection rule,keyword,Hearing protection is required where noise levels exceed 85 dB.,hybrid_50_50,0.5,0.5,3,47,0.8828669827442256,0.0,0.4414334913721128,68.81393432617188,"Source: Safety Manual, Chunk 13
SECTION 7: TRAINING AND CERTIFICATION
Safety Training is required:
Annually for all employees.
Immediately after any safety violation or accident.
Lockout/Tagout procedures must be reviewed every 12 months.


SECTION 8: EMERGENCY CONTACTS
Fire Department: 101
Police: 100
On-site Medical Officer: Ext. 221
Warehouse Safety Lead: Ext. 115",False,nan,nan,nan,nan,nan,nan
hearing protection rule,keyword,Hearing protection is required where noise levels exceed 85 dB.,hybrid_50_50,0.5,0.5,4,46,0.8758936685635605,0.0,0.4379468342817803,69.02549743652344,"Source: Safety Manual, Chunk 12
SECTION 6: FIRST AID AND INCIDENT REPORTING
First Aid Kits must be:
Available every 30 meters.
Checked weekly by a safety officer.
Incident Reports:
Must be submitted within 2 hours using Form WHS-101.
Use the internal safety portal for submission.
Emergency contacts are listed on the main notice board and in Section 9.",False,nan,nan,nan,nan,nan,nan
hearing protection rule,keyword,Hearing protection is required where noise levels exceed 85 dB.,hybrid_50_50,0.5,0.5,5,39,0.748312664781751,0.0,0.3741563323908755,73.13578796386719,"Source: Safety Manual, Chunk 5
SECTION 5: SECURITY & ACCESS CONTROL
-------------------------------------
- Entry to the warehouse requires ID badge scans.
- All doors auto-lock after 8:00 PM.
- Visitors must be logged in at the front desk and accompanied at all times.
- Security footage is retained for 30 days and reviewed weekly.",False,nan,nan,nan,nan,nan,nan
hearing protection rule,keyword,Hearing protection is required where noise levels exceed 85 dB.,hybrid_60_40,0.6,0.4,1,42,1.0,1.0,1.0,65.44209289550781,"Source: Safety Manual, Chunk 8
SECTION 2: PERSONAL PROTECTIVE EQUIPMENT (PPE)
Safety Helmets – Required at all times inside loading areas.
High-Visibility Vests – Fluorescent yellow or orange with reflective stripes.
Steel-Toed Boots – Must conform to ISO 20345:2011.
Cut-Resistant Gloves – Mandatory when handling sharp materials.
Hearing Protection – Required in areas above 85 dB",False,nan,nan,nan,nan,nan,nan
hearing protection rule,keyword,Hearing protection is required where noise levels exceed 85 dB.,hybrid_60_40,0.6,0.4,2,40,0.8944284903997134,0.0,0.536657094239828,68.46597290039062,"Source: Safety Manual, Chunk 6
SECTION 6: INCIDENT REPORTING & FEEDBACK
----------------------------------------
- Any injuries, equipment damage, or process violations must be reported within 1 hour.
- Use Form WHS-207 and submit to the Shift Supervisor.
- Anonymous feedback can be left in the box outside Room B-2 or submitted via the internal portal.",False,nan,nan,nan,nan,nan,nan
hearing protection rule,keyword,Hearing protection is required where noise levels exceed 85 dB.,hybrid_60_40,0.6,0.4,3,47,0.8828669827442256,0.0,0.5297201896465353,68.81393432617188,"Source: Safety Manual, Chunk 13
SECTION 7: TRAINING AND CERTIFICATION
Safety Training is required:
Annually for all employees.
Immediately after any safety violation or accident.
Lockout/Tagout procedures must be reviewed every 12 months.


SECTION 8: EMERGENCY CONTACTS
Fire Department: 101
Police: 100
On-site Medical Officer: Ext. 221
Warehouse Safety Lead: Ext. 115",False,nan,nan,nan,nan,nan,nan
hearing protection rule,keyword,Hearing protection is required where noise levels exceed 85 dB.,hybrid_60_40,0.6,0.4,4,46,0.8758936685635605,0.0,0.5255362011381363,69.02549743652344,"Source: Safety Manual, Chunk 12
SECTION 6: FIRST AID AND INCIDENT REPORTING
First Aid Kits must be:
Available every 30 meters.
Checked weekly by a safety officer.
Incident Reports:
Must be submitted within 2 hours using Form WHS-101.
Use the internal safety portal for submission.
Emergency contacts are listed on the main notice board and in Section 9.",False,nan,nan,nan,nan,nan,nan
hearing protection rule,keyword,Hearing protection is required where noise levels exceed 85 dB.,hybrid_60_40,0.6,0.4,5,39,0.748312664781751,0.0,0.44898759886905054,73.13578796386719,"Source: Safety Manual, Chunk 5
SECTION 5: SECURITY & ACCESS CONTROL
-------------------------------------
- Entry to the warehouse requires ID badge scans.
- All doors auto-lock after 8:00 PM.
- Visitors must be logged in at the front desk and accompanied at all times.
- Security footage is retained for 30 days and reviewed weekly.",False,nan,nan,nan,nan,nan,nan
hearing protection rule,keyword,Hearing protection is required where noise levels exceed 85 dB.,hybrid_70_30,0.7,0.3,1,42,1.0,1.0,1.0,65.44209289550781,"Source: Safety Manual, Chunk 8
SECTION 2: PERSONAL PROTECTIVE EQUIPMENT (PPE)
Safety Helmets – Required at all times inside loading areas.
High-Visibility Vests – Fluorescent yellow or orange with reflective stripes.
Steel-Toed Boots – Must conform to ISO 20345:2011.
Cut-Resistant Gloves – Mandatory when handling sharp materials.
Hearing Protection – Required in areas above 85 dB",False,nan,nan,nan,nan,nan,nan
hearing protection rule,keyword,Hearing protection is required where noise levels exceed 85 dB.,hybrid_70_30,0.7,0.3,2,40,0.8944284903997134,0.0,0.6260999432797993,68.46597290039062,"Source: Safety Manual, Chunk 6
SECTION 6: INCIDENT REPORTING & FEEDBACK
----------------------------------------
- Any injuries, equipment damage, or process violations must be reported within 1 hour.
- Use Form WHS-207 and submit to the Shift Supervisor.
- Anonymous feedback can be left in the box outside Room B-2 or submitted via the internal portal.",False,nan,nan,nan,nan,nan,nan
hearing protection rule,keyword,Hearing protection is required where noise levels exceed 85 dB.,hybrid_70_30,0.7,0.3,3,47,0.8828669827442256,0.0,0.6180068879209579,68.81393432617188,"Source: Safety Manual, Chunk 13
SECTION 7: TRAINING AND CERTIFICATION
Safety Training is required:
Annually for all employees.
Immediately after any safety violation or accident.
Lockout/Tagout procedures must be reviewed every 12 months.


SECTION 8: EMERGENCY CONTACTS
Fire Department: 101
Police: 100
On-site Medical Officer: Ext. 221
Warehouse Safety Lead: Ext. 115",False,nan,nan,nan,nan,nan,nan
hearing protection rule,keyword,Hearing protection is required where noise levels exceed 85 dB.,hybrid_70_30,0.7,0.3,4,46,0.8758936685635605,0.0,0.6131255679944924,69.02549743652344,"Source: Safety Manual, Chunk 12
SECTION 6: FIRST AID AND INCIDENT REPORTING
First Aid Kits must be:
Available every 30 meters.
Checked weekly by a safety officer.
Incident Reports:
Must be submitted within 2 hours using Form WHS-101.
Use the internal safety portal for submission.
Emergency contacts are listed on the main notice board and in Section 9.",False,nan,nan,nan,nan,nan,nan
hearing protection rule,keyword,Hearing protection is required where noise levels exceed 85 dB.,hybrid_70_30,0.7,0.3,5,39,0.748312664781751,0.0,0.5238188653472257,73.13578796386719,"Source: Safety Manual, Chunk 5
SECTION 5: SECURITY & ACCESS CONTROL
-------------------------------------
- Entry to the warehouse requires ID badge scans.
- All doors auto-lock after 8:00 PM.
- Visitors must be logged in at the front desk and accompanied at all times.
- Security footage is retained for 30 days and reviewed weekly.",False,nan,nan,nan,nan,nan,nan
hearing protection rule,keyword,Hearing protection is required where noise levels exceed 85 dB.,hybrid_80_20,0.8,0.2,1,42,1.0,1.0,1.0,65.44209289550781,"Source: Safety Manual, Chunk 8
SECTION 2: PERSONAL PROTECTIVE EQUIPMENT (PPE)
Safety Helmets – Required at all times inside loading areas.
High-Visibility Vests – Fluorescent yellow or orange with reflective stripes.
Steel-Toed Boots – Must conform to ISO 20345:2011.
Cut-Resistant Gloves – Mandatory when handling sharp materials.
Hearing Protection – Required in areas above 85 dB",False,nan,nan,nan,nan,nan,nan
hearing protection rule,keyword,Hearing protection is required where noise levels exceed 85 dB.,hybrid_80_20,0.8,0.2,2,40,0.8944284903997134,0.0,0.7155427923197708,68.46597290039062,"Source: Safety Manual, Chunk 6
SECTION 6: INCIDENT REPORTING & FEEDBACK
----------------------------------------
- Any injuries, equipment damage, or process violations must be reported within 1 hour.
- Use Form WHS-207 and submit to the Shift Supervisor.
- Anonymous feedback can be left in the box outside Room B-2 or submitted via the internal portal.",False,nan,nan,nan,nan,nan,nan
hearing protection rule,keyword,Hearing protection is required where noise levels exceed 85 dB.,hybrid_80_20,0.8,0.2,3,47,0.8828669827442256,0.0,0.7062935861953805,68.81393432617188,"Source: Safety Manual, Chunk 13
SECTION 7: TRAINING AND CERTIFICATION
Safety Training is required:
Annually for all employees.
Immediately after any safety violation or accident.
Lockout/Tagout procedures must be reviewed every 12 months.


SECTION 8: EMERGENCY CONTACTS
Fire Department: 101
Police: 100
On-site Medical Officer: Ext. 221
Warehouse Safety Lead: Ext. 115",False,nan,nan,nan,nan,nan,nan
hearing protection rule,keyword,Hearing protection is required where noise levels exceed 85 dB.,hybrid_80_20,0.8,0.2,4,46,0.8758936685635605,0.0,0.7007149348508485,69.02549743652344,"Source: Safety Manual, Chunk 12
SECTION 6: FIRST AID AND INCIDENT REPORTING
First Aid Kits must be:
Available every 30 meters.
Checked weekly by a safety officer.
Incident Reports:
Must be submitted within 2 hours using Form WHS-101.
Use the internal safety portal for submission.
Emergency contacts are listed on the main notice board and in Section 9.",False,nan,nan,nan,nan,nan,nan
hearing protection rule,keyword,Hearing protection is required where noise levels exceed 85 dB.,hybrid_80_20,0.8,0.2,5,39,0.748312664781751,0.0,0.5986501318254008,73.13578796386719,"Source: Safety Manual, Chunk 5
SECTION 5: SECURITY & ACCESS CONTROL
-------------------------------------
- Entry to the warehouse requires ID badge scans.
- All doors auto-lock after 8:00 PM.
- Visitors must be logged in at the front desk and accompanied at all times.
- Security footage is retained for 30 days and reviewed weekly.",False,nan,nan,nan,nan,nan,nan
green waste bin,keyword,The green bin is used for plastic waste.,semantic_only,1.0,0.0,1,38,1.0,1.0,1.0,48.22802734375,"Source: Safety Manual, Chunk 4
SECTION 4: CLEANLINESS & WASTE DISPOSAL
---------------------------------------
- Floors must be swept at the end of each shift.
- Spillages must be reported and cleaned immediately using absorbent pads.
- Recycling bins are color-coded:
  - Blue: Paper/Cardboard
  - Green: Plastic
  - Red: Hazardous waste
- All cleaning supplies are stored in Room C-14.",False,nan,nan,nan,nan,nan,nan
green waste bin,keyword,The green bin is used for plastic waste.,semantic_only,1.0,0.0,2,36,0.37489924585388246,0.0,0.37489924585388246,72.53080749511719,"Source: Safety Manual, Chunk 2
SECTION 2: INVENTORY HANDLING
-----------------------------
- Use handheld scanners for all inventory movements.
- Report discrepancies immediately to the Inventory Supervisor.
- Damaged goods must be placed in the “Inspection Zone” before tagging.
- Shelves are labeled using alphanumeric codes (e.g., A1-B3).",False,nan,nan,nan,nan,nan,nan
green waste bin,keyword,The green bin is used for plastic waste.,semantic_only,1.0,0.0,3,45,0.33899761869877193,0.0,0.33899761869877193,74.67650604248047,"Source: Safety Manual, Chunk 11
SECTION 5: MATERIAL HANDLING AND STORAGE
Forklift operators must be certified and recertified every 2 years.
Do not exceed 1500 kg per shelving level unless labeled otherwise.
Use Class 2 ratchet straps for loads over 200 kg.
Hazardous chemicals must be stored in locked ventilated cabinets.",False,nan,nan,nan,nan,nan,nan
green waste bin,keyword,The green bin is used for plastic waste.,semantic_only,1.0,0.0,4,37,0.33611870012664596,0.0,0.33611870012664596,74.85400390625,"Source: Safety Manual, Chunk 3
SECTION 3: EQUIPMENT USAGE & MAINTENANCE
----------------------------------------
- Pallet jacks and forklifts must be returned to charging docks after shift.
- Battery water levels should be checked every Monday morning.
- Only trained staff may operate powered equipment (see list in Appendix A).
- Monthly maintenance logs must be filled by the Maintenance Lead.",False,nan,nan,nan,nan,nan,nan
green waste bin,keyword,The green bin is used for plastic waste.,semantic_only,1.0,0.0,5,39,0.28141156932898603,0.0,0.28141156932898603,78.39256286621094,"Source: Safety Manual, Chunk 5
SECTION 5: SECURITY & ACCESS CONTROL
-------------------------------------
- Entry to the warehouse requires ID badge scans.
- All doors auto-lock after 8:00 PM.
- Visitors must be logged in at the front desk and accompanied at all times.
- Security footage is retained for 30 days and reviewed weekly.",False,nan,nan,nan,nan,nan,nan
green waste bin,keyword,The green bin is used for plastic waste.,keyword_only,0.0,1.0,1,38,1.0,1.0,1.0,48.22802734375,"Source: Safety Manual, Chunk 4
SECTION 4: CLEANLINESS & WASTE DISPOSAL
---------------------------------------
- Floors must be swept at the end of each shift.
- Spillages must be reported and cleaned immediately using absorbent pads.
- Recycling bins are color-coded:
  - Blue: Paper/Cardboard
  - Green: Plastic
  - Red: Hazardous waste
- All cleaning supplies are stored in Room C-14.",False,nan,nan,nan,nan,nan,nan
green waste bin,keyword,The green bin is used for plastic waste.,keyword_only,0.0,1.0,2,43,0.12703782247946704,0.5,0.5,90.4278335571289,"Source: Safety Manual, Chunk 9
SECTION 3: FIRE SAFETY & EVACUATION PROCEDURES
Fire Extinguishers: One every 15 meters; monthly inspection.
Emergency Exits: At least two per zone, clearly marked.
Evacuation Drills: Every 6 months; missed drills require retraining.
Assembly Points: 50 meters from building, marked with green signage.
Never use elevators during evacuation.",False,nan,nan,nan,nan,nan,nan
green waste bin,keyword,The green bin is used for plastic waste.,keyword_only,0.0,1.0,3,0,0.05338687226211914,0.0,0.0,97.55575561523438,"Item: Apple iPhone 14, Shelf: Shelf A, Shelf ID: A, Location: (-0.151, 2.203, 0.001), Stock: 10, Price: $799.99, Category: Smartphones",False,nan,nan,nan,nan,nan,nan
green waste bin,keyword,The green bin is used for plastic waste.,keyword_only,0.0,1.0,4,1,0.05213141982804905,0.0,0.0,97.68690490722656,"Item: Apple iPhone 14 Pro, Shelf: Shelf A, Shelf ID: A, Location: (-0.151, 2.203, 0.001), Stock: 10, Price: $999.99, Category: Smartphones",False,nan,nan,nan,nan,nan,nan
green waste bin,keyword,The green bin is used for plastic waste.,keyword_only,0.0,1.0,5,2,0.038792356990548865,0.0,0.0,99.10221862792969,"Item: Apple iPhone 13, Shelf: Shelf A, Shelf ID: A, Location: (-0.151, 2.203, 0.001), Stock: 8, Price: $599.99, Category: Smartphones",False,nan,nan,nan,nan,nan,nan
green waste bin,keyword,The green bin is used for plastic waste.,hybrid_50_50,0.5,0.5,1,38,1.0,1.0,1.0,48.22802734375,"Source: Safety Manual, Chunk 4
SECTION 4: CLEANLINESS & WASTE DISPOSAL
---------------------------------------
- Floors must be swept at the end of each shift.
- Spillages must be reported and cleaned immediately using absorbent pads.
- Recycling bins are color-coded:
  - Blue: Paper/Cardboard
  - Green: Plastic
  - Red: Hazardous waste
- All cleaning supplies are stored in Room C-14.",False,nan,nan,nan,nan,nan,nan
green waste bin,keyword,The green bin is used for plastic waste.,hybrid_50_50,0.5,0.5,2,43,0.12703782247946704,0.5,0.3135189112397335,90.4278335571289,"Source: Safety Manual, Chunk 9
SECTION 3: FIRE SAFETY & EVACUATION PROCEDURES
Fire Extinguishers: One every 15 meters; monthly inspection.
Emergency Exits: At least two per zone, clearly marked.
Evacuation Drills: Every 6 months; missed drills require retraining.
Assembly Points: 50 meters from building, marked with green signage.
Never use elevators during evacuation.",False,nan,nan,nan,nan,nan,nan
green waste bin,keyword,The green bin is used for plastic waste.,hybrid_50_50,0.5,0.5,3,36,0.37489924585388246,0.0,0.18744962292694123,72.53080749511719,"Source: Safety Manual, Chunk 2
SECTION 2: INVENTORY HANDLING
-----------------------------
- Use handheld scanners for all inventory movements.
- Report discrepancies immediately to the Inventory Supervisor.
- Damaged goods must be placed in the “Inspection Zone” before tagging.
- Shelves are labeled using alphanumeric codes (e.g., A1-B3).",False,nan,nan,nan,nan,nan,nan
green waste bin,keyword,The green bin is used for plastic waste.,hybrid_50_50,0.5,0.5,4,45,0.33899761869877193,0.0,0.16949880934938596,74.67650604248047,"Source: Safety Manual, Chunk 11
SECTION 5: MATERIAL HANDLING AND STORAGE
Forklift operators must be certified and recertified every 2 years.
Do not exceed 1500 kg per shelving level unless labeled otherwise.
Use Class 2 ratchet straps for loads over 200 kg.
Hazardous chemicals must be stored in locked ventilated cabinets.",False,nan,nan,nan,nan,nan,nan
green waste bin,keyword,The green bin is used for plastic waste.,hybrid_50_50,0.5,0.5,5,37,0.33611870012664596,0.0,0.16805935006332298,74.85400390625,"Source: Safety Manual, Chunk 3
SECTION 3: EQUIPMENT USAGE & MAINTENANCE
----------------------------------------
- Pallet jacks and forklifts must be returned to charging docks after shift.
- Battery water levels should be checked every Monday morning.
- Only trained staff may operate powered equipment (see list in Appendix A).
- Monthly maintenance logs must be filled by the Maintenance Lead.",False,nan,nan,nan,nan,nan,nan
green waste bin,keyword,The green bin is used for plastic waste.,hybrid_60_40,0.6,0.4,1,38,1.0,1.0,1.0,48.22802734375,"Source: Safety Manual, Chunk 4
SECTION 4: CLEANLINESS & WASTE DISPOSAL
---------------------------------------
- Floors must be swept at the end of each shift.
- Spillages must be reported and cleaned immediately using absorbent pads.
- Recycling bins are color-coded:
  - Blue: Paper/Cardboard
  - Green: Plastic
  - Red: Hazardous waste
- All cleaning supplies are stored in Room C-14.",False,nan,nan,nan,nan,nan,nan
green waste bin,keyword,The green bin is used for plastic waste.,hybrid_60_40,0.6,0.4,2,43,0.12703782247946704,0.5,0.27622269348768025,90.4278335571289,"Source: Safety Manual, Chunk 9
SECTION 3: FIRE SAFETY & EVACUATION PROCEDURES
Fire Extinguishers: One every 15 meters; monthly inspection.
Emergency Exits: At least two per zone, clearly marked.
Evacuation Drills: Every 6 months; missed drills require retraining.
Assembly Points: 50 meters from building, marked with green signage.
Never use elevators during evacuation.",False,nan,nan,nan,nan,nan,nan
green waste bin,keyword,The green bin is used for plastic waste.,hybrid_60_40,0.6,0.4,3,36,0.37489924585388246,0.0,0.22493954751232947,72.53080749511719,"Source: Safety Manual, Chunk 2
SECTION 2: INVENTORY HANDLING
-----------------------------
- Use handheld scanners for all inventory movements.
- Report discrepancies immediately to the Inventory Supervisor.
- Damaged goods must be placed in the “Inspection Zone” before tagging.
- Shelves are labeled using alphanumeric codes (e.g., A1-B3).",False,nan,nan,nan,nan,nan,nan
green waste bin,keyword,The green bin is used for plastic waste.,hybrid_60_40,0.6,0.4,4,45,0.33899761869877193,0.0,0.20339857121926316,74.67650604248047,"Source: Safety Manual, Chunk 11
SECTION 5: MATERIAL HANDLING AND STORAGE
Forklift operators must be certified and recertified every 2 years.
Do not exceed 1500 kg per shelving level unless labeled otherwise.
Use Class 2 ratchet straps for loads over 200 kg.
Hazardous chemicals must be stored in locked ventilated cabinets.",False,nan,nan,nan,nan,nan,nan
green waste bin,keyword,The green bin is used for plastic waste.,hybrid_60_40,0.6,0.4,5,37,0.33611870012664596,0.0,0.20167122007598756,74.85400390625,"Source: Safety Manual, Chunk 3
SECTION 3: EQUIPMENT USAGE & MAINTENANCE
----------------------------------------
- Pallet jacks and forklifts must be returned to charging docks after shift.
- Battery water levels should be checked every Monday morning.
- Only trained staff may operate powered equipment (see list in Appendix A).
- Monthly maintenance logs must be filled by the Maintenance Lead.",False,nan,nan,nan,nan,nan,nan
green waste bin,keyword,The green bin is used for plastic waste.,hybrid_70_30,0.7,0.3,1,38,1.0,1.0,1.0,48.22802734375,"Source: Safety Manual, Chunk 4
SECTION 4: CLEANLINESS & WASTE DISPOSAL
---------------------------------------
- Floors must be swept at the end of each shift.
- Spillages must be reported and cleaned immediately using absorbent pads.
- Recycling bins are color-coded:
  - Blue: Paper/Cardboard
  - Green: Plastic
  - Red: Hazardous waste
- All cleaning supplies are stored in Room C-14.",False,nan,nan,nan,nan,nan,nan
green waste bin,keyword,The green bin is used for plastic waste.,hybrid_70_30,0.7,0.3,2,36,0.37489924585388246,0.0,0.2624294720977177,72.53080749511719,"Source: Safety Manual, Chunk 2
SECTION 2: INVENTORY HANDLING
-----------------------------
- Use handheld scanners for all inventory movements.
- Report discrepancies immediately to the Inventory Supervisor.
- Damaged goods must be placed in the “Inspection Zone” before tagging.
- Shelves are labeled using alphanumeric codes (e.g., A1-B3).",False,nan,nan,nan,nan,nan,nan
green waste bin,keyword,The green bin is used for plastic waste.,hybrid_70_30,0.7,0.3,3,43,0.12703782247946704,0.5,0.23892647573562692,90.4278335571289,"Source: Safety Manual, Chunk 9
SECTION 3: FIRE SAFETY & EVACUATION PROCEDURES
Fire Extinguishers: One every 15 meters; monthly inspection.
Emergency Exits: At least two per zone, clearly marked.
Evacuation Drills: Every 6 months; missed drills require retraining.
Assembly Points: 50 meters from building, marked with green signage.
Never use elevators during evacuation.",False,nan,nan,nan,nan,nan,nan
green waste bin,keyword,The green bin is used for plastic waste.,hybrid_70_30,0.7,0.3,4,45,0.33899761869877193,0.0,0.23729833308914033,74.67650604248047,"Source: Safety Manual, Chunk 11
SECTION 5: MATERIAL HANDLING AND STORAGE
Forklift operators must be certified and recertified every 2 years.
Do not exceed 1500 kg per shelving level unless labeled otherwise.
Use Class 2 ratchet straps for loads over 200 kg.
Hazardous chemicals must be stored in locked ventilated cabinets.",False,nan,nan,nan,nan,nan,nan
green waste bin,keyword,The green bin is used for plastic waste.,hybrid_70_30,0.7,0.3,5,37,0.33611870012664596,0.0,0.23528309008865217,74.85400390625,"Source: Safety Manual, Chunk 3
SECTION 3: EQUIPMENT USAGE & MAINTENANCE
----------------------------------------
- Pallet jacks and forklifts must be returned to charging docks after shift.
- Battery water levels should be checked every Monday morning.
- Only trained staff may operate powered equipment (see list in Appendix A).
- Monthly maintenance logs must be filled by the Maintenance Lead.",False,nan,nan,nan,nan,nan,nan
green waste bin,keyword,The green bin is used for plastic waste.,hybrid_80_20,0.8,0.2,1,38,1.0,1.0,1.0,48.22802734375,"Source: Safety Manual, Chunk 4
SECTION 4: CLEANLINESS & WASTE DISPOSAL
---------------------------------------
- Floors must be swept at the end of each shift.
- Spillages must be reported and cleaned immediately using absorbent pads.
- Recycling bins are color-coded:
  - Blue: Paper/Cardboard
  - Green: Plastic
  - Red: Hazardous waste
- All cleaning supplies are stored in Room C-14.",False,nan,nan,nan,nan,nan,nan
green waste bin,keyword,The green bin is used for plastic waste.,hybrid_80_20,0.8,0.2,2,36,0.37489924585388246,0.0,0.29991939668310597,72.53080749511719,"Source: Safety Manual, Chunk 2
SECTION 2: INVENTORY HANDLING
-----------------------------
- Use handheld scanners for all inventory movements.
- Report discrepancies immediately to the Inventory Supervisor.
- Damaged goods must be placed in the “Inspection Zone” before tagging.
- Shelves are labeled using alphanumeric codes (e.g., A1-B3).",False,nan,nan,nan,nan,nan,nan
green waste bin,keyword,The green bin is used for plastic waste.,hybrid_80_20,0.8,0.2,3,45,0.33899761869877193,0.0,0.27119809495901753,74.67650604248047,"Source: Safety Manual, Chunk 11
SECTION 5: MATERIAL HANDLING AND STORAGE
Forklift operators must be certified and recertified every 2 years.
Do not exceed 1500 kg per shelving level unless labeled otherwise.
Use Class 2 ratchet straps for loads over 200 kg.
Hazardous chemicals must be stored in locked ventilated cabinets.",False,nan,nan,nan,nan,nan,nan
green waste bin,keyword,The green bin is used for plastic waste.,hybrid_80_20,0.8,0.2,4,37,0.33611870012664596,0.0,0.2688949601013168,74.85400390625,"Source: Safety Manual, Chunk 3
SECTION 3: EQUIPMENT USAGE & MAINTENANCE
----------------------------------------
- Pallet jacks and forklifts must be returned to charging docks after shift.
- Battery water levels should be checked every Monday morning.
- Only trained staff may operate powered equipment (see list in Appendix A).
- Monthly maintenance logs must be filled by the Maintenance Lead.",False,nan,nan,nan,nan,nan,nan
green waste bin,keyword,The green bin is used for plastic waste.,hybrid_80_20,0.8,0.2,5,39,0.28141156932898603,0.0,0.22512925546318885,78.39256286621094,"Source: Safety Manual, Chunk 5
SECTION 5: SECURITY & ACCESS CONTROL
-------------------------------------
- Entry to the warehouse requires ID badge scans.
- All doors auto-lock after 8:00 PM.
- Visitors must be logged in at the front desk and accompanied at all times.
- Security footage is retained for 30 days and reviewed weekly.",False,nan,nan,nan,nan,nan,nan
damaged item inspection area,keyword,Damaged goods should be moved to the Inspection Zone.,semantic_only,1.0,0.0,1,36,1.0,1.0,1.0,41.82797622680664,"Source: Safety Manual, Chunk 2
SECTION 2: INVENTORY HANDLING
-----------------------------
- Use handheld scanners for all inventory movements.
- Report discrepancies immediately to the Inventory Supervisor.
- Damaged goods must be placed in the “Inspection Zone” before tagging.
- Shelves are labeled using alphanumeric codes (e.g., A1-B3).",False,nan,nan,nan,nan,nan,nan
damaged item inspection area,keyword,Damaged goods should be moved to the Inspection Zone.,semantic_only,1.0,0.0,2,38,0.6501482480788096,0.0,0.6501482480788096,51.87102508544922,"Source: Safety Manual, Chunk 4
SECTION 4: CLEANLINESS & WASTE DISPOSAL
---------------------------------------
- Floors must be swept at the end of each shift.
- Spillages must be reported and cleaned immediately using absorbent pads.
- Recycling bins are color-coded:
  - Blue: Paper/Cardboard
  - Green: Plastic
  - Red: Hazardous waste
- All cleaning supplies are stored in Room C-14.",False,nan,nan,nan,nan,nan,nan
damaged item inspection area,keyword,Damaged goods should be moved to the Inspection Zone.,semantic_only,1.0,0.0,3,42,0.5132766530957408,0.0,0.5132766530957408,57.211448669433594,"Source: Safety Manual, Chunk 8
SECTION 2: PERSONAL PROTECTIVE EQUIPMENT (PPE)
Safety Helmets – Required at all times inside loading areas.
High-Visibility Vests – Fluorescent yellow or orange with reflective stripes.
Steel-Toed Boots – Must conform to ISO 20345:2011.
Cut-Resistant Gloves – Mandatory when handling sharp materials.
Hearing Protection – Required in areas above 85 dB",False,nan,nan,nan,nan,nan,nan
damaged item inspection area,keyword,Damaged goods should be moved to the Inspection Zone.,semantic_only,1.0,0.0,4,40,0.44742054049624597,0.0,0.44742054049624597,60.18507385253906,"Source: Safety Manual, Chunk 6
SECTION 6: INCIDENT REPORTING & FEEDBACK
----------------------------------------
- Any injuries, equipment damage, or process violations must be reported within 1 hour.
- Use Form WHS-207 and submit to the Shift Supervisor.
- Anonymous feedback can be left in the box outside Room B-2 or submitted via the internal portal.",False,nan,nan,nan,nan,nan,nan
damaged item inspection area,keyword,Damaged goods should be moved to the Inspection Zone.,semantic_only,1.0,0.0,5,45,0.41043490576091385,0.0,0.41043490576091385,61.99225616455078,"Source: Safety Manual, Chunk 11
SECTION 5: MATERIAL HANDLING AND STORAGE
Forklift operators must be certified and recertified every 2 years.
Do not exceed 1500 kg per shelving level unless labeled otherwise.
Use Class 2 ratchet straps for loads over 200 kg.
Hazardous chemicals must be stored in locked ventilated cabinets.",False,nan,nan,nan,nan,nan,nan
damaged item inspection area,keyword,Damaged goods should be moved to the Inspection Zone.,keyword_only,0.0,1.0,1,36,1.0,1.0,1.0,41.82797622680664,"Source: Safety Manual, Chunk 2
SECTION 2: INVENTORY HANDLING
-----------------------------
- Use handheld scanners for all inventory movements.
- Report discrepancies immediately to the Inventory Supervisor.
- Damaged goods must be placed in the “Inspection Zone” before tagging.
- Shelves are labeled using alphanumeric codes (e.g., A1-B3).",False,nan,nan,nan,nan,nan,nan
damaged item inspection area,keyword,Damaged goods should be moved to the Inspection Zone.,keyword_only,0.0,1.0,2,0,0.04525753717278964,0.5,0.5,87.92522430419922,"Item: Apple iPhone 14, Shelf: Shelf A, Shelf ID: A, Location: (-0.151, 2.203, 0.001), Stock: 10, Price: $799.99, Category: Smartphones",False,nan,nan,nan,nan,nan,nan
damaged item inspection area,keyword,Damaged goods should be moved to the Inspection Zone.,keyword_only,0.0,1.0,3,1,0.045380004403305696,0.5,0.5,87.91294860839844,"Item: Apple iPhone 14 Pro, Shelf: Shelf A, Shelf ID: A, Location: (-0.151, 2.203, 0.001), Stock: 10, Price: $999.99, Category: Smartphones",False,nan,nan,nan,nan,nan,nan
damaged item inspection area,keyword,Damaged goods should be moved to the Inspection Zone.,keyword_only,0.0,1.0,4,2,0.05378289717264375,0.5,0.5,87.07868957519531,"Item: Apple iPhone 13, Shelf: Shelf A, Shelf ID: A, Location: (-0.151, 2.203, 0.001), Stock: 8, Price: $599.99, Category: Smartphones",False,nan,nan,nan,nan,nan,nan
damaged item inspection area,keyword,Damaged goods should be moved to the Inspection Zone.,keyword_only,0.0,1.0,5,3,0.10592209826861933,0.5,0.5,82.23287963867188,"Item: iPhone Charging Cable, Shelf: Shelf A, Shelf ID: A, Location: (-0.151, 2.203, 0.001), Stock: 45, Price: $19.99, Category: Accessories",False,nan,nan,nan,nan,nan,nan
damaged item inspection area,keyword,Damaged goods should be moved to the Inspection Zone.,hybrid_50_50,0.5,0.5,1,36,1.0,1.0,1.0,41.82797622680664,"Source: Safety Manual, Chunk 2
SECTION 2: INVENTORY HANDLING
-----------------------------
- Use handheld scanners for all inventory movements.
- Report discrepancies immediately to the Inventory Supervisor.
- Damaged goods must be placed in the “Inspection Zone” before tagging.
- Shelves are labeled using alphanumeric codes (e.g., A1-B3).",False,nan,nan,nan,nan,nan,nan
damaged item inspection area,keyword,Damaged goods should be moved to the Inspection Zone.,hybrid_50_50,0.5,0.5,2,43,0.35152679496766376,0.5,0.42576339748383185,65.10191345214844,"Source: Safety Manual, Chunk 9
SECTION 3: FIRE SAFETY & EVACUATION PROCEDURES
Fire Extinguishers: One every 15 meters; monthly inspection.
Emergency Exits: At least two per zone, clearly marked.
Evacuation Drills: Every 6 months; missed drills require retraining.
Assembly Points: 50 meters from building, marked with green signage.
Never use elevators during evacuation.",False,nan,nan,nan,nan,nan,nan
damaged item inspection area,keyword,Damaged goods should be moved to the Inspection Zone.,hybrid_50_50,0.5,0.5,3,25,0.19388308127947437,0.5,0.3469415406397372,75.1636962890625,"Item: Logitech MX Master 3, Shelf: Shelf F, Shelf ID: F, Location: (8.776, 2.159, 0.003), Stock: 7, Price: $99.99, Category: Computer Mouse",False,nan,nan,nan,nan,nan,nan
damaged item inspection area,keyword,Damaged goods should be moved to the Inspection Zone.,hybrid_50_50,0.5,0.5,4,18,0.17548667104584825,0.5,0.3377433355229241,76.54106140136719,"Item: Dell Laptop Charger, Shelf: Shelf D, Shelf ID: D, Location: (4.831, 2.309, -0.000), Stock: 23, Price: $89.99, Category: Accessories",False,nan,nan,nan,nan,nan,nan
damaged item inspection area,keyword,Damaged goods should be moved to the Inspection Zone.,hybrid_50_50,0.5,0.5,5,14,0.17311388185292179,0.5,0.3365569409264609,76.72235107421875,"Item: Sony Carrying Case, Shelf: Shelf C, Shelf ID: C, Location: (3.265, 2.080, 0.001), Stock: 42, Price: $19.99, Category: Accessories",False,nan,nan,nan,nan,nan,nan
damaged item inspection area,keyword,Damaged goods should be moved to the Inspection Zone.,hybrid_60_40,0.6,0.4,1,36,1.0,1.0,1.0,41.82797622680664,"Source: Safety Manual, Chunk 2
SECTION 2: INVENTORY HANDLING
-----------------------------
- Use handheld scanners for all inventory movements.
- Report discrepancies immediately to the Inventory Supervisor.
- Damaged goods must be placed in the “Inspection Zone” before tagging.
- Shelves are labeled using alphanumeric codes (e.g., A1-B3).",False,nan,nan,nan,nan,nan,nan
damaged item inspection area,keyword,Damaged goods should be moved to the Inspection Zone.,hybrid_60_40,0.6,0.4,2,43,0.35152679496766376,0.5,0.4109160769805983,65.10191345214844,"Source: Safety Manual, Chunk 9
SECTION 3: FIRE SAFETY & EVACUATION PROCEDURES
Fire Extinguishers: One every 15 meters; monthly inspection.
Emergency Exits: At least two per zone, clearly marked.
Evacuation Drills: Every 6 months; missed drills require retraining.
Assembly Points: 50 meters from building, marked with green signage.
Never use elevators during evacuation.",False,nan,nan,nan,nan,nan,nan
damaged item inspection area,keyword,Damaged goods should be moved to the Inspection Zone.,hybrid_60_40,0.6,0.4,3,38,0.6501482480788096,0.0,0.39008894884728573,51.87102508544922,"Source: Safety Manual, Chunk 4
SECTION 4: CLEANLINESS & WASTE DISPOSAL
---------------------------------------
- Floors must be swept at the end of each shift.
- Spillages must be reported and cleaned immediately using absorbent pads.
- Recycling bins are color-coded:
  - Blue: Paper/Cardboard
  - Green: Plastic
  - Red: Hazardous waste
- All cleaning supplies are stored in Room C-14.",False,nan,nan,nan,nan,nan,nan
damaged item inspection area,keyword,Damaged goods should be moved to the Inspection Zone.,hybrid_60_40,0.6,0.4,4,25,0.19388308127947437,0.5,0.31632984876768466,75.1636962890625,"Item: Logitech MX Master 3, Shelf: Shelf F, Shelf ID: F, Location: (8.776, 2.159, 0.003), Stock: 7, Price: $99.99, Category: Computer Mouse",False,nan,nan,nan,nan,nan,nan
damaged item inspection area,keyword,Damaged goods should be moved to the Inspection Zone.,hybrid_60_40,0.6,0.4,5,42,0.5132766530957408,0.0,0.30796599185744444,57.211448669433594,"Source: Safety Manual, Chunk 8
SECTION 2: PERSONAL PROTECTIVE EQUIPMENT (PPE)
Safety Helmets – Required at all times inside loading areas.
High-Visibility Vests – Fluorescent yellow or orange with reflective stripes.
Steel-Toed Boots – Must conform to ISO 20345:2011.
Cut-Resistant Gloves – Mandatory when handling sharp materials.
Hearing Protection – Required in areas above 85 dB",False,nan,nan,nan,nan,nan,nan
damaged item inspection area,keyword,Damaged goods should be moved to the Inspection Zone.,hybrid_70_30,0.7,0.3,1,36,1.0,1.0,1.0,41.82797622680664,"Source: Safety Manual, Chunk 2
SECTION 2: INVENTORY HANDLING
-----------------------------
- Use handheld scanners for all inventory movements.
- Report discrepancies immediately to the Inventory Supervisor.
- Damaged goods must be placed in the “Inspection Zone” before tagging.
- Shelves are labeled using alphanumeric codes (e.g., A1-B3).",False,nan,nan,nan,nan,nan,nan
damaged item inspection area,keyword,Damaged goods should be moved to the Inspection Zone.,hybrid_70_30,0.7,0.3,2,38,0.6501482480788096,0.0,0.45510377365516663,51.87102508544922,"Source: Safety Manual, Chunk 4
SECTION 4: CLEANLINESS & WASTE DISPOSAL
---------------------------------------
- Floors must be swept at the end of each shift.
- Spillages must be reported and cleaned immediately using absorbent pads.
- Recycling bins are color-coded:
  - Blue: Paper/Cardboard
  - Green: Plastic
  - Red: Hazardous waste
- All cleaning supplies are stored in Room C-14.",False,nan,nan,nan,nan,nan,nan
damaged item inspection area,keyword,Damaged goods should be moved to the Inspection Zone.,hybrid_70_30,0.7,0.3,3,43,0.35152679496766376,0.5,0.3960687564773646,65.10191345214844,"Source: Safety Manual, Chunk 9
SECTION 3: FIRE SAFETY & EVACUATION PROCEDURES
Fire Extinguishers: One every 15 meters; monthly inspection.
Emergency Exits: At least two per zone, clearly marked.
Evacuation Drills: Every 6 months; missed drills require retraining.
Assembly Points: 50 meters from building, marked with green signage.
Never use elevators during evacuation.",False,nan,nan,nan,nan,nan,nan
damaged item inspection area,keyword,Damaged goods should be moved to the Inspection Zone.,hybrid_70_30,0.7,0.3,4,42,0.5132766530957408,0.0,0.3592936571670185,57.211448669433594,"Source: Safety Manual, Chunk 8
SECTION 2: PERSONAL PROTECTIVE EQUIPMENT (PPE)
Safety Helmets – Required at all times inside loading areas.
High-Visibility Vests – Fluorescent yellow or orange with reflective stripes.
Steel-Toed Boots – Must conform to ISO 20345:2011.
Cut-Resistant Gloves – Mandatory when handling sharp materials.
Hearing Protection – Required in areas above 85 dB",False,nan,nan,nan,nan,nan,nan
damaged item inspection area,keyword,Damaged goods should be moved to the Inspection Zone.,hybrid_70_30,0.7,0.3,5,40,0.44742054049624597,0.0,0.3131943783473722,60.18507385253906,"Source: Safety Manual, Chunk 6
SECTION 6: INCIDENT REPORTING & FEEDBACK
----------------------------------------
- Any injuries, equipment damage, or process violations must be reported within 1 hour.
- Use Form WHS-207 and submit to the Shift Supervisor.
- Anonymous feedback can be left in the box outside Room B-2 or submitted via the internal portal.",False,nan,nan,nan,nan,nan,nan
damaged item inspection area,keyword,Damaged goods should be moved to the Inspection Zone.,hybrid_80_20,0.8,0.2,1,36,1.0,1.0,1.0,41.82797622680664,"Source: Safety Manual, Chunk 2
SECTION 2: INVENTORY HANDLING
-----------------------------
- Use handheld scanners for all inventory movements.
- Report discrepancies immediately to the Inventory Supervisor.
- Damaged goods must be placed in the “Inspection Zone” before tagging.
- Shelves are labeled using alphanumeric codes (e.g., A1-B3).",False,nan,nan,nan,nan,nan,nan
damaged item inspection area,keyword,Damaged goods should be moved to the Inspection Zone.,hybrid_80_20,0.8,0.2,2,38,0.6501482480788096,0.0,0.5201185984630476,51.87102508544922,"Source: Safety Manual, Chunk 4
SECTION 4: CLEANLINESS & WASTE DISPOSAL
---------------------------------------
- Floors must be swept at the end of each shift.
- Spillages must be reported and cleaned immediately using absorbent pads.
- Recycling bins are color-coded:
  - Blue: Paper/Cardboard
  - Green: Plastic
  - Red: Hazardous waste
- All cleaning supplies are stored in Room C-14.",False,nan,nan,nan,nan,nan,nan
damaged item inspection area,keyword,Damaged goods should be moved to the Inspection Zone.,hybrid_80_20,0.8,0.2,3,42,0.5132766530957408,0.0,0.41062132247659267,57.211448669433594,"Source: Safety Manual, Chunk 8
SECTION 2: PERSONAL PROTECTIVE EQUIPMENT (PPE)
Safety Helmets – Required at all times inside loading areas.
High-Visibility Vests – Fluorescent yellow or orange with reflective stripes.
Steel-Toed Boots – Must conform to ISO 20345:2011.
Cut-Resistant Gloves – Mandatory when handling sharp materials.
Hearing Protection – Required in areas above 85 dB",False,nan,nan,nan,nan,nan,nan
damaged item inspection area,keyword,Damaged goods should be moved to the Inspection Zone.,hybrid_80_20,0.8,0.2,4,43,0.35152679496766376,0.5,0.38122143597413105,65.10191345214844,"Source: Safety Manual, Chunk 9
SECTION 3: FIRE SAFETY & EVACUATION PROCEDURES
Fire Extinguishers: One every 15 meters; monthly inspection.
Emergency Exits: At least two per zone, clearly marked.
Evacuation Drills: Every 6 months; missed drills require retraining.
Assembly Points: 50 meters from building, marked with green signage.
Never use elevators during evacuation.",False,nan,nan,nan,nan,nan,nan
damaged item inspection area,keyword,Damaged goods should be moved to the Inspection Zone.,hybrid_80_20,0.8,0.2,5,40,0.44742054049624597,0.0,0.3579364323969968,60.18507385253906,"Source: Safety Manual, Chunk 6
SECTION 6: INCIDENT REPORTING & FEEDBACK
----------------------------------------
- Any injuries, equipment damage, or process violations must be reported within 1 hour.
- Use Form WHS-207 and submit to the Shift Supervisor.
- Anonymous feedback can be left in the box outside Room B-2 or submitted via the internal portal.",False,nan,nan,nan,nan,nan,nan
inventory discrepancy reporting,keyword,Inventory discrepancies should be reported to the Inventory Supervisor.,semantic_only,1.0,0.0,1,36,1.0,1.0,1.0,32.395164489746094,"Source: Safety Manual, Chunk 2
SECTION 2: INVENTORY HANDLING
-----------------------------
- Use handheld scanners for all inventory movements.
- Report discrepancies immediately to the Inventory Supervisor.
- Damaged goods must be placed in the “Inspection Zone” before tagging.
- Shelves are labeled using alphanumeric codes (e.g., A1-B3).",False,nan,nan,nan,nan,nan,nan
inventory discrepancy reporting,keyword,Inventory discrepancies should be reported to the Inventory Supervisor.,semantic_only,1.0,0.0,2,40,0.3056028163051803,1.0,0.3056028163051803,57.34947967529297,"Source: Safety Manual, Chunk 6
SECTION 6: INCIDENT REPORTING & FEEDBACK
----------------------------------------
- Any injuries, equipment damage, or process violations must be reported within 1 hour.
- Use Form WHS-207 and submit to the Shift Supervisor.
- Anonymous feedback can be left in the box outside Room B-2 or submitted via the internal portal.",False,nan,nan,nan,nan,nan,nan
inventory discrepancy reporting,keyword,Inventory discrepancies should be reported to the Inventory Supervisor.,semantic_only,1.0,0.0,3,38,0.24633374817042847,0.0,0.24633374817042847,61.32451629638672,"Source: Safety Manual, Chunk 4
SECTION 4: CLEANLINESS & WASTE DISPOSAL
---------------------------------------
- Floors must be swept at the end of each shift.
- Spillages must be reported and cleaned immediately using absorbent pads.
- Recycling bins are color-coded:
  - Blue: Paper/Cardboard
  - Green: Plastic
  - Red: Hazardous waste
- All cleaning supplies are stored in Room C-14.",False,nan,nan,nan,nan,nan,nan
inventory discrepancy reporting,keyword,Inventory discrepancies should be reported to the Inventory Supervisor.,semantic_only,1.0,0.0,4,45,0.24511144782345567,0.0,0.24511144782345567,61.412200927734375,"Source: Safety Manual, Chunk 11
SECTION 5: MATERIAL HANDLING AND STORAGE
Forklift operators must be certified and recertified every 2 years.
Do not exceed 1500 kg per shelving level unless labeled otherwise.
Use Class 2 ratchet straps for loads over 200 kg.
Hazardous chemicals must be stored in locked ventilated cabinets.",False,nan,nan,nan,nan,nan,nan
inventory discrepancy reporting,keyword,Inventory discrepancies should be reported to the Inventory Supervisor.,semantic_only,1.0,0.0,5,37,0.23401969186604904,0.0,0.23401969186604904,62.21931838989258,"Source: Safety Manual, Chunk 3
SECTION 3: EQUIPMENT USAGE & MAINTENANCE
----------------------------------------
- Pallet jacks and forklifts must be returned to charging docks after shift.
- Battery water levels should be checked every Monday morning.
- Only trained staff may operate powered equipment (see list in Appendix A).
- Monthly maintenance logs must be filled by the Maintenance Lead.",False,nan,nan,nan,nan,nan,nan
inventory discrepancy reporting,keyword,Inventory discrepancies should be reported to the Inventory Supervisor.,keyword_only,0.0,1.0,1,35,0.1566535708534636,1.0,1.0,68.48722839355469,"Source: Safety Manual, Chunk 1
WAREHOUSE DAILY OPERATIONS GUIDE (2024)
========================================

SECTION 1: SHIFT SCHEDULES & WORKFLOW
-------------------------------------
- Morning Shift: 6:00 AM – 2:00 PM
- Afternoon Shift: 2:00 PM – 10:00 PM
- Night Shift: 10:00 PM – 6:00 AM
- All workers must sign in 10 minutes before their shift and attend the team briefing.
- Daily workload is divided into receiving, inventory update, picking, packing, and dispatch.",False,nan,nan,nan,nan,nan,nan
inventory discrepancy reporting,keyword,Inventory discrepancies should be reported to the Inventory Supervisor.,keyword_only,0.0,1.0,2,36,1.0,1.0,1.0,32.395164489746094,"Source: Safety Manual, Chunk 2
SECTION 2: INVENTORY HANDLING
-----------------------------
- Use handheld scanners for all inventory movements.
- Report discrepancies immediately to the Inventory Supervisor.
- Damaged goods must be placed in the “Inspection Zone” before tagging.
- Shelves are labeled using alphanumeric codes (e.g., A1-B3).",False,nan,nan,nan,nan,nan,nan
inventory discrepancy reporting,keyword,Inventory discrepancies should be reported to the Inventory Supervisor.,keyword_only,0.0,1.0,3,40,0.3056028163051803,1.0,1.0,57.34947967529297,"Source: Safety Manual, Chunk 6
SECTION 6: INCIDENT REPORTING & FEEDBACK
----------------------------------------
- Any injuries, equipment damage, or process violations must be reported within 1 hour.
- Use Form WHS-207 and submit to the Shift Supervisor.
- Anonymous feedback can be left in the box outside Room B-2 or submitted via the internal portal.",False,nan,nan,nan,nan,nan,nan
inventory discrepancy reporting,keyword,Inventory discrepancies should be reported to the Inventory Supervisor.,keyword_only,0.0,1.0,4,46,0.18219377371607004,1.0,1.0,66.28498840332031,"Source: Safety Manual, Chunk 12
SECTION 6: FIRST AID AND INCIDENT REPORTING
First Aid Kits must be:
Available every 30 meters.
Checked weekly by a safety officer.
Incident Reports:
Must be submitted within 2 hours using Form WHS-101.
Use the internal safety portal for submission.
Emergency contacts are listed on the main notice board and in Section 9.",False,nan,nan,nan,nan,nan,nan
inventory discrepancy reporting,keyword,Inventory discrepancies should be reported to the Inventory Supervisor.,keyword_only,0.0,1.0,5,0,0.09722018638450938,0.0,0.0,74.21601867675781,"Item: Apple iPhone 14, Shelf: Shelf A, Shelf ID: A, Location: (-0.151, 2.203, 0.001), Stock: 10, Price: $799.99, Category: Smartphones",False,nan,nan,nan,nan,nan,nan
inventory discrepancy reporting,keyword,Inventory discrepancies should be reported to the Inventory Supervisor.,hybrid_50_50,0.5,0.5,1,36,1.0,1.0,1.0,32.395164489746094,"Source: Safety Manual, Chunk 2
SECTION 2: INVENTORY HANDLING
-----------------------------
- Use handheld scanners for all inventory movements.
- Report discrepancies immediately to the Inventory Supervisor.
- Damaged goods must be placed in the “Inspection Zone” before tagging.
- Shelves are labeled using alphanumeric codes (e.g., A1-B3).",False,nan,nan,nan,nan,nan,nan
inventory discrepancy reporting,keyword,Inventory discrepancies should be reported to the Inventory Supervisor.,hybrid_50_50,0.5,0.5,2,40,0.3056028163051803,1.0,0.6528014081525901,57.34947967529297,"Source: Safety Manual, Chunk 6
SECTION 6: INCIDENT REPORTING & FEEDBACK
----------------------------------------
- Any injuries, equipment damage, or process violations must be reported within 1 hour.
- Use Form WHS-207 and submit to the Shift Supervisor.
- Anonymous feedback can be left in the box outside Room B-2 or submitted via the internal portal.",False,nan,nan,nan,nan,nan,nan
inventory discrepancy reporting,keyword,Inventory discrepancies should be reported to the Inventory Supervisor.,hybrid_50_50,0.5,0.5,3,46,0.18219377371607004,1.0,0.5910968868580351,66.28498840332031,"Source: Safety Manual, Chunk 12
SECTION 6: FIRST AID AND INCIDENT REPORTING
First Aid Kits must be:
Available every 30 meters.
Checked weekly by a safety officer.
Incident Reports:
Must be submitted within 2 hours using Form WHS-101.
Use the internal safety portal for submission.
Emergency contacts are listed on the main notice board and in Section 9.",False,nan,nan,nan,nan,nan,nan
inventory discrepancy reporting,keyword,Inventory discrepancies should be reported to the Inventory Supervisor.,hybrid_50_50,0.5,0.5,4,35,0.1566535708534636,1.0,0.5783267854267318,68.48722839355469,"Source: Safety Manual, Chunk 1
WAREHOUSE DAILY OPERATIONS GUIDE (2024)
========================================

SECTION 1: SHIFT SCHEDULES & WORKFLOW
-------------------------------------
- Morning Shift: 6:00 AM – 2:00 PM
- Afternoon Shift: 2:00 PM – 10:00 PM
- Night Shift: 10:00 PM – 6:00 AM
- All workers must sign in 10 minutes before their shift and attend the team briefing.
- Daily workload is divided into receiving, inventory update, picking, packing, and dispatch.",False,nan,nan,nan,nan,nan,nan
inventory discrepancy reporting,keyword,Inventory discrepancies should be reported to the Inventory Supervisor.,hybrid_50_50,0.5,0.5,5,38,0.24633374817042847,0.0,0.12316687408521423,61.32451629638672,"Source: Safety Manual, Chunk 4
SECTION 4: CLEANLINESS & WASTE DISPOSAL
---------------------------------------
- Floors must be swept at the end of each shift.
- Spillages must be reported and cleaned immediately using absorbent pads.
- Recycling bins are color-coded:
  - Blue: Paper/Cardboard
  - Green: Plastic
  - Red: Hazardous waste
- All cleaning supplies are stored in Room C-14.",False,nan,nan,nan,nan,nan,nan
inventory discrepancy reporting,keyword,Inventory discrepancies should be reported to the Inventory Supervisor.,hybrid_60_40,0.6,0.4,1,36,1.0,1.0,1.0,32.395164489746094,"Source: Safety Manual, Chunk 2
SECTION 2: INVENTORY HANDLING
-----------------------------
- Use handheld scanners for all inventory movements.
- Report discrepancies immediately to the Inventory Supervisor.
- Damaged goods must be placed in the “Inspection Zone” before tagging.
- Shelves are labeled using alphanumeric codes (e.g., A1-B3).",False,nan,nan,nan,nan,nan,nan
inventory discrepancy reporting,keyword,Inventory discrepancies should be reported to the Inventory Supervisor.,hybrid_60_40,0.6,0.4,2,40,0.3056028163051803,1.0,0.5833616897831082,57.34947967529297,"Source: Safety Manual, Chunk 6
SECTION 6: INCIDENT REPORTING & FEEDBACK
----------------------------------------
- Any injuries, equipment damage, or process violations must be reported within 1 hour.
- Use Form WHS-207 and submit to the Shift Supervisor.
- Anonymous feedback can be left in the box outside Room B-2 or submitted via the internal portal.",False,nan,nan,nan,nan,nan,nan
inventory discrepancy reporting,keyword,Inventory discrepancies should be reported to the Inventory Supervisor.,hybrid_60_40,0.6,0.4,3,46,0.18219377371607004,1.0,0.509316264229642,66.28498840332031,"Source: Safety Manual, Chunk 12
SECTION 6: FIRST AID AND INCIDENT REPORTING
First Aid Kits must be:
Available every 30 meters.
Checked weekly by a safety officer.
Incident Reports:
Must be submitted within 2 hours using Form WHS-101.
Use the internal safety portal for submission.
Emergency contacts are listed on the main notice board and in Section 9.",False,nan,nan,nan,nan,nan,nan
inventory discrepancy reporting,keyword,Inventory discrepancies should be reported to the Inventory Supervisor.,hybrid_60_40,0.6,0.4,4,35,0.1566535708534636,1.0,0.4939921425120782,68.48722839355469,"Source: Safety Manual, Chunk 1
WAREHOUSE DAILY OPERATIONS GUIDE (2024)
========================================

SECTION 1: SHIFT SCHEDULES & WORKFLOW
-------------------------------------
- Morning Shift: 6:00 AM – 2:00 PM
- Afternoon Shift: 2:00 PM – 10:00 PM
- Night Shift: 10:00 PM – 6:00 AM
- All workers must sign in 10 minutes before their shift and attend the team briefing.
- Daily workload is divided into receiving, inventory update, picking, packing, and dispatch.",False,nan,nan,nan,nan,nan,nan
inventory discrepancy reporting,keyword,Inventory discrepancies should be reported to the Inventory Supervisor.,hybrid_60_40,0.6,0.4,5,38,0.24633374817042847,0.0,0.14780024890225707,61.32451629638672,"Source: Safety Manual, Chunk 4
SECTION 4: CLEANLINESS & WASTE DISPOSAL
---------------------------------------
- Floors must be swept at the end of each shift.
- Spillages must be reported and cleaned immediately using absorbent pads.
- Recycling bins are color-coded:
  - Blue: Paper/Cardboard
  - Green: Plastic
  - Red: Hazardous waste
- All cleaning supplies are stored in Room C-14.",False,nan,nan,nan,nan,nan,nan
inventory discrepancy reporting,keyword,Inventory discrepancies should be reported to the Inventory Supervisor.,hybrid_70_30,0.7,0.3,1,36,1.0,1.0,1.0,32.395164489746094,"Source: Safety Manual, Chunk 2
SECTION 2: INVENTORY HANDLING
-----------------------------
- Use handheld scanners for all inventory movements.
- Report discrepancies immediately to the Inventory Supervisor.
- Damaged goods must be placed in the “Inspection Zone” before tagging.
- Shelves are labeled using alphanumeric codes (e.g., A1-B3).",False,nan,nan,nan,nan,nan,nan
inventory discrepancy reporting,keyword,Inventory discrepancies should be reported to the Inventory Supervisor.,hybrid_70_30,0.7,0.3,2,40,0.3056028163051803,1.0,0.5139219714136262,57.34947967529297,"Source: Safety Manual, Chunk 6
SECTION 6: INCIDENT REPORTING & FEEDBACK
----------------------------------------
- Any injuries, equipment damage, or process violations must be reported within 1 hour.
- Use Form WHS-207 and submit to the Shift Supervisor.
- Anonymous feedback can be left in the box outside Room B-2 or submitted via the internal portal.",False,nan,nan,nan,nan,nan,nan
inventory discrepancy reporting,keyword,Inventory discrepancies should be reported to the Inventory Supervisor.,hybrid_70_30,0.7,0.3,3,46,0.18219377371607004,1.0,0.427535641601249,66.28498840332031,"Source: Safety Manual, Chunk 12
SECTION 6: FIRST AID AND INCIDENT REPORTING
First Aid Kits must be:
Available every 30 meters.
Checked weekly by a safety officer.
Incident Reports:
Must be submitted within 2 hours using Form WHS-101.
Use the internal safety portal for submission.
Emergency contacts are listed on the main notice board and in Section 9.",False,nan,nan,nan,nan,nan,nan
inventory discrepancy reporting,keyword,Inventory discrepancies should be reported to the Inventory Supervisor.,hybrid_70_30,0.7,0.3,4,35,0.1566535708534636,1.0,0.4096574995974245,68.48722839355469,"Source: Safety Manual, Chunk 1
WAREHOUSE DAILY OPERATIONS GUIDE (2024)
========================================

SECTION 1: SHIFT SCHEDULES & WORKFLOW
-------------------------------------
- Morning Shift: 6:00 AM – 2:00 PM
- Afternoon Shift: 2:00 PM – 10:00 PM
- Night Shift: 10:00 PM – 6:00 AM
- All workers must sign in 10 minutes before their shift and attend the team briefing.
- Daily workload is divided into receiving, inventory update, picking, packing, and dispatch.",False,nan,nan,nan,nan,nan,nan
inventory discrepancy reporting,keyword,Inventory discrepancies should be reported to the Inventory Supervisor.,hybrid_70_30,0.7,0.3,5,38,0.24633374817042847,0.0,0.1724336237192999,61.32451629638672,"Source: Safety Manual, Chunk 4
SECTION 4: CLEANLINESS & WASTE DISPOSAL
---------------------------------------
- Floors must be swept at the end of each shift.
- Spillages must be reported and cleaned immediately using absorbent pads.
- Recycling bins are color-coded:
  - Blue: Paper/Cardboard
  - Green: Plastic
  - Red: Hazardous waste
- All cleaning supplies are stored in Room C-14.",False,nan,nan,nan,nan,nan,nan
inventory discrepancy reporting,keyword,Inventory discrepancies should be reported to the Inventory Supervisor.,hybrid_80_20,0.8,0.2,1,36,1.0,1.0,1.0,32.395164489746094,"Source: Safety Manual, Chunk 2
SECTION 2: INVENTORY HANDLING
-----------------------------
- Use handheld scanners for all inventory movements.
- Report discrepancies immediately to the Inventory Supervisor.
- Damaged goods must be placed in the “Inspection Zone” before tagging.
- Shelves are labeled using alphanumeric codes (e.g., A1-B3).",False,nan,nan,nan,nan,nan,nan
inventory discrepancy reporting,keyword,Inventory discrepancies should be reported to the Inventory Supervisor.,hybrid_80_20,0.8,0.2,2,40,0.3056028163051803,1.0,0.4444822530441443,57.34947967529297,"Source: Safety Manual, Chunk 6
SECTION 6: INCIDENT REPORTING & FEEDBACK
----------------------------------------
- Any injuries, equipment damage, or process violations must be reported within 1 hour.
- Use Form WHS-207 and submit to the Shift Supervisor.
- Anonymous feedback can be left in the box outside Room B-2 or submitted via the internal portal.",False,nan,nan,nan,nan,nan,nan
inventory discrepancy reporting,keyword,Inventory discrepancies should be reported to the Inventory Supervisor.,hybrid_80_20,0.8,0.2,3,46,0.18219377371607004,1.0,0.34575501897285604,66.28498840332031,"Source: Safety Manual, Chunk 12
SECTION 6: FIRST AID AND INCIDENT REPORTING
First Aid Kits must be:
Available every 30 meters.
Checked weekly by a safety officer.
Incident Reports:
Must be submitted within 2 hours using Form WHS-101.
Use the internal safety portal for submission.
Emergency contacts are listed on the main notice board and in Section 9.",False,nan,nan,nan,nan,nan,nan
inventory discrepancy reporting,keyword,Inventory discrepancies should be reported to the Inventory Supervisor.,hybrid_80_20,0.8,0.2,4,35,0.1566535708534636,1.0,0.3253228566827709,68.48722839355469,"Source: Safety Manual, Chunk 1
WAREHOUSE DAILY OPERATIONS GUIDE (2024)
========================================

SECTION 1: SHIFT SCHEDULES & WORKFLOW
-------------------------------------
- Morning Shift: 6:00 AM – 2:00 PM
- Afternoon Shift: 2:00 PM – 10:00 PM
- Night Shift: 10:00 PM – 6:00 AM
- All workers must sign in 10 minutes before their shift and attend the team briefing.
- Daily workload is divided into receiving, inventory update, picking, packing, and dispatch.",False,nan,nan,nan,nan,nan,nan
inventory discrepancy reporting,keyword,Inventory discrepancies should be reported to the Inventory Supervisor.,hybrid_80_20,0.8,0.2,5,38,0.24633374817042847,0.0,0.1970669985363428,61.32451629638672,"Source: Safety Manual, Chunk 4
SECTION 4: CLEANLINESS & WASTE DISPOSAL
---------------------------------------
- Floors must be swept at the end of each shift.
- Spillages must be reported and cleaned immediately using absorbent pads.
- Recycling bins are color-coded:
  - Blue: Paper/Cardboard
  - Green: Plastic
  - Red: Hazardous waste
- All cleaning supplies are stored in Room C-14.",False,nan,nan,nan,nan,nan,nan
What should a visitor wear before entering operational warehouse areas?,rag,Visitors must wear PPE before entering operational warehouse areas. The manual does not provide a separate detailed list of visitor PPE items.,semantic_only,1.0,0.0,1,44,1.0,1.0,1.0,25.585948944091797,"Source: Safety Manual, Chunk 10
SECTION 4: VISITOR PROTOCOL
All visitors must sign in at the security desk and wear visitor badges.
Visitors must be escorted by a warehouse employee at all times.
PPE is required for visitors entering the warehouse floor.
Visits should be scheduled at least 24 hours in advance.",False,nan,nan,nan,nan,nan,nan
What should a visitor wear before entering operational warehouse areas?,rag,Visitors must wear PPE before entering operational warehouse areas. The manual does not provide a separate detailed list of visitor PPE items.,semantic_only,1.0,0.0,2,39,0.5903012421539543,0.16666666666666669,0.5903012421539543,35.72936248779297,"Source: Safety Manual, Chunk 5
SECTION 5: SECURITY & ACCESS CONTROL
-------------------------------------
- Entry to the warehouse requires ID badge scans.
- All doors auto-lock after 8:00 PM.
- Visitors must be logged in at the front desk and accompanied at all times.
- Security footage is retained for 30 days and reviewed weekly.",False,nan,nan,nan,nan,nan,nan
What should a visitor wear before entering operational warehouse areas?,rag,Visitors must wear PPE before entering operational warehouse areas. The manual does not provide a separate detailed list of visitor PPE items.,semantic_only,1.0,0.0,3,47,0.4889847000204784,0.16666666666666669,0.4889847000204784,39.55585861206055,"Source: Safety Manual, Chunk 13
SECTION 7: TRAINING AND CERTIFICATION
Safety Training is required:
Annually for all employees.
Immediately after any safety violation or accident.
Lockout/Tagout procedures must be reviewed every 12 months.


SECTION 8: EMERGENCY CONTACTS
Fire Department: 101
Police: 100
On-site Medical Officer: Ext. 221
Warehouse Safety Lead: Ext. 115",False,nan,nan,nan,nan,nan,nan
What should a visitor wear before entering operational warehouse areas?,rag,Visitors must wear PPE before entering operational warehouse areas. The manual does not provide a separate detailed list of visitor PPE items.,semantic_only,1.0,0.0,4,36,0.39320522223581217,0.16666666666666669,0.39320522223581217,43.9864501953125,"Source: Safety Manual, Chunk 2
SECTION 2: INVENTORY HANDLING
-----------------------------
- Use handheld scanners for all inventory movements.
- Report discrepancies immediately to the Inventory Supervisor.
- Damaged goods must be placed in the “Inspection Zone” before tagging.
- Shelves are labeled using alphanumeric codes (e.g., A1-B3).",False,nan,nan,nan,nan,nan,nan
What should a visitor wear before entering operational warehouse areas?,rag,Visitors must wear PPE before entering operational warehouse areas. The manual does not provide a separate detailed list of visitor PPE items.,semantic_only,1.0,0.0,5,42,0.38725836278242437,0.16666666666666669,0.38725836278242437,44.293678283691406,"Source: Safety Manual, Chunk 8
SECTION 2: PERSONAL PROTECTIVE EQUIPMENT (PPE)
Safety Helmets – Required at all times inside loading areas.
High-Visibility Vests – Fluorescent yellow or orange with reflective stripes.
Steel-Toed Boots – Must conform to ISO 20345:2011.
Cut-Resistant Gloves – Mandatory when handling sharp materials.
Hearing Protection – Required in areas above 85 dB",False,nan,nan,nan,nan,nan,nan
What should a visitor wear before entering operational warehouse areas?,rag,Visitors must wear PPE before entering operational warehouse areas. The manual does not provide a separate detailed list of visitor PPE items.,keyword_only,0.0,1.0,1,44,1.0,1.0,1.0,25.585948944091797,"Source: Safety Manual, Chunk 10
SECTION 4: VISITOR PROTOCOL
All visitors must sign in at the security desk and wear visitor badges.
Visitors must be escorted by a warehouse employee at all times.
PPE is required for visitors entering the warehouse floor.
Visits should be scheduled at least 24 hours in advance.",False,nan,nan,nan,nan,nan,nan
What should a visitor wear before entering operational warehouse areas?,rag,Visitors must wear PPE before entering operational warehouse areas. The manual does not provide a separate detailed list of visitor PPE items.,keyword_only,0.0,1.0,2,35,0.1877812715672334,0.33333333333333337,0.33333333333333337,57.752655029296875,"Source: Safety Manual, Chunk 1
WAREHOUSE DAILY OPERATIONS GUIDE (2024)
========================================

SECTION 1: SHIFT SCHEDULES & WORKFLOW
-------------------------------------
- Morning Shift: 6:00 AM – 2:00 PM
- Afternoon Shift: 2:00 PM – 10:00 PM
- Night Shift: 10:00 PM – 6:00 AM
- All workers must sign in 10 minutes before their shift and attend the team briefing.
- Daily workload is divided into receiving, inventory update, picking, packing, and dispatch.",False,nan,nan,nan,nan,nan,nan
What should a visitor wear before entering operational warehouse areas?,rag,Visitors must wear PPE before entering operational warehouse areas. The manual does not provide a separate detailed list of visitor PPE items.,keyword_only,0.0,1.0,3,37,0.264308404136151,0.33333333333333337,0.33333333333333337,51.74036407470703,"Source: Safety Manual, Chunk 3
SECTION 3: EQUIPMENT USAGE & MAINTENANCE
----------------------------------------
- Pallet jacks and forklifts must be returned to charging docks after shift.
- Battery water levels should be checked every Monday morning.
- Only trained staff may operate powered equipment (see list in Appendix A).
- Monthly maintenance logs must be filled by the Maintenance Lead.",False,nan,nan,nan,nan,nan,nan
What should a visitor wear before entering operational warehouse areas?,rag,Visitors must wear PPE before entering operational warehouse areas. The manual does not provide a separate detailed list of visitor PPE items.,keyword_only,0.0,1.0,4,41,0.32153626184989914,0.33333333333333337,0.33333333333333337,47.991294860839844,"Source: Safety Manual, Chunk 7
WAREHOUSE DAILY OPERATIONS GUIDE (2025)
========================================
SECTION 1: SHIFT TIMINGS
Morning Shift: 6:00 AM – 2:00 PM
Afternoon Shift: 2:00 PM – 10:00 PM
Night Shift: 10:00 PM – 6:00 AM
All employees must clock in no later than 5 minutes before shift start,",False,nan,nan,nan,nan,nan,nan
What should a visitor wear before entering operational warehouse areas?,rag,Visitors must wear PPE before entering operational warehouse areas. The manual does not provide a separate detailed list of visitor PPE items.,keyword_only,0.0,1.0,5,0,0.03882465044196849,0.16666666666666669,0.16666666666666669,74.50704956054688,"Item: Apple iPhone 14, Shelf: Shelf A, Shelf ID: A, Location: (-0.151, 2.203, 0.001), Stock: 10, Price: $799.99, Category: Smartphones",False,nan,nan,nan,nan,nan,nan
What should a visitor wear before entering operational warehouse areas?,rag,Visitors must wear PPE before entering operational warehouse areas. The manual does not provide a separate detailed list of visitor PPE items.,hybrid_50_50,0.5,0.5,1,44,1.0,1.0,1.0,25.585948944091797,"Source: Safety Manual, Chunk 10
SECTION 4: VISITOR PROTOCOL
All visitors must sign in at the security desk and wear visitor badges.
Visitors must be escorted by a warehouse employee at all times.
PPE is required for visitors entering the warehouse floor.
Visits should be scheduled at least 24 hours in advance.",False,nan,nan,nan,nan,nan,nan
What should a visitor wear before entering operational warehouse areas?,rag,Visitors must wear PPE before entering operational warehouse areas. The manual does not provide a separate detailed list of visitor PPE items.,hybrid_50_50,0.5,0.5,2,39,0.5903012421539543,0.16666666666666669,0.37848395441031046,35.72936248779297,"Source: Safety Manual, Chunk 5
SECTION 5: SECURITY & ACCESS CONTROL
-------------------------------------
- Entry to the warehouse requires ID badge scans.
- All doors auto-lock after 8:00 PM.
- Visitors must be logged in at the front desk and accompanied at all times.
- Security footage is retained for 30 days and reviewed weekly.",False,nan,nan,nan,nan,nan,nan
What should a visitor wear before entering operational warehouse areas?,rag,Visitors must wear PPE before entering operational warehouse areas. The manual does not provide a separate detailed list of visitor PPE items.,hybrid_50_50,0.5,0.5,3,47,0.4889847000204784,0.16666666666666669,0.32782568334357254,39.55585861206055,"Source: Safety Manual, Chunk 13
SECTION 7: TRAINING AND CERTIFICATION
Safety Training is required:
Annually for all employees.
Immediately after any safety violation or accident.
Lockout/Tagout procedures must be reviewed every 12 months.


SECTION 8: EMERGENCY CONTACTS
Fire Department: 101
Police: 100
On-site Medical Officer: Ext. 221
Warehouse Safety Lead: Ext. 115",False,nan,nan,nan,nan,nan,nan
What should a visitor wear before entering operational warehouse areas?,rag,Visitors must wear PPE before entering operational warehouse areas. The manual does not provide a separate detailed list of visitor PPE items.,hybrid_50_50,0.5,0.5,4,41,0.32153626184989914,0.33333333333333337,0.32743479759161626,47.991294860839844,"Source: Safety Manual, Chunk 7
WAREHOUSE DAILY OPERATIONS GUIDE (2025)
========================================
SECTION 1: SHIFT TIMINGS
Morning Shift: 6:00 AM – 2:00 PM
Afternoon Shift: 2:00 PM – 10:00 PM
Night Shift: 10:00 PM – 6:00 AM
All employees must clock in no later than 5 minutes before shift start,",False,nan,nan,nan,nan,nan,nan
What should a visitor wear before entering operational warehouse areas?,rag,Visitors must wear PPE before entering operational warehouse areas. The manual does not provide a separate detailed list of visitor PPE items.,hybrid_50_50,0.5,0.5,5,37,0.264308404136151,0.33333333333333337,0.2988208687347422,51.74036407470703,"Source: Safety Manual, Chunk 3
SECTION 3: EQUIPMENT USAGE & MAINTENANCE
----------------------------------------
- Pallet jacks and forklifts must be returned to charging docks after shift.
- Battery water levels should be checked every Monday morning.
- Only trained staff may operate powered equipment (see list in Appendix A).
- Monthly maintenance logs must be filled by the Maintenance Lead.",False,nan,nan,nan,nan,nan,nan
What should a visitor wear before entering operational warehouse areas?,rag,Visitors must wear PPE before entering operational warehouse areas. The manual does not provide a separate detailed list of visitor PPE items.,hybrid_60_40,0.6,0.4,1,44,1.0,1.0,1.0,25.585948944091797,"Source: Safety Manual, Chunk 10
SECTION 4: VISITOR PROTOCOL
All visitors must sign in at the security desk and wear visitor badges.
Visitors must be escorted by a warehouse employee at all times.
PPE is required for visitors entering the warehouse floor.
Visits should be scheduled at least 24 hours in advance.",False,nan,nan,nan,nan,nan,nan
What should a visitor wear before entering operational warehouse areas?,rag,Visitors must wear PPE before entering operational warehouse areas. The manual does not provide a separate detailed list of visitor PPE items.,hybrid_60_40,0.6,0.4,2,39,0.5903012421539543,0.16666666666666669,0.4208474119590393,35.72936248779297,"Source: Safety Manual, Chunk 5
SECTION 5: SECURITY & ACCESS CONTROL
-------------------------------------
- Entry to the warehouse requires ID badge scans.
- All doors auto-lock after 8:00 PM.
- Visitors must be logged in at the front desk and accompanied at all times.
- Security footage is retained for 30 days and reviewed weekly.",False,nan,nan,nan,nan,nan,nan
What should a visitor wear before entering operational warehouse areas?,rag,Visitors must wear PPE before entering operational warehouse areas. The manual does not provide a separate detailed list of visitor PPE items.,hybrid_60_40,0.6,0.4,3,47,0.4889847000204784,0.16666666666666669,0.36005748667895365,39.55585861206055,"Source: Safety Manual, Chunk 13
SECTION 7: TRAINING AND CERTIFICATION
Safety Training is required:
Annually for all employees.
Immediately after any safety violation or accident.
Lockout/Tagout procedures must be reviewed every 12 months.


SECTION 8: EMERGENCY CONTACTS
Fire Department: 101
Police: 100
On-site Medical Officer: Ext. 221
Warehouse Safety Lead: Ext. 115",False,nan,nan,nan,nan,nan,nan
What should a visitor wear before entering operational warehouse areas?,rag,Visitors must wear PPE before entering operational warehouse areas. The manual does not provide a separate detailed list of visitor PPE items.,hybrid_60_40,0.6,0.4,4,41,0.32153626184989914,0.33333333333333337,0.32625509044327283,47.991294860839844,"Source: Safety Manual, Chunk 7
WAREHOUSE DAILY OPERATIONS GUIDE (2025)
========================================
SECTION 1: SHIFT TIMINGS
Morning Shift: 6:00 AM – 2:00 PM
Afternoon Shift: 2:00 PM – 10:00 PM
Night Shift: 10:00 PM – 6:00 AM
All employees must clock in no later than 5 minutes before shift start,",False,nan,nan,nan,nan,nan,nan
What should a visitor wear before entering operational warehouse areas?,rag,Visitors must wear PPE before entering operational warehouse areas. The manual does not provide a separate detailed list of visitor PPE items.,hybrid_60_40,0.6,0.4,5,36,0.39320522223581217,0.16666666666666669,0.30258980000815394,43.9864501953125,"Source: Safety Manual, Chunk 2
SECTION 2: INVENTORY HANDLING
-----------------------------
- Use handheld scanners for all inventory movements.
- Report discrepancies immediately to the Inventory Supervisor.
- Damaged goods must be placed in the “Inspection Zone” before tagging.
- Shelves are labeled using alphanumeric codes (e.g., A1-B3).",False,nan,nan,nan,nan,nan,nan
What should a visitor wear before entering operational warehouse areas?,rag,Visitors must wear PPE before entering operational warehouse areas. The manual does not provide a separate detailed list of visitor PPE items.,hybrid_70_30,0.7,0.3,1,44,1.0,1.0,1.0,25.585948944091797,"Source: Safety Manual, Chunk 10
SECTION 4: VISITOR PROTOCOL
All visitors must sign in at the security desk and wear visitor badges.
Visitors must be escorted by a warehouse employee at all times.
PPE is required for visitors entering the warehouse floor.
Visits should be scheduled at least 24 hours in advance.",False,nan,nan,nan,nan,nan,nan
What should a visitor wear before entering operational warehouse areas?,rag,Visitors must wear PPE before entering operational warehouse areas. The manual does not provide a separate detailed list of visitor PPE items.,hybrid_70_30,0.7,0.3,2,39,0.5903012421539543,0.16666666666666669,0.46321086950776796,35.72936248779297,"Source: Safety Manual, Chunk 5
SECTION 5: SECURITY & ACCESS CONTROL
-------------------------------------
- Entry to the warehouse requires ID badge scans.
- All doors auto-lock after 8:00 PM.
- Visitors must be logged in at the front desk and accompanied at all times.
- Security footage is retained for 30 days and reviewed weekly.",False,nan,nan,nan,nan,nan,nan
What should a visitor wear before entering operational warehouse areas?,rag,Visitors must wear PPE before entering operational warehouse areas. The manual does not provide a separate detailed list of visitor PPE items.,hybrid_70_30,0.7,0.3,3,47,0.4889847000204784,0.16666666666666669,0.3922892900143348,39.55585861206055,"Source: Safety Manual, Chunk 13
SECTION 7: TRAINING AND CERTIFICATION
Safety Training is required:
Annually for all employees.
Immediately after any safety violation or accident.
Lockout/Tagout procedures must be reviewed every 12 months.


SECTION 8: EMERGENCY CONTACTS
Fire Department: 101
Police: 100
On-site Medical Officer: Ext. 221
Warehouse Safety Lead: Ext. 115",False,nan,nan,nan,nan,nan,nan
What should a visitor wear before entering operational warehouse areas?,rag,Visitors must wear PPE before entering operational warehouse areas. The manual does not provide a separate detailed list of visitor PPE items.,hybrid_70_30,0.7,0.3,4,36,0.39320522223581217,0.16666666666666669,0.3252436555650685,43.9864501953125,"Source: Safety Manual, Chunk 2
SECTION 2: INVENTORY HANDLING
-----------------------------
- Use handheld scanners for all inventory movements.
- Report discrepancies immediately to the Inventory Supervisor.
- Damaged goods must be placed in the “Inspection Zone” before tagging.
- Shelves are labeled using alphanumeric codes (e.g., A1-B3).",False,nan,nan,nan,nan,nan,nan
What should a visitor wear before entering operational warehouse areas?,rag,Visitors must wear PPE before entering operational warehouse areas. The manual does not provide a separate detailed list of visitor PPE items.,hybrid_70_30,0.7,0.3,5,41,0.32153626184989914,0.33333333333333337,0.32507538329492935,47.991294860839844,"Source: Safety Manual, Chunk 7
WAREHOUSE DAILY OPERATIONS GUIDE (2025)
========================================
SECTION 1: SHIFT TIMINGS
Morning Shift: 6:00 AM – 2:00 PM
Afternoon Shift: 2:00 PM – 10:00 PM
Night Shift: 10:00 PM – 6:00 AM
All employees must clock in no later than 5 minutes before shift start,",False,nan,nan,nan,nan,nan,nan
What should a visitor wear before entering operational warehouse areas?,rag,Visitors must wear PPE before entering operational warehouse areas. The manual does not provide a separate detailed list of visitor PPE items.,hybrid_80_20,0.8,0.2,1,44,1.0,1.0,1.0,25.585948944091797,"Source: Safety Manual, Chunk 10
SECTION 4: VISITOR PROTOCOL
All visitors must sign in at the security desk and wear visitor badges.
Visitors must be escorted by a warehouse employee at all times.
PPE is required for visitors entering the warehouse floor.
Visits should be scheduled at least 24 hours in advance.",False,nan,nan,nan,nan,nan,nan
What should a visitor wear before entering operational warehouse areas?,rag,Visitors must wear PPE before entering operational warehouse areas. The manual does not provide a separate detailed list of visitor PPE items.,hybrid_80_20,0.8,0.2,2,39,0.5903012421539543,0.16666666666666669,0.5055743270564969,35.72936248779297,"Source: Safety Manual, Chunk 5
SECTION 5: SECURITY & ACCESS CONTROL
-------------------------------------
- Entry to the warehouse requires ID badge scans.
- All doors auto-lock after 8:00 PM.
- Visitors must be logged in at the front desk and accompanied at all times.
- Security footage is retained for 30 days and reviewed weekly.",False,nan,nan,nan,nan,nan,nan
What should a visitor wear before entering operational warehouse areas?,rag,Visitors must wear PPE before entering operational warehouse areas. The manual does not provide a separate detailed list of visitor PPE items.,hybrid_80_20,0.8,0.2,3,47,0.4889847000204784,0.16666666666666669,0.42452109334971605,39.55585861206055,"Source: Safety Manual, Chunk 13
SECTION 7: TRAINING AND CERTIFICATION
Safety Training is required:
Annually for all employees.
Immediately after any safety violation or accident.
Lockout/Tagout procedures must be reviewed every 12 months.


SECTION 8: EMERGENCY CONTACTS
Fire Department: 101
Police: 100
On-site Medical Officer: Ext. 221
Warehouse Safety Lead: Ext. 115",False,nan,nan,nan,nan,nan,nan
What should a visitor wear before entering operational warehouse areas?,rag,Visitors must wear PPE before entering operational warehouse areas. The manual does not provide a separate detailed list of visitor PPE items.,hybrid_80_20,0.8,0.2,4,36,0.39320522223581217,0.16666666666666669,0.3478975111219831,43.9864501953125,"Source: Safety Manual, Chunk 2
SECTION 2: INVENTORY HANDLING
-----------------------------
- Use handheld scanners for all inventory movements.
- Report discrepancies immediately to the Inventory Supervisor.
- Damaged goods must be placed in the “Inspection Zone” before tagging.
- Shelves are labeled using alphanumeric codes (e.g., A1-B3).",False,nan,nan,nan,nan,nan,nan
What should a visitor wear before entering operational warehouse areas?,rag,Visitors must wear PPE before entering operational warehouse areas. The manual does not provide a separate detailed list of visitor PPE items.,hybrid_80_20,0.8,0.2,5,42,0.38725836278242437,0.16666666666666669,0.34314002355927287,44.293678283691406,"Source: Safety Manual, Chunk 8
SECTION 2: PERSONAL PROTECTIVE EQUIPMENT (PPE)
Safety Helmets – Required at all times inside loading areas.
High-Visibility Vests – Fluorescent yellow or orange with reflective stripes.
Steel-Toed Boots – Must conform to ISO 20345:2011.
Cut-Resistant Gloves – Mandatory when handling sharp materials.
Hearing Protection – Required in areas above 85 dB",False,nan,nan,nan,nan,nan,nan
What are the documented requirements for a safe chemical-storage cabinet?,rag,"Hazardous chemicals must be kept in locked, ventilated cabinets.",semantic_only,1.0,0.0,1,38,1.0,0.5,1.0,32.20018768310547,"Source: Safety Manual, Chunk 4
SECTION 4: CLEANLINESS & WASTE DISPOSAL
---------------------------------------
- Floors must be swept at the end of each shift.
- Spillages must be reported and cleaned immediately using absorbent pads.
- Recycling bins are color-coded:
  - Blue: Paper/Cardboard
  - Green: Plastic
  - Red: Hazardous waste
- All cleaning supplies are stored in Room C-14.",False,nan,nan,nan,nan,nan,nan
What are the documented requirements for a safe chemical-storage cabinet?,rag,"Hazardous chemicals must be kept in locked, ventilated cabinets.",semantic_only,1.0,0.0,2,45,0.8062428361402897,0.5,0.8062428361402897,35.489891052246094,"Source: Safety Manual, Chunk 11
SECTION 5: MATERIAL HANDLING AND STORAGE
Forklift operators must be certified and recertified every 2 years.
Do not exceed 1500 kg per shelving level unless labeled otherwise.
Use Class 2 ratchet straps for loads over 200 kg.
Hazardous chemicals must be stored in locked ventilated cabinets.",False,nan,nan,nan,nan,nan,nan
What are the documented requirements for a safe chemical-storage cabinet?,rag,"Hazardous chemicals must be kept in locked, ventilated cabinets.",semantic_only,1.0,0.0,3,36,0.7462878949531295,0.7499999999999999,0.7462878949531295,36.64408874511719,"Source: Safety Manual, Chunk 2
SECTION 2: INVENTORY HANDLING
-----------------------------
- Use handheld scanners for all inventory movements.
- Report discrepancies immediately to the Inventory Supervisor.
- Damaged goods must be placed in the “Inspection Zone” before tagging.
- Shelves are labeled using alphanumeric codes (e.g., A1-B3).",False,nan,nan,nan,nan,nan,nan
What are the documented requirements for a safe chemical-storage cabinet?,rag,"Hazardous chemicals must be kept in locked, ventilated cabinets.",semantic_only,1.0,0.0,4,39,0.6037742360162262,0.5,0.6037742360162262,39.70451354980469,"Source: Safety Manual, Chunk 5
SECTION 5: SECURITY & ACCESS CONTROL
-------------------------------------
- Entry to the warehouse requires ID badge scans.
- All doors auto-lock after 8:00 PM.
- Visitors must be logged in at the front desk and accompanied at all times.
- Security footage is retained for 30 days and reviewed weekly.",False,nan,nan,nan,nan,nan,nan
What are the documented requirements for a safe chemical-storage cabinet?,rag,"Hazardous chemicals must be kept in locked, ventilated cabinets.",semantic_only,1.0,0.0,5,42,0.5344506632262284,0.0,0.5344506632262284,41.38051986694336,"Source: Safety Manual, Chunk 8
SECTION 2: PERSONAL PROTECTIVE EQUIPMENT (PPE)
Safety Helmets – Required at all times inside loading areas.
High-Visibility Vests – Fluorescent yellow or orange with reflective stripes.
Steel-Toed Boots – Must conform to ISO 20345:2011.
Cut-Resistant Gloves – Mandatory when handling sharp materials.
Hearing Protection – Required in areas above 85 dB",False,nan,nan,nan,nan,nan,nan
What are the documented requirements for a safe chemical-storage cabinet?,rag,"Hazardous chemicals must be kept in locked, ventilated cabinets.",keyword_only,0.0,1.0,1,46,0.21695506454933233,1.0,1.0,51.22990417480469,"Source: Safety Manual, Chunk 12
SECTION 6: FIRST AID AND INCIDENT REPORTING
First Aid Kits must be:
Available every 30 meters.
Checked weekly by a safety officer.
Incident Reports:
Must be submitted within 2 hours using Form WHS-101.
Use the internal safety portal for submission.
Emergency contacts are listed on the main notice board and in Section 9.",False,nan,nan,nan,nan,nan,nan
What are the documented requirements for a safe chemical-storage cabinet?,rag,"Hazardous chemicals must be kept in locked, ventilated cabinets.",keyword_only,0.0,1.0,2,36,0.7462878949531295,0.7499999999999999,0.7499999999999999,36.64408874511719,"Source: Safety Manual, Chunk 2
SECTION 2: INVENTORY HANDLING
-----------------------------
- Use handheld scanners for all inventory movements.
- Report discrepancies immediately to the Inventory Supervisor.
- Damaged goods must be placed in the “Inspection Zone” before tagging.
- Shelves are labeled using alphanumeric codes (e.g., A1-B3).",False,nan,nan,nan,nan,nan,nan
What are the documented requirements for a safe chemical-storage cabinet?,rag,"Hazardous chemicals must be kept in locked, ventilated cabinets.",keyword_only,0.0,1.0,3,44,0.36605038739279433,0.7499999999999999,0.7499999999999999,46.09061050415039,"Source: Safety Manual, Chunk 10
SECTION 4: VISITOR PROTOCOL
All visitors must sign in at the security desk and wear visitor badges.
Visitors must be escorted by a warehouse employee at all times.
PPE is required for visitors entering the warehouse floor.
Visits should be scheduled at least 24 hours in advance.",False,nan,nan,nan,nan,nan,nan
What are the documented requirements for a safe chemical-storage cabinet?,rag,"Hazardous chemicals must be kept in locked, ventilated cabinets.",keyword_only,0.0,1.0,4,37,0.3957637192714336,0.5,0.5,45.1849365234375,"Source: Safety Manual, Chunk 3
SECTION 3: EQUIPMENT USAGE & MAINTENANCE
----------------------------------------
- Pallet jacks and forklifts must be returned to charging docks after shift.
- Battery water levels should be checked every Monday morning.
- Only trained staff may operate powered equipment (see list in Appendix A).
- Monthly maintenance logs must be filled by the Maintenance Lead.",False,nan,nan,nan,nan,nan,nan
What are the documented requirements for a safe chemical-storage cabinet?,rag,"Hazardous chemicals must be kept in locked, ventilated cabinets.",keyword_only,0.0,1.0,5,38,1.0,0.5,0.5,32.20018768310547,"Source: Safety Manual, Chunk 4
SECTION 4: CLEANLINESS & WASTE DISPOSAL
---------------------------------------
- Floors must be swept at the end of each shift.
- Spillages must be reported and cleaned immediately using absorbent pads.
- Recycling bins are color-coded:
  - Blue: Paper/Cardboard
  - Green: Plastic
  - Red: Hazardous waste
- All cleaning supplies are stored in Room C-14.",False,nan,nan,nan,nan,nan,nan
What are the documented requirements for a safe chemical-storage cabinet?,rag,"Hazardous chemicals must be kept in locked, ventilated cabinets.",hybrid_50_50,0.5,0.5,1,38,1.0,0.5,0.75,32.20018768310547,"Source: Safety Manual, Chunk 4
SECTION 4: CLEANLINESS & WASTE DISPOSAL
---------------------------------------
- Floors must be swept at the end of each shift.
- Spillages must be reported and cleaned immediately using absorbent pads.
- Recycling bins are color-coded:
  - Blue: Paper/Cardboard
  - Green: Plastic
  - Red: Hazardous waste
- All cleaning supplies are stored in Room C-14.",False,nan,nan,nan,nan,nan,nan
What are the documented requirements for a safe chemical-storage cabinet?,rag,"Hazardous chemicals must be kept in locked, ventilated cabinets.",hybrid_50_50,0.5,0.5,2,36,0.7462878949531295,0.7499999999999999,0.7481439474765648,36.64408874511719,"Source: Safety Manual, Chunk 2
SECTION 2: INVENTORY HANDLING
-----------------------------
- Use handheld scanners for all inventory movements.
- Report discrepancies immediately to the Inventory Supervisor.
- Damaged goods must be placed in the “Inspection Zone” before tagging.
- Shelves are labeled using alphanumeric codes (e.g., A1-B3).",False,nan,nan,nan,nan,nan,nan
What are the documented requirements for a safe chemical-storage cabinet?,rag,"Hazardous chemicals must be kept in locked, ventilated cabinets.",hybrid_50_50,0.5,0.5,3,45,0.8062428361402897,0.5,0.6531214180701448,35.489891052246094,"Source: Safety Manual, Chunk 11
SECTION 5: MATERIAL HANDLING AND STORAGE
Forklift operators must be certified and recertified every 2 years.
Do not exceed 1500 kg per shelving level unless labeled otherwise.
Use Class 2 ratchet straps for loads over 200 kg.
Hazardous chemicals must be stored in locked ventilated cabinets.",False,nan,nan,nan,nan,nan,nan
What are the documented requirements for a safe chemical-storage cabinet?,rag,"Hazardous chemicals must be kept in locked, ventilated cabinets.",hybrid_50_50,0.5,0.5,4,46,0.21695506454933233,1.0,0.6084775322746662,51.22990417480469,"Source: Safety Manual, Chunk 12
SECTION 6: FIRST AID AND INCIDENT REPORTING
First Aid Kits must be:
Available every 30 meters.
Checked weekly by a safety officer.
Incident Reports:
Must be submitted within 2 hours using Form WHS-101.
Use the internal safety portal for submission.
Emergency contacts are listed on the main notice board and in Section 9.",False,nan,nan,nan,nan,nan,nan
What are the documented requirements for a safe chemical-storage cabinet?,rag,"Hazardous chemicals must be kept in locked, ventilated cabinets.",hybrid_50_50,0.5,0.5,5,44,0.36605038739279433,0.7499999999999999,0.5580251936963971,46.09061050415039,"Source: Safety Manual, Chunk 10
SECTION 4: VISITOR PROTOCOL
All visitors must sign in at the security desk and wear visitor badges.
Visitors must be escorted by a warehouse employee at all times.
PPE is required for visitors entering the warehouse floor.
Visits should be scheduled at least 24 hours in advance.",False,nan,nan,nan,nan,nan,nan
What are the documented requirements for a safe chemical-storage cabinet?,rag,"Hazardous chemicals must be kept in locked, ventilated cabinets.",hybrid_60_40,0.6,0.4,1,38,1.0,0.5,0.8,32.20018768310547,"Source: Safety Manual, Chunk 4
SECTION 4: CLEANLINESS & WASTE DISPOSAL
---------------------------------------
- Floors must be swept at the end of each shift.
- Spillages must be reported and cleaned immediately using absorbent pads.
- Recycling bins are color-coded:
  - Blue: Paper/Cardboard
  - Green: Plastic
  - Red: Hazardous waste
- All cleaning supplies are stored in Room C-14.",False,nan,nan,nan,nan,nan,nan
What are the documented requirements for a safe chemical-storage cabinet?,rag,"Hazardous chemicals must be kept in locked, ventilated cabinets.",hybrid_60_40,0.6,0.4,2,36,0.7462878949531295,0.7499999999999999,0.7477727369718776,36.64408874511719,"Source: Safety Manual, Chunk 2
SECTION 2: INVENTORY HANDLING
-----------------------------
- Use handheld scanners for all inventory movements.
- Report discrepancies immediately to the Inventory Supervisor.
- Damaged goods must be placed in the “Inspection Zone” before tagging.
- Shelves are labeled using alphanumeric codes (e.g., A1-B3).",False,nan,nan,nan,nan,nan,nan
What are the documented requirements for a safe chemical-storage cabinet?,rag,"Hazardous chemicals must be kept in locked, ventilated cabinets.",hybrid_60_40,0.6,0.4,3,45,0.8062428361402897,0.5,0.6837457016841738,35.489891052246094,"Source: Safety Manual, Chunk 11
SECTION 5: MATERIAL HANDLING AND STORAGE
Forklift operators must be certified and recertified every 2 years.
Do not exceed 1500 kg per shelving level unless labeled otherwise.
Use Class 2 ratchet straps for loads over 200 kg.
Hazardous chemicals must be stored in locked ventilated cabinets.",False,nan,nan,nan,nan,nan,nan
What are the documented requirements for a safe chemical-storage cabinet?,rag,"Hazardous chemicals must be kept in locked, ventilated cabinets.",hybrid_60_40,0.6,0.4,4,39,0.6037742360162262,0.5,0.5622645416097357,39.70451354980469,"Source: Safety Manual, Chunk 5
SECTION 5: SECURITY & ACCESS CONTROL
-------------------------------------
- Entry to the warehouse requires ID badge scans.
- All doors auto-lock after 8:00 PM.
- Visitors must be logged in at the front desk and accompanied at all times.
- Security footage is retained for 30 days and reviewed weekly.",False,nan,nan,nan,nan,nan,nan
What are the documented requirements for a safe chemical-storage cabinet?,rag,"Hazardous chemicals must be kept in locked, ventilated cabinets.",hybrid_60_40,0.6,0.4,5,46,0.21695506454933233,1.0,0.5301730387295994,51.22990417480469,"Source: Safety Manual, Chunk 12
SECTION 6: FIRST AID AND INCIDENT REPORTING
First Aid Kits must be:
Available every 30 meters.
Checked weekly by a safety officer.
Incident Reports:
Must be submitted within 2 hours using Form WHS-101.
Use the internal safety portal for submission.
Emergency contacts are listed on the main notice board and in Section 9.",False,nan,nan,nan,nan,nan,nan
What are the documented requirements for a safe chemical-storage cabinet?,rag,"Hazardous chemicals must be kept in locked, ventilated cabinets.",hybrid_70_30,0.7,0.3,1,38,1.0,0.5,0.85,32.20018768310547,"Source: Safety Manual, Chunk 4
SECTION 4: CLEANLINESS & WASTE DISPOSAL
---------------------------------------
- Floors must be swept at the end of each shift.
- Spillages must be reported and cleaned immediately using absorbent pads.
- Recycling bins are color-coded:
  - Blue: Paper/Cardboard
  - Green: Plastic
  - Red: Hazardous waste
- All cleaning supplies are stored in Room C-14.",False,nan,nan,nan,nan,nan,nan
What are the documented requirements for a safe chemical-storage cabinet?,rag,"Hazardous chemicals must be kept in locked, ventilated cabinets.",hybrid_70_30,0.7,0.3,2,36,0.7462878949531295,0.7499999999999999,0.7474015264671906,36.64408874511719,"Source: Safety Manual, Chunk 2
SECTION 2: INVENTORY HANDLING
-----------------------------
- Use handheld scanners for all inventory movements.
- Report discrepancies immediately to the Inventory Supervisor.
- Damaged goods must be placed in the “Inspection Zone” before tagging.
- Shelves are labeled using alphanumeric codes (e.g., A1-B3).",False,nan,nan,nan,nan,nan,nan
What are the documented requirements for a safe chemical-storage cabinet?,rag,"Hazardous chemicals must be kept in locked, ventilated cabinets.",hybrid_70_30,0.7,0.3,3,45,0.8062428361402897,0.5,0.7143699852982027,35.489891052246094,"Source: Safety Manual, Chunk 11
SECTION 5: MATERIAL HANDLING AND STORAGE
Forklift operators must be certified and recertified every 2 years.
Do not exceed 1500 kg per shelving level unless labeled otherwise.
Use Class 2 ratchet straps for loads over 200 kg.
Hazardous chemicals must be stored in locked ventilated cabinets.",False,nan,nan,nan,nan,nan,nan
What are the documented requirements for a safe chemical-storage cabinet?,rag,"Hazardous chemicals must be kept in locked, ventilated cabinets.",hybrid_70_30,0.7,0.3,4,39,0.6037742360162262,0.5,0.5726419652113582,39.70451354980469,"Source: Safety Manual, Chunk 5
SECTION 5: SECURITY & ACCESS CONTROL
-------------------------------------
- Entry to the warehouse requires ID badge scans.
- All doors auto-lock after 8:00 PM.
- Visitors must be logged in at the front desk and accompanied at all times.
- Security footage is retained for 30 days and reviewed weekly.",False,nan,nan,nan,nan,nan,nan
What are the documented requirements for a safe chemical-storage cabinet?,rag,"Hazardous chemicals must be kept in locked, ventilated cabinets.",hybrid_70_30,0.7,0.3,5,44,0.36605038739279433,0.7499999999999999,0.481235271174956,46.09061050415039,"Source: Safety Manual, Chunk 10
SECTION 4: VISITOR PROTOCOL
All visitors must sign in at the security desk and wear visitor badges.
Visitors must be escorted by a warehouse employee at all times.
PPE is required for visitors entering the warehouse floor.
Visits should be scheduled at least 24 hours in advance.",False,nan,nan,nan,nan,nan,nan
What are the documented requirements for a safe chemical-storage cabinet?,rag,"Hazardous chemicals must be kept in locked, ventilated cabinets.",hybrid_80_20,0.8,0.2,1,38,1.0,0.5,0.9,32.20018768310547,"Source: Safety Manual, Chunk 4
SECTION 4: CLEANLINESS & WASTE DISPOSAL
---------------------------------------
- Floors must be swept at the end of each shift.
- Spillages must be reported and cleaned immediately using absorbent pads.
- Recycling bins are color-coded:
  - Blue: Paper/Cardboard
  - Green: Plastic
  - Red: Hazardous waste
- All cleaning supplies are stored in Room C-14.",False,nan,nan,nan,nan,nan,nan
What are the documented requirements for a safe chemical-storage cabinet?,rag,"Hazardous chemicals must be kept in locked, ventilated cabinets.",hybrid_80_20,0.8,0.2,2,36,0.7462878949531295,0.7499999999999999,0.7470303159625037,36.64408874511719,"Source: Safety Manual, Chunk 2
SECTION 2: INVENTORY HANDLING
-----------------------------
- Use handheld scanners for all inventory movements.
- Report discrepancies immediately to the Inventory Supervisor.
- Damaged goods must be placed in the “Inspection Zone” before tagging.
- Shelves are labeled using alphanumeric codes (e.g., A1-B3).",False,nan,nan,nan,nan,nan,nan
What are the documented requirements for a safe chemical-storage cabinet?,rag,"Hazardous chemicals must be kept in locked, ventilated cabinets.",hybrid_80_20,0.8,0.2,3,45,0.8062428361402897,0.5,0.7449942689122317,35.489891052246094,"Source: Safety Manual, Chunk 11
SECTION 5: MATERIAL HANDLING AND STORAGE
Forklift operators must be certified and recertified every 2 years.
Do not exceed 1500 kg per shelving level unless labeled otherwise.
Use Class 2 ratchet straps for loads over 200 kg.
Hazardous chemicals must be stored in locked ventilated cabinets.",False,nan,nan,nan,nan,nan,nan
What are the documented requirements for a safe chemical-storage cabinet?,rag,"Hazardous chemicals must be kept in locked, ventilated cabinets.",hybrid_80_20,0.8,0.2,4,39,0.6037742360162262,0.5,0.583019388812981,39.70451354980469,"Source: Safety Manual, Chunk 5
SECTION 5: SECURITY & ACCESS CONTROL
-------------------------------------
- Entry to the warehouse requires ID badge scans.
- All doors auto-lock after 8:00 PM.
- Visitors must be logged in at the front desk and accompanied at all times.
- Security footage is retained for 30 days and reviewed weekly.",False,nan,nan,nan,nan,nan,nan
What are the documented requirements for a safe chemical-storage cabinet?,rag,"Hazardous chemicals must be kept in locked, ventilated cabinets.",hybrid_80_20,0.8,0.2,5,47,0.5108588020478033,0.25,0.45868704163824264,41.98281478881836,"Source: Safety Manual, Chunk 13
SECTION 7: TRAINING AND CERTIFICATION
Safety Training is required:
Annually for all employees.
Immediately after any safety violation or accident.
Lockout/Tagout procedures must be reviewed every 12 months.


SECTION 8: EMERGENCY CONTACTS
Fire Department: 101
Police: 100
On-site Medical Officer: Ext. 221
Warehouse Safety Lead: Ext. 115",False,nan,nan,nan,nan,nan,nan
What must an operator do to remain qualified to drive a forklift?,rag,Forklift operators must be certified and must be recertified every 2 years.,semantic_only,1.0,0.0,1,45,1.0,1.0,1.0,34.171600341796875,"Source: Safety Manual, Chunk 11
SECTION 5: MATERIAL HANDLING AND STORAGE
Forklift operators must be certified and recertified every 2 years.
Do not exceed 1500 kg per shelving level unless labeled otherwise.
Use Class 2 ratchet straps for loads over 200 kg.
Hazardous chemicals must be stored in locked ventilated cabinets.",False,nan,nan,nan,nan,nan,nan
What must an operator do to remain qualified to drive a forklift?,rag,Forklift operators must be certified and must be recertified every 2 years.,semantic_only,1.0,0.0,2,37,0.8603671135344946,1.0,0.8603671135344946,37.419647216796875,"Source: Safety Manual, Chunk 3
SECTION 3: EQUIPMENT USAGE & MAINTENANCE
----------------------------------------
- Pallet jacks and forklifts must be returned to charging docks after shift.
- Battery water levels should be checked every Monday morning.
- Only trained staff may operate powered equipment (see list in Appendix A).
- Monthly maintenance logs must be filled by the Maintenance Lead.",False,nan,nan,nan,nan,nan,nan
What must an operator do to remain qualified to drive a forklift?,rag,Forklift operators must be certified and must be recertified every 2 years.,semantic_only,1.0,0.0,3,41,0.4836480825277571,0.33333333333333337,0.4836480825277571,50.16817092895508,"Source: Safety Manual, Chunk 7
WAREHOUSE DAILY OPERATIONS GUIDE (2025)
========================================
SECTION 1: SHIFT TIMINGS
Morning Shift: 6:00 AM – 2:00 PM
Afternoon Shift: 2:00 PM – 10:00 PM
Night Shift: 10:00 PM – 6:00 AM
All employees must clock in no later than 5 minutes before shift start,",False,nan,nan,nan,nan,nan,nan
What must an operator do to remain qualified to drive a forklift?,rag,Forklift operators must be certified and must be recertified every 2 years.,semantic_only,1.0,0.0,4,42,0.4607545996562061,0.6666666666666667,0.4607545996562061,51.22121810913086,"Source: Safety Manual, Chunk 8
SECTION 2: PERSONAL PROTECTIVE EQUIPMENT (PPE)
Safety Helmets – Required at all times inside loading areas.
High-Visibility Vests – Fluorescent yellow or orange with reflective stripes.
Steel-Toed Boots – Must conform to ISO 20345:2011.
Cut-Resistant Gloves – Mandatory when handling sharp materials.
Hearing Protection – Required in areas above 85 dB",False,nan,nan,nan,nan,nan,nan
What must an operator do to remain qualified to drive a forklift?,rag,Forklift operators must be certified and must be recertified every 2 years.,semantic_only,1.0,0.0,5,36,0.39992593491585393,0.6666666666666667,0.39992593491585393,54.24195861816406,"Source: Safety Manual, Chunk 2
SECTION 2: INVENTORY HANDLING
-----------------------------
- Use handheld scanners for all inventory movements.
- Report discrepancies immediately to the Inventory Supervisor.
- Damaged goods must be placed in the “Inspection Zone” before tagging.
- Shelves are labeled using alphanumeric codes (e.g., A1-B3).",False,nan,nan,nan,nan,nan,nan
What must an operator do to remain qualified to drive a forklift?,rag,Forklift operators must be certified and must be recertified every 2 years.,keyword_only,0.0,1.0,1,37,0.8603671135344946,1.0,1.0,37.419647216796875,"Source: Safety Manual, Chunk 3
SECTION 3: EQUIPMENT USAGE & MAINTENANCE
----------------------------------------
- Pallet jacks and forklifts must be returned to charging docks after shift.
- Battery water levels should be checked every Monday morning.
- Only trained staff may operate powered equipment (see list in Appendix A).
- Monthly maintenance logs must be filled by the Maintenance Lead.",False,nan,nan,nan,nan,nan,nan
What must an operator do to remain qualified to drive a forklift?,rag,Forklift operators must be certified and must be recertified every 2 years.,keyword_only,0.0,1.0,2,45,1.0,1.0,1.0,34.171600341796875,"Source: Safety Manual, Chunk 11
SECTION 5: MATERIAL HANDLING AND STORAGE
Forklift operators must be certified and recertified every 2 years.
Do not exceed 1500 kg per shelving level unless labeled otherwise.
Use Class 2 ratchet straps for loads over 200 kg.
Hazardous chemicals must be stored in locked ventilated cabinets.",False,nan,nan,nan,nan,nan,nan
What must an operator do to remain qualified to drive a forklift?,rag,Forklift operators must be certified and must be recertified every 2 years.,keyword_only,0.0,1.0,3,36,0.39992593491585393,0.6666666666666667,0.6666666666666667,54.24195861816406,"Source: Safety Manual, Chunk 2
SECTION 2: INVENTORY HANDLING
-----------------------------
- Use handheld scanners for all inventory movements.
- Report discrepancies immediately to the Inventory Supervisor.
- Damaged goods must be placed in the “Inspection Zone” before tagging.
- Shelves are labeled using alphanumeric codes (e.g., A1-B3).",False,nan,nan,nan,nan,nan,nan
What must an operator do to remain qualified to drive a forklift?,rag,Forklift operators must be certified and must be recertified every 2 years.,keyword_only,0.0,1.0,4,39,0.318816327695758,0.6666666666666667,0.6666666666666667,58.85895538330078,"Source: Safety Manual, Chunk 5
SECTION 5: SECURITY & ACCESS CONTROL
-------------------------------------
- Entry to the warehouse requires ID badge scans.
- All doors auto-lock after 8:00 PM.
- Visitors must be logged in at the front desk and accompanied at all times.
- Security footage is retained for 30 days and reviewed weekly.",False,nan,nan,nan,nan,nan,nan
What must an operator do to remain qualified to drive a forklift?,rag,Forklift operators must be certified and must be recertified every 2 years.,keyword_only,0.0,1.0,5,40,0.36932230060373206,0.6666666666666667,0.6666666666666667,55.897830963134766,"Source: Safety Manual, Chunk 6
SECTION 6: INCIDENT REPORTING & FEEDBACK
----------------------------------------
- Any injuries, equipment damage, or process violations must be reported within 1 hour.
- Use Form WHS-207 and submit to the Shift Supervisor.
- Anonymous feedback can be left in the box outside Room B-2 or submitted via the internal portal.",False,nan,nan,nan,nan,nan,nan
What must an operator do to remain qualified to drive a forklift?,rag,Forklift operators must be certified and must be recertified every 2 years.,hybrid_50_50,0.5,0.5,1,45,1.0,1.0,1.0,34.171600341796875,"Source: Safety Manual, Chunk 11
SECTION 5: MATERIAL HANDLING AND STORAGE
Forklift operators must be certified and recertified every 2 years.
Do not exceed 1500 kg per shelving level unless labeled otherwise.
Use Class 2 ratchet straps for loads over 200 kg.
Hazardous chemicals must be stored in locked ventilated cabinets.",False,nan,nan,nan,nan,nan,nan
What must an operator do to remain qualified to drive a forklift?,rag,Forklift operators must be certified and must be recertified every 2 years.,hybrid_50_50,0.5,0.5,2,37,0.8603671135344946,1.0,0.9301835567672473,37.419647216796875,"Source: Safety Manual, Chunk 3
SECTION 3: EQUIPMENT USAGE & MAINTENANCE
----------------------------------------
- Pallet jacks and forklifts must be returned to charging docks after shift.
- Battery water levels should be checked every Monday morning.
- Only trained staff may operate powered equipment (see list in Appendix A).
- Monthly maintenance logs must be filled by the Maintenance Lead.",False,nan,nan,nan,nan,nan,nan
What must an operator do to remain qualified to drive a forklift?,rag,Forklift operators must be certified and must be recertified every 2 years.,hybrid_50_50,0.5,0.5,3,42,0.4607545996562061,0.6666666666666667,0.5637106331614364,51.22121810913086,"Source: Safety Manual, Chunk 8
SECTION 2: PERSONAL PROTECTIVE EQUIPMENT (PPE)
Safety Helmets – Required at all times inside loading areas.
High-Visibility Vests – Fluorescent yellow or orange with reflective stripes.
Steel-Toed Boots – Must conform to ISO 20345:2011.
Cut-Resistant Gloves – Mandatory when handling sharp materials.
Hearing Protection – Required in areas above 85 dB",False,nan,nan,nan,nan,nan,nan
What must an operator do to remain qualified to drive a forklift?,rag,Forklift operators must be certified and must be recertified every 2 years.,hybrid_50_50,0.5,0.5,4,36,0.39992593491585393,0.6666666666666667,0.5332963007912603,54.24195861816406,"Source: Safety Manual, Chunk 2
SECTION 2: INVENTORY HANDLING
-----------------------------
- Use handheld scanners for all inventory movements.
- Report discrepancies immediately to the Inventory Supervisor.
- Damaged goods must be placed in the “Inspection Zone” before tagging.
- Shelves are labeled using alphanumeric codes (e.g., A1-B3).",False,nan,nan,nan,nan,nan,nan
What must an operator do to remain qualified to drive a forklift?,rag,Forklift operators must be certified and must be recertified every 2 years.,hybrid_50_50,0.5,0.5,5,40,0.36932230060373206,0.6666666666666667,0.5179944836351994,55.897830963134766,"Source: Safety Manual, Chunk 6
SECTION 6: INCIDENT REPORTING & FEEDBACK
----------------------------------------
- Any injuries, equipment damage, or process violations must be reported within 1 hour.
- Use Form WHS-207 and submit to the Shift Supervisor.
- Anonymous feedback can be left in the box outside Room B-2 or submitted via the internal portal.",False,nan,nan,nan,nan,nan,nan
What must an operator do to remain qualified to drive a forklift?,rag,Forklift operators must be certified and must be recertified every 2 years.,hybrid_60_40,0.6,0.4,1,45,1.0,1.0,1.0,34.171600341796875,"Source: Safety Manual, Chunk 11
SECTION 5: MATERIAL HANDLING AND STORAGE
Forklift operators must be certified and recertified every 2 years.
Do not exceed 1500 kg per shelving level unless labeled otherwise.
Use Class 2 ratchet straps for loads over 200 kg.
Hazardous chemicals must be stored in locked ventilated cabinets.",False,nan,nan,nan,nan,nan,nan
What must an operator do to remain qualified to drive a forklift?,rag,Forklift operators must be certified and must be recertified every 2 years.,hybrid_60_40,0.6,0.4,2,37,0.8603671135344946,1.0,0.9162202681206968,37.419647216796875,"Source: Safety Manual, Chunk 3
SECTION 3: EQUIPMENT USAGE & MAINTENANCE
----------------------------------------
- Pallet jacks and forklifts must be returned to charging docks after shift.
- Battery water levels should be checked every Monday morning.
- Only trained staff may operate powered equipment (see list in Appendix A).
- Monthly maintenance logs must be filled by the Maintenance Lead.",False,nan,nan,nan,nan,nan,nan
What must an operator do to remain qualified to drive a forklift?,rag,Forklift operators must be certified and must be recertified every 2 years.,hybrid_60_40,0.6,0.4,3,42,0.4607545996562061,0.6666666666666667,0.5431194264603904,51.22121810913086,"Source: Safety Manual, Chunk 8
SECTION 2: PERSONAL PROTECTIVE EQUIPMENT (PPE)
Safety Helmets – Required at all times inside loading areas.
High-Visibility Vests – Fluorescent yellow or orange with reflective stripes.
Steel-Toed Boots – Must conform to ISO 20345:2011.
Cut-Resistant Gloves – Mandatory when handling sharp materials.
Hearing Protection – Required in areas above 85 dB",False,nan,nan,nan,nan,nan,nan
What must an operator do to remain qualified to drive a forklift?,rag,Forklift operators must be certified and must be recertified every 2 years.,hybrid_60_40,0.6,0.4,4,36,0.39992593491585393,0.6666666666666667,0.506622227616179,54.24195861816406,"Source: Safety Manual, Chunk 2
SECTION 2: INVENTORY HANDLING
-----------------------------
- Use handheld scanners for all inventory movements.
- Report discrepancies immediately to the Inventory Supervisor.
- Damaged goods must be placed in the “Inspection Zone” before tagging.
- Shelves are labeled using alphanumeric codes (e.g., A1-B3).",False,nan,nan,nan,nan,nan,nan
What must an operator do to remain qualified to drive a forklift?,rag,Forklift operators must be certified and must be recertified every 2 years.,hybrid_60_40,0.6,0.4,5,40,0.36932230060373206,0.6666666666666667,0.4882600470289059,55.897830963134766,"Source: Safety Manual, Chunk 6
SECTION 6: INCIDENT REPORTING & FEEDBACK
----------------------------------------
- Any injuries, equipment damage, or process violations must be reported within 1 hour.
- Use Form WHS-207 and submit to the Shift Supervisor.
- Anonymous feedback can be left in the box outside Room B-2 or submitted via the internal portal.",False,nan,nan,nan,nan,nan,nan
What must an operator do to remain qualified to drive a forklift?,rag,Forklift operators must be certified and must be recertified every 2 years.,hybrid_70_30,0.7,0.3,1,45,1.0,1.0,1.0,34.171600341796875,"Source: Safety Manual, Chunk 11
SECTION 5: MATERIAL HANDLING AND STORAGE
Forklift operators must be certified and recertified every 2 years.
Do not exceed 1500 kg per shelving level unless labeled otherwise.
Use Class 2 ratchet straps for loads over 200 kg.
Hazardous chemicals must be stored in locked ventilated cabinets.",False,nan,nan,nan,nan,nan,nan
What must an operator do to remain qualified to drive a forklift?,rag,Forklift operators must be certified and must be recertified every 2 years.,hybrid_70_30,0.7,0.3,2,37,0.8603671135344946,1.0,0.9022569794741462,37.419647216796875,"Source: Safety Manual, Chunk 3
SECTION 3: EQUIPMENT USAGE & MAINTENANCE
----------------------------------------
- Pallet jacks and forklifts must be returned to charging docks after shift.
- Battery water levels should be checked every Monday morning.
- Only trained staff may operate powered equipment (see list in Appendix A).
- Monthly maintenance logs must be filled by the Maintenance Lead.",False,nan,nan,nan,nan,nan,nan
What must an operator do to remain qualified to drive a forklift?,rag,Forklift operators must be certified and must be recertified every 2 years.,hybrid_70_30,0.7,0.3,3,42,0.4607545996562061,0.6666666666666667,0.5225282197593443,51.22121810913086,"Source: Safety Manual, Chunk 8
SECTION 2: PERSONAL PROTECTIVE EQUIPMENT (PPE)
Safety Helmets – Required at all times inside loading areas.
High-Visibility Vests – Fluorescent yellow or orange with reflective stripes.
Steel-Toed Boots – Must conform to ISO 20345:2011.
Cut-Resistant Gloves – Mandatory when handling sharp materials.
Hearing Protection – Required in areas above 85 dB",False,nan,nan,nan,nan,nan,nan
What must an operator do to remain qualified to drive a forklift?,rag,Forklift operators must be certified and must be recertified every 2 years.,hybrid_70_30,0.7,0.3,4,36,0.39992593491585393,0.6666666666666667,0.47994815444109773,54.24195861816406,"Source: Safety Manual, Chunk 2
SECTION 2: INVENTORY HANDLING
-----------------------------
- Use handheld scanners for all inventory movements.
- Report discrepancies immediately to the Inventory Supervisor.
- Damaged goods must be placed in the “Inspection Zone” before tagging.
- Shelves are labeled using alphanumeric codes (e.g., A1-B3).",False,nan,nan,nan,nan,nan,nan
What must an operator do to remain qualified to drive a forklift?,rag,Forklift operators must be certified and must be recertified every 2 years.,hybrid_70_30,0.7,0.3,5,40,0.36932230060373206,0.6666666666666667,0.4585256104226124,55.897830963134766,"Source: Safety Manual, Chunk 6
SECTION 6: INCIDENT REPORTING & FEEDBACK
----------------------------------------
- Any injuries, equipment damage, or process violations must be reported within 1 hour.
- Use Form WHS-207 and submit to the Shift Supervisor.
- Anonymous feedback can be left in the box outside Room B-2 or submitted via the internal portal.",False,nan,nan,nan,nan,nan,nan
What must an operator do to remain qualified to drive a forklift?,rag,Forklift operators must be certified and must be recertified every 2 years.,hybrid_80_20,0.8,0.2,1,45,1.0,1.0,1.0,34.171600341796875,"Source: Safety Manual, Chunk 11
SECTION 5: MATERIAL HANDLING AND STORAGE
Forklift operators must be certified and recertified every 2 years.
Do not exceed 1500 kg per shelving level unless labeled otherwise.
Use Class 2 ratchet straps for loads over 200 kg.
Hazardous chemicals must be stored in locked ventilated cabinets.",False,nan,nan,nan,nan,nan,nan
What must an operator do to remain qualified to drive a forklift?,rag,Forklift operators must be certified and must be recertified every 2 years.,hybrid_80_20,0.8,0.2,2,37,0.8603671135344946,1.0,0.8882936908275958,37.419647216796875,"Source: Safety Manual, Chunk 3
SECTION 3: EQUIPMENT USAGE & MAINTENANCE
----------------------------------------
- Pallet jacks and forklifts must be returned to charging docks after shift.
- Battery water levels should be checked every Monday morning.
- Only trained staff may operate powered equipment (see list in Appendix A).
- Monthly maintenance logs must be filled by the Maintenance Lead.",False,nan,nan,nan,nan,nan,nan
What must an operator do to remain qualified to drive a forklift?,rag,Forklift operators must be certified and must be recertified every 2 years.,hybrid_80_20,0.8,0.2,3,42,0.4607545996562061,0.6666666666666667,0.5019370130582983,51.22121810913086,"Source: Safety Manual, Chunk 8
SECTION 2: PERSONAL PROTECTIVE EQUIPMENT (PPE)
Safety Helmets – Required at all times inside loading areas.
High-Visibility Vests – Fluorescent yellow or orange with reflective stripes.
Steel-Toed Boots – Must conform to ISO 20345:2011.
Cut-Resistant Gloves – Mandatory when handling sharp materials.
Hearing Protection – Required in areas above 85 dB",False,nan,nan,nan,nan,nan,nan
What must an operator do to remain qualified to drive a forklift?,rag,Forklift operators must be certified and must be recertified every 2 years.,hybrid_80_20,0.8,0.2,4,41,0.4836480825277571,0.33333333333333337,0.45358513268887235,50.16817092895508,"Source: Safety Manual, Chunk 7
WAREHOUSE DAILY OPERATIONS GUIDE (2025)
========================================
SECTION 1: SHIFT TIMINGS
Morning Shift: 6:00 AM – 2:00 PM
Afternoon Shift: 2:00 PM – 10:00 PM
Night Shift: 10:00 PM – 6:00 AM
All employees must clock in no later than 5 minutes before shift start,",False,nan,nan,nan,nan,nan,nan
What must an operator do to remain qualified to drive a forklift?,rag,Forklift operators must be certified and must be recertified every 2 years.,hybrid_80_20,0.8,0.2,5,36,0.39992593491585393,0.6666666666666667,0.45327408126601654,54.24195861816406,"Source: Safety Manual, Chunk 2
SECTION 2: INVENTORY HANDLING
-----------------------------
- Use handheld scanners for all inventory movements.
- Report discrepancies immediately to the Inventory Supervisor.
- Damaged goods must be placed in the “Inspection Zone” before tagging.
- Shelves are labeled using alphanumeric codes (e.g., A1-B3).",False,nan,nan,nan,nan,nan,nan
What procedure is specified when an inventory discrepancy is discovered?,rag,The inventory discrepancy should be reported to the Inventory Supervisor.,semantic_only,1.0,0.0,1,36,1.0,0.5,1.0,24.24972915649414,"Source: Safety Manual, Chunk 2
SECTION 2: INVENTORY HANDLING
-----------------------------
- Use handheld scanners for all inventory movements.
- Report discrepancies immediately to the Inventory Supervisor.
- Damaged goods must be placed in the “Inspection Zone” before tagging.
- Shelves are labeled using alphanumeric codes (e.g., A1-B3).",False,nan,nan,nan,nan,nan,nan
What procedure is specified when an inventory discrepancy is discovered?,rag,The inventory discrepancy should be reported to the Inventory Supervisor.,semantic_only,1.0,0.0,2,45,0.39913953186335965,0.0,0.39913953186335965,39.007102966308594,"Source: Safety Manual, Chunk 11
SECTION 5: MATERIAL HANDLING AND STORAGE
Forklift operators must be certified and recertified every 2 years.
Do not exceed 1500 kg per shelving level unless labeled otherwise.
Use Class 2 ratchet straps for loads over 200 kg.
Hazardous chemicals must be stored in locked ventilated cabinets.",False,nan,nan,nan,nan,nan,nan
What procedure is specified when an inventory discrepancy is discovered?,rag,The inventory discrepancy should be reported to the Inventory Supervisor.,semantic_only,1.0,0.0,3,47,0.30154904300861907,0.5,0.30154904300861907,43.20314025878906,"Source: Safety Manual, Chunk 13
SECTION 7: TRAINING AND CERTIFICATION
Safety Training is required:
Annually for all employees.
Immediately after any safety violation or accident.
Lockout/Tagout procedures must be reviewed every 12 months.


SECTION 8: EMERGENCY CONTACTS
Fire Department: 101
Police: 100
On-site Medical Officer: Ext. 221
Warehouse Safety Lead: Ext. 115",False,nan,nan,nan,nan,nan,nan
What procedure is specified when an inventory discrepancy is discovered?,rag,The inventory discrepancy should be reported to the Inventory Supervisor.,semantic_only,1.0,0.0,4,40,0.2584672260124983,0.0,0.2584672260124983,45.349143981933594,"Source: Safety Manual, Chunk 6
SECTION 6: INCIDENT REPORTING & FEEDBACK
----------------------------------------
- Any injuries, equipment damage, or process violations must be reported within 1 hour.
- Use Form WHS-207 and submit to the Shift Supervisor.
- Anonymous feedback can be left in the box outside Room B-2 or submitted via the internal portal.",False,nan,nan,nan,nan,nan,nan
What procedure is specified when an inventory discrepancy is discovered?,rag,The inventory discrepancy should be reported to the Inventory Supervisor.,semantic_only,1.0,0.0,5,37,0.23519572461115207,0.0,0.23519572461115207,46.59736251831055,"Source: Safety Manual, Chunk 3
SECTION 3: EQUIPMENT USAGE & MAINTENANCE
----------------------------------------
- Pallet jacks and forklifts must be returned to charging docks after shift.
- Battery water levels should be checked every Monday morning.
- Only trained staff may operate powered equipment (see list in Appendix A).
- Monthly maintenance logs must be filled by the Maintenance Lead.",False,nan,nan,nan,nan,nan,nan
What procedure is specified when an inventory discrepancy is discovered?,rag,The inventory discrepancy should be reported to the Inventory Supervisor.,keyword_only,0.0,1.0,1,35,0.06693836738788378,1.0,1.0,58.106204986572266,"Source: Safety Manual, Chunk 1
WAREHOUSE DAILY OPERATIONS GUIDE (2024)
========================================

SECTION 1: SHIFT SCHEDULES & WORKFLOW
-------------------------------------
- Morning Shift: 6:00 AM – 2:00 PM
- Afternoon Shift: 2:00 PM – 10:00 PM
- Night Shift: 10:00 PM – 6:00 AM
- All workers must sign in 10 minutes before their shift and attend the team briefing.
- Daily workload is divided into receiving, inventory update, picking, packing, and dispatch.",False,nan,nan,nan,nan,nan,nan
What procedure is specified when an inventory discrepancy is discovered?,rag,The inventory discrepancy should be reported to the Inventory Supervisor.,keyword_only,0.0,1.0,2,36,1.0,0.5,0.5,24.24972915649414,"Source: Safety Manual, Chunk 2
SECTION 2: INVENTORY HANDLING
-----------------------------
- Use handheld scanners for all inventory movements.
- Report discrepancies immediately to the Inventory Supervisor.
- Damaged goods must be placed in the “Inspection Zone” before tagging.
- Shelves are labeled using alphanumeric codes (e.g., A1-B3).",False,nan,nan,nan,nan,nan,nan
What procedure is specified when an inventory discrepancy is discovered?,rag,The inventory discrepancy should be reported to the Inventory Supervisor.,keyword_only,0.0,1.0,3,39,0.1627832077225685,0.5,0.5,50.95077896118164,"Source: Safety Manual, Chunk 5
SECTION 5: SECURITY & ACCESS CONTROL
-------------------------------------
- Entry to the warehouse requires ID badge scans.
- All doors auto-lock after 8:00 PM.
- Visitors must be logged in at the front desk and accompanied at all times.
- Security footage is retained for 30 days and reviewed weekly.",False,nan,nan,nan,nan,nan,nan
What procedure is specified when an inventory discrepancy is discovered?,rag,The inventory discrepancy should be reported to the Inventory Supervisor.,keyword_only,0.0,1.0,4,42,0.16656047250640213,0.5,0.5,50.704097747802734,"Source: Safety Manual, Chunk 8
SECTION 2: PERSONAL PROTECTIVE EQUIPMENT (PPE)
Safety Helmets – Required at all times inside loading areas.
High-Visibility Vests – Fluorescent yellow or orange with reflective stripes.
Steel-Toed Boots – Must conform to ISO 20345:2011.
Cut-Resistant Gloves – Mandatory when handling sharp materials.
Hearing Protection – Required in areas above 85 dB",False,nan,nan,nan,nan,nan,nan
What procedure is specified when an inventory discrepancy is discovered?,rag,The inventory discrepancy should be reported to the Inventory Supervisor.,keyword_only,0.0,1.0,5,44,0.19708887565688984,0.5,0.5,48.79318618774414,"Source: Safety Manual, Chunk 10
SECTION 4: VISITOR PROTOCOL
All visitors must sign in at the security desk and wear visitor badges.
Visitors must be escorted by a warehouse employee at all times.
PPE is required for visitors entering the warehouse floor.
Visits should be scheduled at least 24 hours in advance.",False,nan,nan,nan,nan,nan,nan
What procedure is specified when an inventory discrepancy is discovered?,rag,The inventory discrepancy should be reported to the Inventory Supervisor.,hybrid_50_50,0.5,0.5,1,36,1.0,0.5,0.75,24.24972915649414,"Source: Safety Manual, Chunk 2
SECTION 2: INVENTORY HANDLING
-----------------------------
- Use handheld scanners for all inventory movements.
- Report discrepancies immediately to the Inventory Supervisor.
- Damaged goods must be placed in the “Inspection Zone” before tagging.
- Shelves are labeled using alphanumeric codes (e.g., A1-B3).",False,nan,nan,nan,nan,nan,nan
What procedure is specified when an inventory discrepancy is discovered?,rag,The inventory discrepancy should be reported to the Inventory Supervisor.,hybrid_50_50,0.5,0.5,2,35,0.06693836738788378,1.0,0.5334691836939419,58.106204986572266,"Source: Safety Manual, Chunk 1
WAREHOUSE DAILY OPERATIONS GUIDE (2024)
========================================

SECTION 1: SHIFT SCHEDULES & WORKFLOW
-------------------------------------
- Morning Shift: 6:00 AM – 2:00 PM
- Afternoon Shift: 2:00 PM – 10:00 PM
- Night Shift: 10:00 PM – 6:00 AM
- All workers must sign in 10 minutes before their shift and attend the team briefing.
- Daily workload is divided into receiving, inventory update, picking, packing, and dispatch.",False,nan,nan,nan,nan,nan,nan
What procedure is specified when an inventory discrepancy is discovered?,rag,The inventory discrepancy should be reported to the Inventory Supervisor.,hybrid_50_50,0.5,0.5,3,47,0.30154904300861907,0.5,0.40077452150430953,43.20314025878906,"Source: Safety Manual, Chunk 13
SECTION 7: TRAINING AND CERTIFICATION
Safety Training is required:
Annually for all employees.
Immediately after any safety violation or accident.
Lockout/Tagout procedures must be reviewed every 12 months.


SECTION 8: EMERGENCY CONTACTS
Fire Department: 101
Police: 100
On-site Medical Officer: Ext. 221
Warehouse Safety Lead: Ext. 115",False,nan,nan,nan,nan,nan,nan
What procedure is specified when an inventory discrepancy is discovered?,rag,The inventory discrepancy should be reported to the Inventory Supervisor.,hybrid_50_50,0.5,0.5,4,44,0.19708887565688984,0.5,0.3485444378284449,48.79318618774414,"Source: Safety Manual, Chunk 10
SECTION 4: VISITOR PROTOCOL
All visitors must sign in at the security desk and wear visitor badges.
Visitors must be escorted by a warehouse employee at all times.
PPE is required for visitors entering the warehouse floor.
Visits should be scheduled at least 24 hours in advance.",False,nan,nan,nan,nan,nan,nan
What procedure is specified when an inventory discrepancy is discovered?,rag,The inventory discrepancy should be reported to the Inventory Supervisor.,hybrid_50_50,0.5,0.5,5,42,0.16656047250640213,0.5,0.3332802362532011,50.704097747802734,"Source: Safety Manual, Chunk 8
SECTION 2: PERSONAL PROTECTIVE EQUIPMENT (PPE)
Safety Helmets – Required at all times inside loading areas.
High-Visibility Vests – Fluorescent yellow or orange with reflective stripes.
Steel-Toed Boots – Must conform to ISO 20345:2011.
Cut-Resistant Gloves – Mandatory when handling sharp materials.
Hearing Protection – Required in areas above 85 dB",False,nan,nan,nan,nan,nan,nan
What procedure is specified when an inventory discrepancy is discovered?,rag,The inventory discrepancy should be reported to the Inventory Supervisor.,hybrid_60_40,0.6,0.4,1,36,1.0,0.5,0.8,24.24972915649414,"Source: Safety Manual, Chunk 2
SECTION 2: INVENTORY HANDLING
-----------------------------
- Use handheld scanners for all inventory movements.
- Report discrepancies immediately to the Inventory Supervisor.
- Damaged goods must be placed in the “Inspection Zone” before tagging.
- Shelves are labeled using alphanumeric codes (e.g., A1-B3).",False,nan,nan,nan,nan,nan,nan
What procedure is specified when an inventory discrepancy is discovered?,rag,The inventory discrepancy should be reported to the Inventory Supervisor.,hybrid_60_40,0.6,0.4,2,35,0.06693836738788378,1.0,0.4401630204327303,58.106204986572266,"Source: Safety Manual, Chunk 1
WAREHOUSE DAILY OPERATIONS GUIDE (2024)
========================================

SECTION 1: SHIFT SCHEDULES & WORKFLOW
-------------------------------------
- Morning Shift: 6:00 AM – 2:00 PM
- Afternoon Shift: 2:00 PM – 10:00 PM
- Night Shift: 10:00 PM – 6:00 AM
- All workers must sign in 10 minutes before their shift and attend the team briefing.
- Daily workload is divided into receiving, inventory update, picking, packing, and dispatch.",False,nan,nan,nan,nan,nan,nan
What procedure is specified when an inventory discrepancy is discovered?,rag,The inventory discrepancy should be reported to the Inventory Supervisor.,hybrid_60_40,0.6,0.4,3,47,0.30154904300861907,0.5,0.3809294258051714,43.20314025878906,"Source: Safety Manual, Chunk 13
SECTION 7: TRAINING AND CERTIFICATION
Safety Training is required:
Annually for all employees.
Immediately after any safety violation or accident.
Lockout/Tagout procedures must be reviewed every 12 months.


SECTION 8: EMERGENCY CONTACTS
Fire Department: 101
Police: 100
On-site Medical Officer: Ext. 221
Warehouse Safety Lead: Ext. 115",False,nan,nan,nan,nan,nan,nan
What procedure is specified when an inventory discrepancy is discovered?,rag,The inventory discrepancy should be reported to the Inventory Supervisor.,hybrid_60_40,0.6,0.4,4,44,0.19708887565688984,0.5,0.3182533253941339,48.79318618774414,"Source: Safety Manual, Chunk 10
SECTION 4: VISITOR PROTOCOL
All visitors must sign in at the security desk and wear visitor badges.
Visitors must be escorted by a warehouse employee at all times.
PPE is required for visitors entering the warehouse floor.
Visits should be scheduled at least 24 hours in advance.",False,nan,nan,nan,nan,nan,nan
What procedure is specified when an inventory discrepancy is discovered?,rag,The inventory discrepancy should be reported to the Inventory Supervisor.,hybrid_60_40,0.6,0.4,5,42,0.16656047250640213,0.5,0.29993628350384127,50.704097747802734,"Source: Safety Manual, Chunk 8
SECTION 2: PERSONAL PROTECTIVE EQUIPMENT (PPE)
Safety Helmets – Required at all times inside loading areas.
High-Visibility Vests – Fluorescent yellow or orange with reflective stripes.
Steel-Toed Boots – Must conform to ISO 20345:2011.
Cut-Resistant Gloves – Mandatory when handling sharp materials.
Hearing Protection – Required in areas above 85 dB",False,nan,nan,nan,nan,nan,nan
What procedure is specified when an inventory discrepancy is discovered?,rag,The inventory discrepancy should be reported to the Inventory Supervisor.,hybrid_70_30,0.7,0.3,1,36,1.0,0.5,0.85,24.24972915649414,"Source: Safety Manual, Chunk 2
SECTION 2: INVENTORY HANDLING
-----------------------------
- Use handheld scanners for all inventory movements.
- Report discrepancies immediately to the Inventory Supervisor.
- Damaged goods must be placed in the “Inspection Zone” before tagging.
- Shelves are labeled using alphanumeric codes (e.g., A1-B3).",False,nan,nan,nan,nan,nan,nan
What procedure is specified when an inventory discrepancy is discovered?,rag,The inventory discrepancy should be reported to the Inventory Supervisor.,hybrid_70_30,0.7,0.3,2,47,0.30154904300861907,0.5,0.36108433010603336,43.20314025878906,"Source: Safety Manual, Chunk 13
SECTION 7: TRAINING AND CERTIFICATION
Safety Training is required:
Annually for all employees.
Immediately after any safety violation or accident.
Lockout/Tagout procedures must be reviewed every 12 months.


SECTION 8: EMERGENCY CONTACTS
Fire Department: 101
Police: 100
On-site Medical Officer: Ext. 221
Warehouse Safety Lead: Ext. 115",False,nan,nan,nan,nan,nan,nan
What procedure is specified when an inventory discrepancy is discovered?,rag,The inventory discrepancy should be reported to the Inventory Supervisor.,hybrid_70_30,0.7,0.3,3,35,0.06693836738788378,1.0,0.34685685717151865,58.106204986572266,"Source: Safety Manual, Chunk 1
WAREHOUSE DAILY OPERATIONS GUIDE (2024)
========================================

SECTION 1: SHIFT SCHEDULES & WORKFLOW
-------------------------------------
- Morning Shift: 6:00 AM – 2:00 PM
- Afternoon Shift: 2:00 PM – 10:00 PM
- Night Shift: 10:00 PM – 6:00 AM
- All workers must sign in 10 minutes before their shift and attend the team briefing.
- Daily workload is divided into receiving, inventory update, picking, packing, and dispatch.",False,nan,nan,nan,nan,nan,nan
What procedure is specified when an inventory discrepancy is discovered?,rag,The inventory discrepancy should be reported to the Inventory Supervisor.,hybrid_70_30,0.7,0.3,4,44,0.19708887565688984,0.5,0.2879622129598229,48.79318618774414,"Source: Safety Manual, Chunk 10
SECTION 4: VISITOR PROTOCOL
All visitors must sign in at the security desk and wear visitor badges.
Visitors must be escorted by a warehouse employee at all times.
PPE is required for visitors entering the warehouse floor.
Visits should be scheduled at least 24 hours in advance.",False,nan,nan,nan,nan,nan,nan
What procedure is specified when an inventory discrepancy is discovered?,rag,The inventory discrepancy should be reported to the Inventory Supervisor.,hybrid_70_30,0.7,0.3,5,45,0.39913953186335965,0.0,0.27939767230435175,39.007102966308594,"Source: Safety Manual, Chunk 11
SECTION 5: MATERIAL HANDLING AND STORAGE
Forklift operators must be certified and recertified every 2 years.
Do not exceed 1500 kg per shelving level unless labeled otherwise.
Use Class 2 ratchet straps for loads over 200 kg.
Hazardous chemicals must be stored in locked ventilated cabinets.",False,nan,nan,nan,nan,nan,nan
What procedure is specified when an inventory discrepancy is discovered?,rag,The inventory discrepancy should be reported to the Inventory Supervisor.,hybrid_80_20,0.8,0.2,1,36,1.0,0.5,0.9,24.24972915649414,"Source: Safety Manual, Chunk 2
SECTION 2: INVENTORY HANDLING
-----------------------------
- Use handheld scanners for all inventory movements.
- Report discrepancies immediately to the Inventory Supervisor.
- Damaged goods must be placed in the “Inspection Zone” before tagging.
- Shelves are labeled using alphanumeric codes (e.g., A1-B3).",False,nan,nan,nan,nan,nan,nan
What procedure is specified when an inventory discrepancy is discovered?,rag,The inventory discrepancy should be reported to the Inventory Supervisor.,hybrid_80_20,0.8,0.2,2,47,0.30154904300861907,0.5,0.3412392344068953,43.20314025878906,"Source: Safety Manual, Chunk 13
SECTION 7: TRAINING AND CERTIFICATION
Safety Training is required:
Annually for all employees.
Immediately after any safety violation or accident.
Lockout/Tagout procedures must be reviewed every 12 months.


SECTION 8: EMERGENCY CONTACTS
Fire Department: 101
Police: 100
On-site Medical Officer: Ext. 221
Warehouse Safety Lead: Ext. 115",False,nan,nan,nan,nan,nan,nan
What procedure is specified when an inventory discrepancy is discovered?,rag,The inventory discrepancy should be reported to the Inventory Supervisor.,hybrid_80_20,0.8,0.2,3,45,0.39913953186335965,0.0,0.31931162549068776,39.007102966308594,"Source: Safety Manual, Chunk 11
SECTION 5: MATERIAL HANDLING AND STORAGE
Forklift operators must be certified and recertified every 2 years.
Do not exceed 1500 kg per shelving level unless labeled otherwise.
Use Class 2 ratchet straps for loads over 200 kg.
Hazardous chemicals must be stored in locked ventilated cabinets.",False,nan,nan,nan,nan,nan,nan
What procedure is specified when an inventory discrepancy is discovered?,rag,The inventory discrepancy should be reported to the Inventory Supervisor.,hybrid_80_20,0.8,0.2,4,44,0.19708887565688984,0.5,0.2576711005255119,48.79318618774414,"Source: Safety Manual, Chunk 10
SECTION 4: VISITOR PROTOCOL
All visitors must sign in at the security desk and wear visitor badges.
Visitors must be escorted by a warehouse employee at all times.
PPE is required for visitors entering the warehouse floor.
Visits should be scheduled at least 24 hours in advance.",False,nan,nan,nan,nan,nan,nan
What procedure is specified when an inventory discrepancy is discovered?,rag,The inventory discrepancy should be reported to the Inventory Supervisor.,hybrid_80_20,0.8,0.2,5,35,0.06693836738788378,1.0,0.25355069391030705,58.106204986572266,"Source: Safety Manual, Chunk 1
WAREHOUSE DAILY OPERATIONS GUIDE (2024)
========================================

SECTION 1: SHIFT SCHEDULES & WORKFLOW
-------------------------------------
- Morning Shift: 6:00 AM – 2:00 PM
- Afternoon Shift: 2:00 PM – 10:00 PM
- Night Shift: 10:00 PM – 6:00 AM
- All workers must sign in 10 minutes before their shift and attend the team briefing.
- Daily workload is divided into receiving, inventory update, picking, packing, and dispatch.",False,nan,nan,nan,nan,nan,nan
What should happen to damaged goods before further handling?,rag,Damaged goods should be moved to the Inspection Zone for inspection.,semantic_only,1.0,0.0,1,36,1.0,1.0,1.0,38.39705276489258,"Source: Safety Manual, Chunk 2
SECTION 2: INVENTORY HANDLING
-----------------------------
- Use handheld scanners for all inventory movements.
- Report discrepancies immediately to the Inventory Supervisor.
- Damaged goods must be placed in the “Inspection Zone” before tagging.
- Shelves are labeled using alphanumeric codes (e.g., A1-B3).",False,nan,nan,nan,nan,nan,nan
What should happen to damaged goods before further handling?,rag,Damaged goods should be moved to the Inspection Zone for inspection.,semantic_only,1.0,0.0,2,38,0.7471078543498443,0.0,0.7471078543498443,44.33189392089844,"Source: Safety Manual, Chunk 4
SECTION 4: CLEANLINESS & WASTE DISPOSAL
---------------------------------------
- Floors must be swept at the end of each shift.
- Spillages must be reported and cleaned immediately using absorbent pads.
- Recycling bins are color-coded:
  - Blue: Paper/Cardboard
  - Green: Plastic
  - Red: Hazardous waste
- All cleaning supplies are stored in Room C-14.",False,nan,nan,nan,nan,nan,nan
What should happen to damaged goods before further handling?,rag,Damaged goods should be moved to the Inspection Zone for inspection.,semantic_only,1.0,0.0,3,45,0.7438528468215945,0.19999999999999998,0.7438528468215945,44.419960021972656,"Source: Safety Manual, Chunk 11
SECTION 5: MATERIAL HANDLING AND STORAGE
Forklift operators must be certified and recertified every 2 years.
Do not exceed 1500 kg per shelving level unless labeled otherwise.
Use Class 2 ratchet straps for loads over 200 kg.
Hazardous chemicals must be stored in locked ventilated cabinets.",False,nan,nan,nan,nan,nan,nan
What should happen to damaged goods before further handling?,rag,Damaged goods should be moved to the Inspection Zone for inspection.,semantic_only,1.0,0.0,4,37,0.6585154303598972,0.39999999999999997,0.6585154303598972,46.857444763183594,"Source: Safety Manual, Chunk 3
SECTION 3: EQUIPMENT USAGE & MAINTENANCE
----------------------------------------
- Pallet jacks and forklifts must be returned to charging docks after shift.
- Battery water levels should be checked every Monday morning.
- Only trained staff may operate powered equipment (see list in Appendix A).
- Monthly maintenance logs must be filled by the Maintenance Lead.",False,nan,nan,nan,nan,nan,nan
What should happen to damaged goods before further handling?,rag,Damaged goods should be moved to the Inspection Zone for inspection.,semantic_only,1.0,0.0,5,40,0.548685020983486,0.19999999999999998,0.548685020983486,50.408111572265625,"Source: Safety Manual, Chunk 6
SECTION 6: INCIDENT REPORTING & FEEDBACK
----------------------------------------
- Any injuries, equipment damage, or process violations must be reported within 1 hour.
- Use Form WHS-207 and submit to the Shift Supervisor.
- Anonymous feedback can be left in the box outside Room B-2 or submitted via the internal portal.",False,nan,nan,nan,nan,nan,nan
What should happen to damaged goods before further handling?,rag,Damaged goods should be moved to the Inspection Zone for inspection.,keyword_only,0.0,1.0,1,36,1.0,1.0,1.0,38.39705276489258,"Source: Safety Manual, Chunk 2
SECTION 2: INVENTORY HANDLING
-----------------------------
- Use handheld scanners for all inventory movements.
- Report discrepancies immediately to the Inventory Supervisor.
- Damaged goods must be placed in the “Inspection Zone” before tagging.
- Shelves are labeled using alphanumeric codes (e.g., A1-B3).",False,nan,nan,nan,nan,nan,nan
What should happen to damaged goods before further handling?,rag,Damaged goods should be moved to the Inspection Zone for inspection.,keyword_only,0.0,1.0,2,37,0.6585154303598972,0.39999999999999997,0.39999999999999997,46.857444763183594,"Source: Safety Manual, Chunk 3
SECTION 3: EQUIPMENT USAGE & MAINTENANCE
----------------------------------------
- Pallet jacks and forklifts must be returned to charging docks after shift.
- Battery water levels should be checked every Monday morning.
- Only trained staff may operate powered equipment (see list in Appendix A).
- Monthly maintenance logs must be filled by the Maintenance Lead.",False,nan,nan,nan,nan,nan,nan
What should happen to damaged goods before further handling?,rag,Damaged goods should be moved to the Inspection Zone for inspection.,keyword_only,0.0,1.0,3,42,0.4444381108455126,0.39999999999999997,0.39999999999999997,54.30256271362305,"Source: Safety Manual, Chunk 8
SECTION 2: PERSONAL PROTECTIVE EQUIPMENT (PPE)
Safety Helmets – Required at all times inside loading areas.
High-Visibility Vests – Fluorescent yellow or orange with reflective stripes.
Steel-Toed Boots – Must conform to ISO 20345:2011.
Cut-Resistant Gloves – Mandatory when handling sharp materials.
Hearing Protection – Required in areas above 85 dB",False,nan,nan,nan,nan,nan,nan
What should happen to damaged goods before further handling?,rag,Damaged goods should be moved to the Inspection Zone for inspection.,keyword_only,0.0,1.0,4,35,0.20833631653500354,0.19999999999999998,0.19999999999999998,65.75616455078125,"Source: Safety Manual, Chunk 1
WAREHOUSE DAILY OPERATIONS GUIDE (2024)
========================================

SECTION 1: SHIFT SCHEDULES & WORKFLOW
-------------------------------------
- Morning Shift: 6:00 AM – 2:00 PM
- Afternoon Shift: 2:00 PM – 10:00 PM
- Night Shift: 10:00 PM – 6:00 AM
- All workers must sign in 10 minutes before their shift and attend the team briefing.
- Daily workload is divided into receiving, inventory update, picking, packing, and dispatch.",False,nan,nan,nan,nan,nan,nan
What should happen to damaged goods before further handling?,rag,Damaged goods should be moved to the Inspection Zone for inspection.,keyword_only,0.0,1.0,5,39,0.27053037313535094,0.19999999999999998,0.19999999999999998,62.30259704589844,"Source: Safety Manual, Chunk 5
SECTION 5: SECURITY & ACCESS CONTROL
-------------------------------------
- Entry to the warehouse requires ID badge scans.
- All doors auto-lock after 8:00 PM.
- Visitors must be logged in at the front desk and accompanied at all times.
- Security footage is retained for 30 days and reviewed weekly.",False,nan,nan,nan,nan,nan,nan
What should happen to damaged goods before further handling?,rag,Damaged goods should be moved to the Inspection Zone for inspection.,hybrid_50_50,0.5,0.5,1,36,1.0,1.0,1.0,38.39705276489258,"Source: Safety Manual, Chunk 2
SECTION 2: INVENTORY HANDLING
-----------------------------
- Use handheld scanners for all inventory movements.
- Report discrepancies immediately to the Inventory Supervisor.
- Damaged goods must be placed in the “Inspection Zone” before tagging.
- Shelves are labeled using alphanumeric codes (e.g., A1-B3).",False,nan,nan,nan,nan,nan,nan
What should happen to damaged goods before further handling?,rag,Damaged goods should be moved to the Inspection Zone for inspection.,hybrid_50_50,0.5,0.5,2,37,0.6585154303598972,0.39999999999999997,0.5292577151799486,46.857444763183594,"Source: Safety Manual, Chunk 3
SECTION 3: EQUIPMENT USAGE & MAINTENANCE
----------------------------------------
- Pallet jacks and forklifts must be returned to charging docks after shift.
- Battery water levels should be checked every Monday morning.
- Only trained staff may operate powered equipment (see list in Appendix A).
- Monthly maintenance logs must be filled by the Maintenance Lead.",False,nan,nan,nan,nan,nan,nan
What should happen to damaged goods before further handling?,rag,Damaged goods should be moved to the Inspection Zone for inspection.,hybrid_50_50,0.5,0.5,3,45,0.7438528468215945,0.19999999999999998,0.4719264234107972,44.419960021972656,"Source: Safety Manual, Chunk 11
SECTION 5: MATERIAL HANDLING AND STORAGE
Forklift operators must be certified and recertified every 2 years.
Do not exceed 1500 kg per shelving level unless labeled otherwise.
Use Class 2 ratchet straps for loads over 200 kg.
Hazardous chemicals must be stored in locked ventilated cabinets.",False,nan,nan,nan,nan,nan,nan
What should happen to damaged goods before further handling?,rag,Damaged goods should be moved to the Inspection Zone for inspection.,hybrid_50_50,0.5,0.5,4,42,0.4444381108455126,0.39999999999999997,0.4222190554227563,54.30256271362305,"Source: Safety Manual, Chunk 8
SECTION 2: PERSONAL PROTECTIVE EQUIPMENT (PPE)
Safety Helmets – Required at all times inside loading areas.
High-Visibility Vests – Fluorescent yellow or orange with reflective stripes.
Steel-Toed Boots – Must conform to ISO 20345:2011.
Cut-Resistant Gloves – Mandatory when handling sharp materials.
Hearing Protection – Required in areas above 85 dB",False,nan,nan,nan,nan,nan,nan
What should happen to damaged goods before further handling?,rag,Damaged goods should be moved to the Inspection Zone for inspection.,hybrid_50_50,0.5,0.5,5,40,0.548685020983486,0.19999999999999998,0.374342510491743,50.408111572265625,"Source: Safety Manual, Chunk 6
SECTION 6: INCIDENT REPORTING & FEEDBACK
----------------------------------------
- Any injuries, equipment damage, or process violations must be reported within 1 hour.
- Use Form WHS-207 and submit to the Shift Supervisor.
- Anonymous feedback can be left in the box outside Room B-2 or submitted via the internal portal.",False,nan,nan,nan,nan,nan,nan
What should happen to damaged goods before further handling?,rag,Damaged goods should be moved to the Inspection Zone for inspection.,hybrid_60_40,0.6,0.4,1,36,1.0,1.0,1.0,38.39705276489258,"Source: Safety Manual, Chunk 2
SECTION 2: INVENTORY HANDLING
-----------------------------
- Use handheld scanners for all inventory movements.
- Report discrepancies immediately to the Inventory Supervisor.
- Damaged goods must be placed in the “Inspection Zone” before tagging.
- Shelves are labeled using alphanumeric codes (e.g., A1-B3).",False,nan,nan,nan,nan,nan,nan
What should happen to damaged goods before further handling?,rag,Damaged goods should be moved to the Inspection Zone for inspection.,hybrid_60_40,0.6,0.4,2,37,0.6585154303598972,0.39999999999999997,0.5551092582159384,46.857444763183594,"Source: Safety Manual, Chunk 3
SECTION 3: EQUIPMENT USAGE & MAINTENANCE
----------------------------------------
- Pallet jacks and forklifts must be returned to charging docks after shift.
- Battery water levels should be checked every Monday morning.
- Only trained staff may operate powered equipment (see list in Appendix A).
- Monthly maintenance logs must be filled by the Maintenance Lead.",False,nan,nan,nan,nan,nan,nan
What should happen to damaged goods before further handling?,rag,Damaged goods should be moved to the Inspection Zone for inspection.,hybrid_60_40,0.6,0.4,3,45,0.7438528468215945,0.19999999999999998,0.5263117080929567,44.419960021972656,"Source: Safety Manual, Chunk 11
SECTION 5: MATERIAL HANDLING AND STORAGE
Forklift operators must be certified and recertified every 2 years.
Do not exceed 1500 kg per shelving level unless labeled otherwise.
Use Class 2 ratchet straps for loads over 200 kg.
Hazardous chemicals must be stored in locked ventilated cabinets.",False,nan,nan,nan,nan,nan,nan
What should happen to damaged goods before further handling?,rag,Damaged goods should be moved to the Inspection Zone for inspection.,hybrid_60_40,0.6,0.4,4,38,0.7471078543498443,0.0,0.4482647126099066,44.33189392089844,"Source: Safety Manual, Chunk 4
SECTION 4: CLEANLINESS & WASTE DISPOSAL
---------------------------------------
- Floors must be swept at the end of each shift.
- Spillages must be reported and cleaned immediately using absorbent pads.
- Recycling bins are color-coded:
  - Blue: Paper/Cardboard
  - Green: Plastic
  - Red: Hazardous waste
- All cleaning supplies are stored in Room C-14.",False,nan,nan,nan,nan,nan,nan
What should happen to damaged goods before further handling?,rag,Damaged goods should be moved to the Inspection Zone for inspection.,hybrid_60_40,0.6,0.4,5,42,0.4444381108455126,0.39999999999999997,0.42666286650730756,54.30256271362305,"Source: Safety Manual, Chunk 8
SECTION 2: PERSONAL PROTECTIVE EQUIPMENT (PPE)
Safety Helmets – Required at all times inside loading areas.
High-Visibility Vests – Fluorescent yellow or orange with reflective stripes.
Steel-Toed Boots – Must conform to ISO 20345:2011.
Cut-Resistant Gloves – Mandatory when handling sharp materials.
Hearing Protection – Required in areas above 85 dB",False,nan,nan,nan,nan,nan,nan
What should happen to damaged goods before further handling?,rag,Damaged goods should be moved to the Inspection Zone for inspection.,hybrid_70_30,0.7,0.3,1,36,1.0,1.0,1.0,38.39705276489258,"Source: Safety Manual, Chunk 2
SECTION 2: INVENTORY HANDLING
-----------------------------
- Use handheld scanners for all inventory movements.
- Report discrepancies immediately to the Inventory Supervisor.
- Damaged goods must be placed in the “Inspection Zone” before tagging.
- Shelves are labeled using alphanumeric codes (e.g., A1-B3).",False,nan,nan,nan,nan,nan,nan
What should happen to damaged goods before further handling?,rag,Damaged goods should be moved to the Inspection Zone for inspection.,hybrid_70_30,0.7,0.3,2,37,0.6585154303598972,0.39999999999999997,0.580960801251928,46.857444763183594,"Source: Safety Manual, Chunk 3
SECTION 3: EQUIPMENT USAGE & MAINTENANCE
----------------------------------------
- Pallet jacks and forklifts must be returned to charging docks after shift.
- Battery water levels should be checked every Monday morning.
- Only trained staff may operate powered equipment (see list in Appendix A).
- Monthly maintenance logs must be filled by the Maintenance Lead.",False,nan,nan,nan,nan,nan,nan
What should happen to damaged goods before further handling?,rag,Damaged goods should be moved to the Inspection Zone for inspection.,hybrid_70_30,0.7,0.3,3,45,0.7438528468215945,0.19999999999999998,0.580696992775116,44.419960021972656,"Source: Safety Manual, Chunk 11
SECTION 5: MATERIAL HANDLING AND STORAGE
Forklift operators must be certified and recertified every 2 years.
Do not exceed 1500 kg per shelving level unless labeled otherwise.
Use Class 2 ratchet straps for loads over 200 kg.
Hazardous chemicals must be stored in locked ventilated cabinets.",False,nan,nan,nan,nan,nan,nan
What should happen to damaged goods before further handling?,rag,Damaged goods should be moved to the Inspection Zone for inspection.,hybrid_70_30,0.7,0.3,4,38,0.7471078543498443,0.0,0.522975498044891,44.33189392089844,"Source: Safety Manual, Chunk 4
SECTION 4: CLEANLINESS & WASTE DISPOSAL
---------------------------------------
- Floors must be swept at the end of each shift.
- Spillages must be reported and cleaned immediately using absorbent pads.
- Recycling bins are color-coded:
  - Blue: Paper/Cardboard
  - Green: Plastic
  - Red: Hazardous waste
- All cleaning supplies are stored in Room C-14.",False,nan,nan,nan,nan,nan,nan
What should happen to damaged goods before further handling?,rag,Damaged goods should be moved to the Inspection Zone for inspection.,hybrid_70_30,0.7,0.3,5,40,0.548685020983486,0.19999999999999998,0.4440795146884402,50.408111572265625,"Source: Safety Manual, Chunk 6
SECTION 6: INCIDENT REPORTING & FEEDBACK
----------------------------------------
- Any injuries, equipment damage, or process violations must be reported within 1 hour.
- Use Form WHS-207 and submit to the Shift Supervisor.
- Anonymous feedback can be left in the box outside Room B-2 or submitted via the internal portal.",False,nan,nan,nan,nan,nan,nan
What should happen to damaged goods before further handling?,rag,Damaged goods should be moved to the Inspection Zone for inspection.,hybrid_80_20,0.8,0.2,1,36,1.0,1.0,1.0,38.39705276489258,"Source: Safety Manual, Chunk 2
SECTION 2: INVENTORY HANDLING
-----------------------------
- Use handheld scanners for all inventory movements.
- Report discrepancies immediately to the Inventory Supervisor.
- Damaged goods must be placed in the “Inspection Zone” before tagging.
- Shelves are labeled using alphanumeric codes (e.g., A1-B3).",False,nan,nan,nan,nan,nan,nan
What should happen to damaged goods before further handling?,rag,Damaged goods should be moved to the Inspection Zone for inspection.,hybrid_80_20,0.8,0.2,2,45,0.7438528468215945,0.19999999999999998,0.6350822774572756,44.419960021972656,"Source: Safety Manual, Chunk 11
SECTION 5: MATERIAL HANDLING AND STORAGE
Forklift operators must be certified and recertified every 2 years.
Do not exceed 1500 kg per shelving level unless labeled otherwise.
Use Class 2 ratchet straps for loads over 200 kg.
Hazardous chemicals must be stored in locked ventilated cabinets.",False,nan,nan,nan,nan,nan,nan
What should happen to damaged goods before further handling?,rag,Damaged goods should be moved to the Inspection Zone for inspection.,hybrid_80_20,0.8,0.2,3,37,0.6585154303598972,0.39999999999999997,0.6068123442879177,46.857444763183594,"Source: Safety Manual, Chunk 3
SECTION 3: EQUIPMENT USAGE & MAINTENANCE
----------------------------------------
- Pallet jacks and forklifts must be returned to charging docks after shift.
- Battery water levels should be checked every Monday morning.
- Only trained staff may operate powered equipment (see list in Appendix A).
- Monthly maintenance logs must be filled by the Maintenance Lead.",False,nan,nan,nan,nan,nan,nan
What should happen to damaged goods before further handling?,rag,Damaged goods should be moved to the Inspection Zone for inspection.,hybrid_80_20,0.8,0.2,4,38,0.7471078543498443,0.0,0.5976862834798754,44.33189392089844,"Source: Safety Manual, Chunk 4
SECTION 4: CLEANLINESS & WASTE DISPOSAL
---------------------------------------
- Floors must be swept at the end of each shift.
- Spillages must be reported and cleaned immediately using absorbent pads.
- Recycling bins are color-coded:
  - Blue: Paper/Cardboard
  - Green: Plastic
  - Red: Hazardous waste
- All cleaning supplies are stored in Room C-14.",False,nan,nan,nan,nan,nan,nan
What should happen to damaged goods before further handling?,rag,Damaged goods should be moved to the Inspection Zone for inspection.,hybrid_80_20,0.8,0.2,5,40,0.548685020983486,0.19999999999999998,0.47894801678678883,50.408111572265625,"Source: Safety Manual, Chunk 6
SECTION 6: INCIDENT REPORTING & FEEDBACK
----------------------------------------
- Any injuries, equipment damage, or process violations must be reported within 1 hour.
- Use Form WHS-207 and submit to the Shift Supervisor.
- Anonymous feedback can be left in the box outside Room B-2 or submitted via the internal portal.",False,nan,nan,nan,nan,nan,nan
What are the manual's requirements for emergency assembly locations?,rag,Emergency assembly points must be located 50 m away and identified with green signage.,semantic_only,1.0,0.0,1,47,1.0,0.6,1.0,34.22389602661133,"Source: Safety Manual, Chunk 13
SECTION 7: TRAINING AND CERTIFICATION
Safety Training is required:
Annually for all employees.
Immediately after any safety violation or accident.
Lockout/Tagout procedures must be reviewed every 12 months.


SECTION 8: EMERGENCY CONTACTS
Fire Department: 101
Police: 100
On-site Medical Officer: Ext. 221
Warehouse Safety Lead: Ext. 115",False,nan,nan,nan,nan,nan,nan
What are the manual's requirements for emergency assembly locations?,rag,Emergency assembly points must be located 50 m away and identified with green signage.,semantic_only,1.0,0.0,2,46,0.9550810950672322,1.0,0.9550810950672322,35.146339416503906,"Source: Safety Manual, Chunk 12
SECTION 6: FIRST AID AND INCIDENT REPORTING
First Aid Kits must be:
Available every 30 meters.
Checked weekly by a safety officer.
Incident Reports:
Must be submitted within 2 hours using Form WHS-101.
Use the internal safety portal for submission.
Emergency contacts are listed on the main notice board and in Section 9.",False,nan,nan,nan,nan,nan,nan
What are the manual's requirements for emergency assembly locations?,rag,Emergency assembly points must be located 50 m away and identified with green signage.,semantic_only,1.0,0.0,3,43,0.9004301941144494,0.6,0.9004301941144494,36.33592987060547,"Source: Safety Manual, Chunk 9
SECTION 3: FIRE SAFETY & EVACUATION PROCEDURES
Fire Extinguishers: One every 15 meters; monthly inspection.
Emergency Exits: At least two per zone, clearly marked.
Evacuation Drills: Every 6 months; missed drills require retraining.
Assembly Points: 50 meters from building, marked with green signage.
Never use elevators during evacuation.",False,nan,nan,nan,nan,nan,nan
What are the manual's requirements for emergency assembly locations?,rag,Emergency assembly points must be located 50 m away and identified with green signage.,semantic_only,1.0,0.0,4,36,0.6161000874231983,0.8,0.6161000874231983,44.049354553222656,"Source: Safety Manual, Chunk 2
SECTION 2: INVENTORY HANDLING
-----------------------------
- Use handheld scanners for all inventory movements.
- Report discrepancies immediately to the Inventory Supervisor.
- Damaged goods must be placed in the “Inspection Zone” before tagging.
- Shelves are labeled using alphanumeric codes (e.g., A1-B3).",False,nan,nan,nan,nan,nan,nan
What are the manual's requirements for emergency assembly locations?,rag,Emergency assembly points must be located 50 m away and identified with green signage.,semantic_only,1.0,0.0,5,40,0.5839270917928574,0.4,0.5839270917928574,45.127681732177734,"Source: Safety Manual, Chunk 6
SECTION 6: INCIDENT REPORTING & FEEDBACK
----------------------------------------
- Any injuries, equipment damage, or process violations must be reported within 1 hour.
- Use Form WHS-207 and submit to the Shift Supervisor.
- Anonymous feedback can be left in the box outside Room B-2 or submitted via the internal portal.",False,nan,nan,nan,nan,nan,nan
What are the manual's requirements for emergency assembly locations?,rag,Emergency assembly points must be located 50 m away and identified with green signage.,keyword_only,0.0,1.0,1,46,0.9550810950672322,1.0,1.0,35.146339416503906,"Source: Safety Manual, Chunk 12
SECTION 6: FIRST AID AND INCIDENT REPORTING
First Aid Kits must be:
Available every 30 meters.
Checked weekly by a safety officer.
Incident Reports:
Must be submitted within 2 hours using Form WHS-101.
Use the internal safety portal for submission.
Emergency contacts are listed on the main notice board and in Section 9.",False,nan,nan,nan,nan,nan,nan
What are the manual's requirements for emergency assembly locations?,rag,Emergency assembly points must be located 50 m away and identified with green signage.,keyword_only,0.0,1.0,2,36,0.6161000874231983,0.8,0.8,44.049354553222656,"Source: Safety Manual, Chunk 2
SECTION 2: INVENTORY HANDLING
-----------------------------
- Use handheld scanners for all inventory movements.
- Report discrepancies immediately to the Inventory Supervisor.
- Damaged goods must be placed in the “Inspection Zone” before tagging.
- Shelves are labeled using alphanumeric codes (e.g., A1-B3).",False,nan,nan,nan,nan,nan,nan
What are the manual's requirements for emergency assembly locations?,rag,Emergency assembly points must be located 50 m away and identified with green signage.,keyword_only,0.0,1.0,3,38,0.556960617515925,0.6,0.6,46.072086334228516,"Source: Safety Manual, Chunk 4
SECTION 4: CLEANLINESS & WASTE DISPOSAL
---------------------------------------
- Floors must be swept at the end of each shift.
- Spillages must be reported and cleaned immediately using absorbent pads.
- Recycling bins are color-coded:
  - Blue: Paper/Cardboard
  - Green: Plastic
  - Red: Hazardous waste
- All cleaning supplies are stored in Room C-14.",False,nan,nan,nan,nan,nan,nan
What are the manual's requirements for emergency assembly locations?,rag,Emergency assembly points must be located 50 m away and identified with green signage.,keyword_only,0.0,1.0,4,39,0.5725299373096444,0.6,0.6,45.52216339111328,"Source: Safety Manual, Chunk 5
SECTION 5: SECURITY & ACCESS CONTROL
-------------------------------------
- Entry to the warehouse requires ID badge scans.
- All doors auto-lock after 8:00 PM.
- Visitors must be logged in at the front desk and accompanied at all times.
- Security footage is retained for 30 days and reviewed weekly.",False,nan,nan,nan,nan,nan,nan
What are the manual's requirements for emergency assembly locations?,rag,Emergency assembly points must be located 50 m away and identified with green signage.,keyword_only,0.0,1.0,5,43,0.9004301941144494,0.6,0.6,36.33592987060547,"Source: Safety Manual, Chunk 9
SECTION 3: FIRE SAFETY & EVACUATION PROCEDURES
Fire Extinguishers: One every 15 meters; monthly inspection.
Emergency Exits: At least two per zone, clearly marked.
Evacuation Drills: Every 6 months; missed drills require retraining.
Assembly Points: 50 meters from building, marked with green signage.
Never use elevators during evacuation.",False,nan,nan,nan,nan,nan,nan
What are the manual's requirements for emergency assembly locations?,rag,Emergency assembly points must be located 50 m away and identified with green signage.,hybrid_50_50,0.5,0.5,1,46,0.9550810950672322,1.0,0.9775405475336161,35.146339416503906,"Source: Safety Manual, Chunk 12
SECTION 6: FIRST AID AND INCIDENT REPORTING
First Aid Kits must be:
Available every 30 meters.
Checked weekly by a safety officer.
Incident Reports:
Must be submitted within 2 hours using Form WHS-101.
Use the internal safety portal for submission.
Emergency contacts are listed on the main notice board and in Section 9.",False,nan,nan,nan,nan,nan,nan
What are the manual's requirements for emergency assembly locations?,rag,Emergency assembly points must be located 50 m away and identified with green signage.,hybrid_50_50,0.5,0.5,2,47,1.0,0.6,0.8,34.22389602661133,"Source: Safety Manual, Chunk 13
SECTION 7: TRAINING AND CERTIFICATION
Safety Training is required:
Annually for all employees.
Immediately after any safety violation or accident.
Lockout/Tagout procedures must be reviewed every 12 months.


SECTION 8: EMERGENCY CONTACTS
Fire Department: 101
Police: 100
On-site Medical Officer: Ext. 221
Warehouse Safety Lead: Ext. 115",False,nan,nan,nan,nan,nan,nan
What are the manual's requirements for emergency assembly locations?,rag,Emergency assembly points must be located 50 m away and identified with green signage.,hybrid_50_50,0.5,0.5,3,43,0.9004301941144494,0.6,0.7502150970572247,36.33592987060547,"Source: Safety Manual, Chunk 9
SECTION 3: FIRE SAFETY & EVACUATION PROCEDURES
Fire Extinguishers: One every 15 meters; monthly inspection.
Emergency Exits: At least two per zone, clearly marked.
Evacuation Drills: Every 6 months; missed drills require retraining.
Assembly Points: 50 meters from building, marked with green signage.
Never use elevators during evacuation.",False,nan,nan,nan,nan,nan,nan
What are the manual's requirements for emergency assembly locations?,rag,Emergency assembly points must be located 50 m away and identified with green signage.,hybrid_50_50,0.5,0.5,4,36,0.6161000874231983,0.8,0.7080500437115992,44.049354553222656,"Source: Safety Manual, Chunk 2
SECTION 2: INVENTORY HANDLING
-----------------------------
- Use handheld scanners for all inventory movements.
- Report discrepancies immediately to the Inventory Supervisor.
- Damaged goods must be placed in the “Inspection Zone” before tagging.
- Shelves are labeled using alphanumeric codes (e.g., A1-B3).",False,nan,nan,nan,nan,nan,nan
What are the manual's requirements for emergency assembly locations?,rag,Emergency assembly points must be located 50 m away and identified with green signage.,hybrid_50_50,0.5,0.5,5,39,0.5725299373096444,0.6,0.5862649686548222,45.52216339111328,"Source: Safety Manual, Chunk 5
SECTION 5: SECURITY & ACCESS CONTROL
-------------------------------------
- Entry to the warehouse requires ID badge scans.
- All doors auto-lock after 8:00 PM.
- Visitors must be logged in at the front desk and accompanied at all times.
- Security footage is retained for 30 days and reviewed weekly.",False,nan,nan,nan,nan,nan,nan
What are the manual's requirements for emergency assembly locations?,rag,Emergency assembly points must be located 50 m away and identified with green signage.,hybrid_60_40,0.6,0.4,1,46,0.9550810950672322,1.0,0.9730486570403393,35.146339416503906,"Source: Safety Manual, Chunk 12
SECTION 6: FIRST AID AND INCIDENT REPORTING
First Aid Kits must be:
Available every 30 meters.
Checked weekly by a safety officer.
Incident Reports:
Must be submitted within 2 hours using Form WHS-101.
Use the internal safety portal for submission.
Emergency contacts are listed on the main notice board and in Section 9.",False,nan,nan,nan,nan,nan,nan
What are the manual's requirements for emergency assembly locations?,rag,Emergency assembly points must be located 50 m away and identified with green signage.,hybrid_60_40,0.6,0.4,2,47,1.0,0.6,0.84,34.22389602661133,"Source: Safety Manual, Chunk 13
SECTION 7: TRAINING AND CERTIFICATION
Safety Training is required:
Annually for all employees.
Immediately after any safety violation or accident.
Lockout/Tagout procedures must be reviewed every 12 months.


SECTION 8: EMERGENCY CONTACTS
Fire Department: 101
Police: 100
On-site Medical Officer: Ext. 221
Warehouse Safety Lead: Ext. 115",False,nan,nan,nan,nan,nan,nan
What are the manual's requirements for emergency assembly locations?,rag,Emergency assembly points must be located 50 m away and identified with green signage.,hybrid_60_40,0.6,0.4,3,43,0.9004301941144494,0.6,0.7802581164686696,36.33592987060547,"Source: Safety Manual, Chunk 9
SECTION 3: FIRE SAFETY & EVACUATION PROCEDURES
Fire Extinguishers: One every 15 meters; monthly inspection.
Emergency Exits: At least two per zone, clearly marked.
Evacuation Drills: Every 6 months; missed drills require retraining.
Assembly Points: 50 meters from building, marked with green signage.
Never use elevators during evacuation.",False,nan,nan,nan,nan,nan,nan
What are the manual's requirements for emergency assembly locations?,rag,Emergency assembly points must be located 50 m away and identified with green signage.,hybrid_60_40,0.6,0.4,4,36,0.6161000874231983,0.8,0.689660052453919,44.049354553222656,"Source: Safety Manual, Chunk 2
SECTION 2: INVENTORY HANDLING
-----------------------------
- Use handheld scanners for all inventory movements.
- Report discrepancies immediately to the Inventory Supervisor.
- Damaged goods must be placed in the “Inspection Zone” before tagging.
- Shelves are labeled using alphanumeric codes (e.g., A1-B3).",False,nan,nan,nan,nan,nan,nan
What are the manual's requirements for emergency assembly locations?,rag,Emergency assembly points must be located 50 m away and identified with green signage.,hybrid_60_40,0.6,0.4,5,39,0.5725299373096444,0.6,0.5835179623857867,45.52216339111328,"Source: Safety Manual, Chunk 5
SECTION 5: SECURITY & ACCESS CONTROL
-------------------------------------
- Entry to the warehouse requires ID badge scans.
- All doors auto-lock after 8:00 PM.
- Visitors must be logged in at the front desk and accompanied at all times.
- Security footage is retained for 30 days and reviewed weekly.",False,nan,nan,nan,nan,nan,nan
What are the manual's requirements for emergency assembly locations?,rag,Emergency assembly points must be located 50 m away and identified with green signage.,hybrid_70_30,0.7,0.3,1,46,0.9550810950672322,1.0,0.9685567665470625,35.146339416503906,"Source: Safety Manual, Chunk 12
SECTION 6: FIRST AID AND INCIDENT REPORTING
First Aid Kits must be:
Available every 30 meters.
Checked weekly by a safety officer.
Incident Reports:
Must be submitted within 2 hours using Form WHS-101.
Use the internal safety portal for submission.
Emergency contacts are listed on the main notice board and in Section 9.",False,nan,nan,nan,nan,nan,nan
What are the manual's requirements for emergency assembly locations?,rag,Emergency assembly points must be located 50 m away and identified with green signage.,hybrid_70_30,0.7,0.3,2,47,1.0,0.6,0.8799999999999999,34.22389602661133,"Source: Safety Manual, Chunk 13
SECTION 7: TRAINING AND CERTIFICATION
Safety Training is required:
Annually for all employees.
Immediately after any safety violation or accident.
Lockout/Tagout procedures must be reviewed every 12 months.


SECTION 8: EMERGENCY CONTACTS
Fire Department: 101
Police: 100
On-site Medical Officer: Ext. 221
Warehouse Safety Lead: Ext. 115",False,nan,nan,nan,nan,nan,nan
What are the manual's requirements for emergency assembly locations?,rag,Emergency assembly points must be located 50 m away and identified with green signage.,hybrid_70_30,0.7,0.3,3,43,0.9004301941144494,0.6,0.8103011358801144,36.33592987060547,"Source: Safety Manual, Chunk 9
SECTION 3: FIRE SAFETY & EVACUATION PROCEDURES
Fire Extinguishers: One every 15 meters; monthly inspection.
Emergency Exits: At least two per zone, clearly marked.
Evacuation Drills: Every 6 months; missed drills require retraining.
Assembly Points: 50 meters from building, marked with green signage.
Never use elevators during evacuation.",False,nan,nan,nan,nan,nan,nan
What are the manual's requirements for emergency assembly locations?,rag,Emergency assembly points must be located 50 m away and identified with green signage.,hybrid_70_30,0.7,0.3,4,36,0.6161000874231983,0.8,0.6712700611962388,44.049354553222656,"Source: Safety Manual, Chunk 2
SECTION 2: INVENTORY HANDLING
-----------------------------
- Use handheld scanners for all inventory movements.
- Report discrepancies immediately to the Inventory Supervisor.
- Damaged goods must be placed in the “Inspection Zone” before tagging.
- Shelves are labeled using alphanumeric codes (e.g., A1-B3).",False,nan,nan,nan,nan,nan,nan
What are the manual's requirements for emergency assembly locations?,rag,Emergency assembly points must be located 50 m away and identified with green signage.,hybrid_70_30,0.7,0.3,5,39,0.5725299373096444,0.6,0.5807709561167511,45.52216339111328,"Source: Safety Manual, Chunk 5
SECTION 5: SECURITY & ACCESS CONTROL
-------------------------------------
- Entry to the warehouse requires ID badge scans.
- All doors auto-lock after 8:00 PM.
- Visitors must be logged in at the front desk and accompanied at all times.
- Security footage is retained for 30 days and reviewed weekly.",False,nan,nan,nan,nan,nan,nan
What are the manual's requirements for emergency assembly locations?,rag,Emergency assembly points must be located 50 m away and identified with green signage.,hybrid_80_20,0.8,0.2,1,46,0.9550810950672322,1.0,0.9640648760537858,35.146339416503906,"Source: Safety Manual, Chunk 12
SECTION 6: FIRST AID AND INCIDENT REPORTING
First Aid Kits must be:
Available every 30 meters.
Checked weekly by a safety officer.
Incident Reports:
Must be submitted within 2 hours using Form WHS-101.
Use the internal safety portal for submission.
Emergency contacts are listed on the main notice board and in Section 9.",False,nan,nan,nan,nan,nan,nan
What are the manual's requirements for emergency assembly locations?,rag,Emergency assembly points must be located 50 m away and identified with green signage.,hybrid_80_20,0.8,0.2,2,47,1.0,0.6,0.92,34.22389602661133,"Source: Safety Manual, Chunk 13
SECTION 7: TRAINING AND CERTIFICATION
Safety Training is required:
Annually for all employees.
Immediately after any safety violation or accident.
Lockout/Tagout procedures must be reviewed every 12 months.


SECTION 8: EMERGENCY CONTACTS
Fire Department: 101
Police: 100
On-site Medical Officer: Ext. 221
Warehouse Safety Lead: Ext. 115",False,nan,nan,nan,nan,nan,nan
What are the manual's requirements for emergency assembly locations?,rag,Emergency assembly points must be located 50 m away and identified with green signage.,hybrid_80_20,0.8,0.2,3,43,0.9004301941144494,0.6,0.8403441552915595,36.33592987060547,"Source: Safety Manual, Chunk 9
SECTION 3: FIRE SAFETY & EVACUATION PROCEDURES
Fire Extinguishers: One every 15 meters; monthly inspection.
Emergency Exits: At least two per zone, clearly marked.
Evacuation Drills: Every 6 months; missed drills require retraining.
Assembly Points: 50 meters from building, marked with green signage.
Never use elevators during evacuation.",False,nan,nan,nan,nan,nan,nan
What are the manual's requirements for emergency assembly locations?,rag,Emergency assembly points must be located 50 m away and identified with green signage.,hybrid_80_20,0.8,0.2,4,36,0.6161000874231983,0.8,0.6528800699385587,44.049354553222656,"Source: Safety Manual, Chunk 2
SECTION 2: INVENTORY HANDLING
-----------------------------
- Use handheld scanners for all inventory movements.
- Report discrepancies immediately to the Inventory Supervisor.
- Damaged goods must be placed in the “Inspection Zone” before tagging.
- Shelves are labeled using alphanumeric codes (e.g., A1-B3).",False,nan,nan,nan,nan,nan,nan
What are the manual's requirements for emergency assembly locations?,rag,Emergency assembly points must be located 50 m away and identified with green signage.,hybrid_80_20,0.8,0.2,5,39,0.5725299373096444,0.6,0.5780239498477155,45.52216339111328,"Source: Safety Manual, Chunk 5
SECTION 5: SECURITY & ACCESS CONTROL
-------------------------------------
- Entry to the warehouse requires ID badge scans.
- All doors auto-lock after 8:00 PM.
- Visitors must be logged in at the front desk and accompanied at all times.
- Security footage is retained for 30 days and reviewed weekly.",False,nan,nan,nan,nan,nan,nan
What reporting steps apply to an injury under the current 2025 procedure?,rag,"Under the 2025 procedure, an injury/incident must be reported within 2 hours using Form WHS-101 through the internal portal.",semantic_only,1.0,0.0,1,40,1.0,1.0,1.0,25.61969757080078,"Source: Safety Manual, Chunk 6
SECTION 6: INCIDENT REPORTING & FEEDBACK
----------------------------------------
- Any injuries, equipment damage, or process violations must be reported within 1 hour.
- Use Form WHS-207 and submit to the Shift Supervisor.
- Anonymous feedback can be left in the box outside Room B-2 or submitted via the internal portal.",False,nan,nan,nan,nan,nan,nan
What reporting steps apply to an injury under the current 2025 procedure?,rag,"Under the 2025 procedure, an injury/incident must be reported within 2 hours using Form WHS-101 through the internal portal.",semantic_only,1.0,0.0,2,47,0.7122290510831616,0.0,0.7122290510831616,31.61958885192871,"Source: Safety Manual, Chunk 13
SECTION 7: TRAINING AND CERTIFICATION
Safety Training is required:
Annually for all employees.
Immediately after any safety violation or accident.
Lockout/Tagout procedures must be reviewed every 12 months.


SECTION 8: EMERGENCY CONTACTS
Fire Department: 101
Police: 100
On-site Medical Officer: Ext. 221
Warehouse Safety Lead: Ext. 115",False,nan,nan,nan,nan,nan,nan
What reporting steps apply to an injury under the current 2025 procedure?,rag,"Under the 2025 procedure, an injury/incident must be reported within 2 hours using Form WHS-101 through the internal portal.",semantic_only,1.0,0.0,3,46,0.650087725674091,0.6666666666666666,0.650087725674091,33.288455963134766,"Source: Safety Manual, Chunk 12
SECTION 6: FIRST AID AND INCIDENT REPORTING
First Aid Kits must be:
Available every 30 meters.
Checked weekly by a safety officer.
Incident Reports:
Must be submitted within 2 hours using Form WHS-101.
Use the internal safety portal for submission.
Emergency contacts are listed on the main notice board and in Section 9.",False,nan,nan,nan,nan,nan,nan
What reporting steps apply to an injury under the current 2025 procedure?,rag,"Under the 2025 procedure, an injury/incident must be reported within 2 hours using Form WHS-101 through the internal portal.",semantic_only,1.0,0.0,4,37,0.49529400953259867,0.6666666666666666,0.49529400953259867,38.29652404785156,"Source: Safety Manual, Chunk 3
SECTION 3: EQUIPMENT USAGE & MAINTENANCE
----------------------------------------
- Pallet jacks and forklifts must be returned to charging docks after shift.
- Battery water levels should be checked every Monday morning.
- Only trained staff may operate powered equipment (see list in Appendix A).
- Monthly maintenance logs must be filled by the Maintenance Lead.",False,nan,nan,nan,nan,nan,nan
What reporting steps apply to an injury under the current 2025 procedure?,rag,"Under the 2025 procedure, an injury/incident must be reported within 2 hours using Form WHS-101 through the internal portal.",semantic_only,1.0,0.0,5,43,0.43121938910163365,0.0,0.43121938910163365,40.825199127197266,"Source: Safety Manual, Chunk 9
SECTION 3: FIRE SAFETY & EVACUATION PROCEDURES
Fire Extinguishers: One every 15 meters; monthly inspection.
Emergency Exits: At least two per zone, clearly marked.
Evacuation Drills: Every 6 months; missed drills require retraining.
Assembly Points: 50 meters from building, marked with green signage.
Never use elevators during evacuation.",False,nan,nan,nan,nan,nan,nan
What reporting steps apply to an injury under the current 2025 procedure?,rag,"Under the 2025 procedure, an injury/incident must be reported within 2 hours using Form WHS-101 through the internal portal.",keyword_only,0.0,1.0,1,40,1.0,1.0,1.0,25.61969757080078,"Source: Safety Manual, Chunk 6
SECTION 6: INCIDENT REPORTING & FEEDBACK
----------------------------------------
- Any injuries, equipment damage, or process violations must be reported within 1 hour.
- Use Form WHS-207 and submit to the Shift Supervisor.
- Anonymous feedback can be left in the box outside Room B-2 or submitted via the internal portal.",False,nan,nan,nan,nan,nan,nan
What reporting steps apply to an injury under the current 2025 procedure?,rag,"Under the 2025 procedure, an injury/incident must be reported within 2 hours using Form WHS-101 through the internal portal.",keyword_only,0.0,1.0,2,36,0.4094376303873864,0.6666666666666666,0.6666666666666666,41.760581970214844,"Source: Safety Manual, Chunk 2
SECTION 2: INVENTORY HANDLING
-----------------------------
- Use handheld scanners for all inventory movements.
- Report discrepancies immediately to the Inventory Supervisor.
- Damaged goods must be placed in the “Inspection Zone” before tagging.
- Shelves are labeled using alphanumeric codes (e.g., A1-B3).",False,nan,nan,nan,nan,nan,nan
What reporting steps apply to an injury under the current 2025 procedure?,rag,"Under the 2025 procedure, an injury/incident must be reported within 2 hours using Form WHS-101 through the internal portal.",keyword_only,0.0,1.0,3,37,0.49529400953259867,0.6666666666666666,0.6666666666666666,38.29652404785156,"Source: Safety Manual, Chunk 3
SECTION 3: EQUIPMENT USAGE & MAINTENANCE
----------------------------------------
- Pallet jacks and forklifts must be returned to charging docks after shift.
- Battery water levels should be checked every Monday morning.
- Only trained staff may operate powered equipment (see list in Appendix A).
- Monthly maintenance logs must be filled by the Maintenance Lead.",False,nan,nan,nan,nan,nan,nan
What reporting steps apply to an injury under the current 2025 procedure?,rag,"Under the 2025 procedure, an injury/incident must be reported within 2 hours using Form WHS-101 through the internal portal.",keyword_only,0.0,1.0,4,39,0.32357202837665666,0.6666666666666666,0.6666666666666666,45.894893646240234,"Source: Safety Manual, Chunk 5
SECTION 5: SECURITY & ACCESS CONTROL
-------------------------------------
- Entry to the warehouse requires ID badge scans.
- All doors auto-lock after 8:00 PM.
- Visitors must be logged in at the front desk and accompanied at all times.
- Security footage is retained for 30 days and reviewed weekly.",False,nan,nan,nan,nan,nan,nan
What reporting steps apply to an injury under the current 2025 procedure?,rag,"Under the 2025 procedure, an injury/incident must be reported within 2 hours using Form WHS-101 through the internal portal.",keyword_only,0.0,1.0,5,46,0.650087725674091,0.6666666666666666,0.6666666666666666,33.288455963134766,"Source: Safety Manual, Chunk 12
SECTION 6: FIRST AID AND INCIDENT REPORTING
First Aid Kits must be:
Available every 30 meters.
Checked weekly by a safety officer.
Incident Reports:
Must be submitted within 2 hours using Form WHS-101.
Use the internal safety portal for submission.
Emergency contacts are listed on the main notice board and in Section 9.",False,nan,nan,nan,nan,nan,nan
What reporting steps apply to an injury under the current 2025 procedure?,rag,"Under the 2025 procedure, an injury/incident must be reported within 2 hours using Form WHS-101 through the internal portal.",hybrid_50_50,0.5,0.5,1,40,1.0,1.0,1.0,25.61969757080078,"Source: Safety Manual, Chunk 6
SECTION 6: INCIDENT REPORTING & FEEDBACK
----------------------------------------
- Any injuries, equipment damage, or process violations must be reported within 1 hour.
- Use Form WHS-207 and submit to the Shift Supervisor.
- Anonymous feedback can be left in the box outside Room B-2 or submitted via the internal portal.",False,nan,nan,nan,nan,nan,nan
What reporting steps apply to an injury under the current 2025 procedure?,rag,"Under the 2025 procedure, an injury/incident must be reported within 2 hours using Form WHS-101 through the internal portal.",hybrid_50_50,0.5,0.5,2,46,0.650087725674091,0.6666666666666666,0.6583771961703788,33.288455963134766,"Source: Safety Manual, Chunk 12
SECTION 6: FIRST AID AND INCIDENT REPORTING
First Aid Kits must be:
Available every 30 meters.
Checked weekly by a safety officer.
Incident Reports:
Must be submitted within 2 hours using Form WHS-101.
Use the internal safety portal for submission.
Emergency contacts are listed on the main notice board and in Section 9.",False,nan,nan,nan,nan,nan,nan
What reporting steps apply to an injury under the current 2025 procedure?,rag,"Under the 2025 procedure, an injury/incident must be reported within 2 hours using Form WHS-101 through the internal portal.",hybrid_50_50,0.5,0.5,3,37,0.49529400953259867,0.6666666666666666,0.5809803380996327,38.29652404785156,"Source: Safety Manual, Chunk 3
SECTION 3: EQUIPMENT USAGE & MAINTENANCE
----------------------------------------
- Pallet jacks and forklifts must be returned to charging docks after shift.
- Battery water levels should be checked every Monday morning.
- Only trained staff may operate powered equipment (see list in Appendix A).
- Monthly maintenance logs must be filled by the Maintenance Lead.",False,nan,nan,nan,nan,nan,nan
What reporting steps apply to an injury under the current 2025 procedure?,rag,"Under the 2025 procedure, an injury/incident must be reported within 2 hours using Form WHS-101 through the internal portal.",hybrid_50_50,0.5,0.5,4,36,0.4094376303873864,0.6666666666666666,0.5380521485270265,41.760581970214844,"Source: Safety Manual, Chunk 2
SECTION 2: INVENTORY HANDLING
-----------------------------
- Use handheld scanners for all inventory movements.
- Report discrepancies immediately to the Inventory Supervisor.
- Damaged goods must be placed in the “Inspection Zone” before tagging.
- Shelves are labeled using alphanumeric codes (e.g., A1-B3).",False,nan,nan,nan,nan,nan,nan
What reporting steps apply to an injury under the current 2025 procedure?,rag,"Under the 2025 procedure, an injury/incident must be reported within 2 hours using Form WHS-101 through the internal portal.",hybrid_50_50,0.5,0.5,5,39,0.32357202837665666,0.6666666666666666,0.49511934752166165,45.894893646240234,"Source: Safety Manual, Chunk 5
SECTION 5: SECURITY & ACCESS CONTROL
-------------------------------------
- Entry to the warehouse requires ID badge scans.
- All doors auto-lock after 8:00 PM.
- Visitors must be logged in at the front desk and accompanied at all times.
- Security footage is retained for 30 days and reviewed weekly.",False,nan,nan,nan,nan,nan,nan
What reporting steps apply to an injury under the current 2025 procedure?,rag,"Under the 2025 procedure, an injury/incident must be reported within 2 hours using Form WHS-101 through the internal portal.",hybrid_60_40,0.6,0.4,1,40,1.0,1.0,1.0,25.61969757080078,"Source: Safety Manual, Chunk 6
SECTION 6: INCIDENT REPORTING & FEEDBACK
----------------------------------------
- Any injuries, equipment damage, or process violations must be reported within 1 hour.
- Use Form WHS-207 and submit to the Shift Supervisor.
- Anonymous feedback can be left in the box outside Room B-2 or submitted via the internal portal.",False,nan,nan,nan,nan,nan,nan
What reporting steps apply to an injury under the current 2025 procedure?,rag,"Under the 2025 procedure, an injury/incident must be reported within 2 hours using Form WHS-101 through the internal portal.",hybrid_60_40,0.6,0.4,2,46,0.650087725674091,0.6666666666666666,0.6567193020711213,33.288455963134766,"Source: Safety Manual, Chunk 12
SECTION 6: FIRST AID AND INCIDENT REPORTING
First Aid Kits must be:
Available every 30 meters.
Checked weekly by a safety officer.
Incident Reports:
Must be submitted within 2 hours using Form WHS-101.
Use the internal safety portal for submission.
Emergency contacts are listed on the main notice board and in Section 9.",False,nan,nan,nan,nan,nan,nan
What reporting steps apply to an injury under the current 2025 procedure?,rag,"Under the 2025 procedure, an injury/incident must be reported within 2 hours using Form WHS-101 through the internal portal.",hybrid_60_40,0.6,0.4,3,37,0.49529400953259867,0.6666666666666666,0.5638430723862258,38.29652404785156,"Source: Safety Manual, Chunk 3
SECTION 3: EQUIPMENT USAGE & MAINTENANCE
----------------------------------------
- Pallet jacks and forklifts must be returned to charging docks after shift.
- Battery water levels should be checked every Monday morning.
- Only trained staff may operate powered equipment (see list in Appendix A).
- Monthly maintenance logs must be filled by the Maintenance Lead.",False,nan,nan,nan,nan,nan,nan
What reporting steps apply to an injury under the current 2025 procedure?,rag,"Under the 2025 procedure, an injury/incident must be reported within 2 hours using Form WHS-101 through the internal portal.",hybrid_60_40,0.6,0.4,4,36,0.4094376303873864,0.6666666666666666,0.5123292448990985,41.760581970214844,"Source: Safety Manual, Chunk 2
SECTION 2: INVENTORY HANDLING
-----------------------------
- Use handheld scanners for all inventory movements.
- Report discrepancies immediately to the Inventory Supervisor.
- Damaged goods must be placed in the “Inspection Zone” before tagging.
- Shelves are labeled using alphanumeric codes (e.g., A1-B3).",False,nan,nan,nan,nan,nan,nan
What reporting steps apply to an injury under the current 2025 procedure?,rag,"Under the 2025 procedure, an injury/incident must be reported within 2 hours using Form WHS-101 through the internal portal.",hybrid_60_40,0.6,0.4,5,39,0.32357202837665666,0.6666666666666666,0.4608098836926606,45.894893646240234,"Source: Safety Manual, Chunk 5
SECTION 5: SECURITY & ACCESS CONTROL
-------------------------------------
- Entry to the warehouse requires ID badge scans.
- All doors auto-lock after 8:00 PM.
- Visitors must be logged in at the front desk and accompanied at all times.
- Security footage is retained for 30 days and reviewed weekly.",False,nan,nan,nan,nan,nan,nan
What reporting steps apply to an injury under the current 2025 procedure?,rag,"Under the 2025 procedure, an injury/incident must be reported within 2 hours using Form WHS-101 through the internal portal.",hybrid_70_30,0.7,0.3,1,40,1.0,1.0,1.0,25.61969757080078,"Source: Safety Manual, Chunk 6
SECTION 6: INCIDENT REPORTING & FEEDBACK
----------------------------------------
- Any injuries, equipment damage, or process violations must be reported within 1 hour.
- Use Form WHS-207 and submit to the Shift Supervisor.
- Anonymous feedback can be left in the box outside Room B-2 or submitted via the internal portal.",False,nan,nan,nan,nan,nan,nan
What reporting steps apply to an injury under the current 2025 procedure?,rag,"Under the 2025 procedure, an injury/incident must be reported within 2 hours using Form WHS-101 through the internal portal.",hybrid_70_30,0.7,0.3,2,46,0.650087725674091,0.6666666666666666,0.6550614079718636,33.288455963134766,"Source: Safety Manual, Chunk 12
SECTION 6: FIRST AID AND INCIDENT REPORTING
First Aid Kits must be:
Available every 30 meters.
Checked weekly by a safety officer.
Incident Reports:
Must be submitted within 2 hours using Form WHS-101.
Use the internal safety portal for submission.
Emergency contacts are listed on the main notice board and in Section 9.",False,nan,nan,nan,nan,nan,nan
What reporting steps apply to an injury under the current 2025 procedure?,rag,"Under the 2025 procedure, an injury/incident must be reported within 2 hours using Form WHS-101 through the internal portal.",hybrid_70_30,0.7,0.3,3,37,0.49529400953259867,0.6666666666666666,0.546705806672819,38.29652404785156,"Source: Safety Manual, Chunk 3
SECTION 3: EQUIPMENT USAGE & MAINTENANCE
----------------------------------------
- Pallet jacks and forklifts must be returned to charging docks after shift.
- Battery water levels should be checked every Monday morning.
- Only trained staff may operate powered equipment (see list in Appendix A).
- Monthly maintenance logs must be filled by the Maintenance Lead.",False,nan,nan,nan,nan,nan,nan
What reporting steps apply to an injury under the current 2025 procedure?,rag,"Under the 2025 procedure, an injury/incident must be reported within 2 hours using Form WHS-101 through the internal portal.",hybrid_70_30,0.7,0.3,4,47,0.7122290510831616,0.0,0.49856033575821307,31.61958885192871,"Source: Safety Manual, Chunk 13
SECTION 7: TRAINING AND CERTIFICATION
Safety Training is required:
Annually for all employees.
Immediately after any safety violation or accident.
Lockout/Tagout procedures must be reviewed every 12 months.


SECTION 8: EMERGENCY CONTACTS
Fire Department: 101
Police: 100
On-site Medical Officer: Ext. 221
Warehouse Safety Lead: Ext. 115",False,nan,nan,nan,nan,nan,nan
What reporting steps apply to an injury under the current 2025 procedure?,rag,"Under the 2025 procedure, an injury/incident must be reported within 2 hours using Form WHS-101 through the internal portal.",hybrid_70_30,0.7,0.3,5,36,0.4094376303873864,0.6666666666666666,0.4866063412711704,41.760581970214844,"Source: Safety Manual, Chunk 2
SECTION 2: INVENTORY HANDLING
-----------------------------
- Use handheld scanners for all inventory movements.
- Report discrepancies immediately to the Inventory Supervisor.
- Damaged goods must be placed in the “Inspection Zone” before tagging.
- Shelves are labeled using alphanumeric codes (e.g., A1-B3).",False,nan,nan,nan,nan,nan,nan
What reporting steps apply to an injury under the current 2025 procedure?,rag,"Under the 2025 procedure, an injury/incident must be reported within 2 hours using Form WHS-101 through the internal portal.",hybrid_80_20,0.8,0.2,1,40,1.0,1.0,1.0,25.61969757080078,"Source: Safety Manual, Chunk 6
SECTION 6: INCIDENT REPORTING & FEEDBACK
----------------------------------------
- Any injuries, equipment damage, or process violations must be reported within 1 hour.
- Use Form WHS-207 and submit to the Shift Supervisor.
- Anonymous feedback can be left in the box outside Room B-2 or submitted via the internal portal.",False,nan,nan,nan,nan,nan,nan
What reporting steps apply to an injury under the current 2025 procedure?,rag,"Under the 2025 procedure, an injury/incident must be reported within 2 hours using Form WHS-101 through the internal portal.",hybrid_80_20,0.8,0.2,2,46,0.650087725674091,0.6666666666666666,0.6534035138726061,33.288455963134766,"Source: Safety Manual, Chunk 12
SECTION 6: FIRST AID AND INCIDENT REPORTING
First Aid Kits must be:
Available every 30 meters.
Checked weekly by a safety officer.
Incident Reports:
Must be submitted within 2 hours using Form WHS-101.
Use the internal safety portal for submission.
Emergency contacts are listed on the main notice board and in Section 9.",False,nan,nan,nan,nan,nan,nan
What reporting steps apply to an injury under the current 2025 procedure?,rag,"Under the 2025 procedure, an injury/incident must be reported within 2 hours using Form WHS-101 through the internal portal.",hybrid_80_20,0.8,0.2,3,47,0.7122290510831616,0.0,0.5697832408665293,31.61958885192871,"Source: Safety Manual, Chunk 13
SECTION 7: TRAINING AND CERTIFICATION
Safety Training is required:
Annually for all employees.
Immediately after any safety violation or accident.
Lockout/Tagout procedures must be reviewed every 12 months.


SECTION 8: EMERGENCY CONTACTS
Fire Department: 101
Police: 100
On-site Medical Officer: Ext. 221
Warehouse Safety Lead: Ext. 115",False,nan,nan,nan,nan,nan,nan
What reporting steps apply to an injury under the current 2025 procedure?,rag,"Under the 2025 procedure, an injury/incident must be reported within 2 hours using Form WHS-101 through the internal portal.",hybrid_80_20,0.8,0.2,4,37,0.49529400953259867,0.6666666666666666,0.5295685409594123,38.29652404785156,"Source: Safety Manual, Chunk 3
SECTION 3: EQUIPMENT USAGE & MAINTENANCE
----------------------------------------
- Pallet jacks and forklifts must be returned to charging docks after shift.
- Battery water levels should be checked every Monday morning.
- Only trained staff may operate powered equipment (see list in Appendix A).
- Monthly maintenance logs must be filled by the Maintenance Lead.",False,nan,nan,nan,nan,nan,nan
What reporting steps apply to an injury under the current 2025 procedure?,rag,"Under the 2025 procedure, an injury/incident must be reported within 2 hours using Form WHS-101 through the internal portal.",hybrid_80_20,0.8,0.2,5,36,0.4094376303873864,0.6666666666666666,0.46088343764324247,41.760581970214844,"Source: Safety Manual, Chunk 2
SECTION 2: INVENTORY HANDLING
-----------------------------
- Use handheld scanners for all inventory movements.
- Report discrepancies immediately to the Inventory Supervisor.
- Damaged goods must be placed in the “Inspection Zone” before tagging.
- Shelves are labeled using alphanumeric codes (e.g., A1-B3).",False,nan,nan,nan,nan,nan,nan
What does the manual require after a safety violation?,rag,Additional safety training is required after a safety violation or accident; routine safety training is also conducted annually.,semantic_only,1.0,0.0,1,40,1.0,0.6,1.0,28.92461395263672,"Source: Safety Manual, Chunk 6
SECTION 6: INCIDENT REPORTING & FEEDBACK
----------------------------------------
- Any injuries, equipment damage, or process violations must be reported within 1 hour.
- Use Form WHS-207 and submit to the Shift Supervisor.
- Anonymous feedback can be left in the box outside Room B-2 or submitted via the internal portal.",False,nan,nan,nan,nan,nan,nan
What does the manual require after a safety violation?,rag,Additional safety training is required after a safety violation or accident; routine safety training is also conducted annually.,semantic_only,1.0,0.0,2,47,0.9892175156332511,0.7999999999999999,0.9892175156332511,29.123554229736328,"Source: Safety Manual, Chunk 13
SECTION 7: TRAINING AND CERTIFICATION
Safety Training is required:
Annually for all employees.
Immediately after any safety violation or accident.
Lockout/Tagout procedures must be reviewed every 12 months.


SECTION 8: EMERGENCY CONTACTS
Fire Department: 101
Police: 100
On-site Medical Officer: Ext. 221
Warehouse Safety Lead: Ext. 115",False,nan,nan,nan,nan,nan,nan
What does the manual require after a safety violation?,rag,Additional safety training is required after a safety violation or accident; routine safety training is also conducted annually.,semantic_only,1.0,0.0,3,42,0.892668759138391,0.39999999999999997,0.892668759138391,31.030254364013672,"Source: Safety Manual, Chunk 8
SECTION 2: PERSONAL PROTECTIVE EQUIPMENT (PPE)
Safety Helmets – Required at all times inside loading areas.
High-Visibility Vests – Fluorescent yellow or orange with reflective stripes.
Steel-Toed Boots – Must conform to ISO 20345:2011.
Cut-Resistant Gloves – Mandatory when handling sharp materials.
Hearing Protection – Required in areas above 85 dB",False,nan,nan,nan,nan,nan,nan
What does the manual require after a safety violation?,rag,Additional safety training is required after a safety violation or accident; routine safety training is also conducted annually.,semantic_only,1.0,0.0,4,36,0.7270825391161959,0.6,0.7270825391161959,34.93075180053711,"Source: Safety Manual, Chunk 2
SECTION 2: INVENTORY HANDLING
-----------------------------
- Use handheld scanners for all inventory movements.
- Report discrepancies immediately to the Inventory Supervisor.
- Damaged goods must be placed in the “Inspection Zone” before tagging.
- Shelves are labeled using alphanumeric codes (e.g., A1-B3).",False,nan,nan,nan,nan,nan,nan
What does the manual require after a safety violation?,rag,Additional safety training is required after a safety violation or accident; routine safety training is also conducted annually.,semantic_only,1.0,0.0,5,46,0.6873203717103936,0.7999999999999999,0.6873203717103936,36.013084411621094,"Source: Safety Manual, Chunk 12
SECTION 6: FIRST AID AND INCIDENT REPORTING
First Aid Kits must be:
Available every 30 meters.
Checked weekly by a safety officer.
Incident Reports:
Must be submitted within 2 hours using Form WHS-101.
Use the internal safety portal for submission.
Emergency contacts are listed on the main notice board and in Section 9.",False,nan,nan,nan,nan,nan,nan
What does the manual require after a safety violation?,rag,Additional safety training is required after a safety violation or accident; routine safety training is also conducted annually.,keyword_only,0.0,1.0,1,37,0.6668568032890592,1.0,1.0,36.59592056274414,"Source: Safety Manual, Chunk 3
SECTION 3: EQUIPMENT USAGE & MAINTENANCE
----------------------------------------
- Pallet jacks and forklifts must be returned to charging docks after shift.
- Battery water levels should be checked every Monday morning.
- Only trained staff may operate powered equipment (see list in Appendix A).
- Monthly maintenance logs must be filled by the Maintenance Lead.",False,nan,nan,nan,nan,nan,nan
What does the manual require after a safety violation?,rag,Additional safety training is required after a safety violation or accident; routine safety training is also conducted annually.,keyword_only,0.0,1.0,2,39,0.6195718954261809,0.7999999999999999,0.7999999999999999,38.015533447265625,"Source: Safety Manual, Chunk 5
SECTION 5: SECURITY & ACCESS CONTROL
-------------------------------------
- Entry to the warehouse requires ID badge scans.
- All doors auto-lock after 8:00 PM.
- Visitors must be logged in at the front desk and accompanied at all times.
- Security footage is retained for 30 days and reviewed weekly.",False,nan,nan,nan,nan,nan,nan
What does the manual require after a safety violation?,rag,Additional safety training is required after a safety violation or accident; routine safety training is also conducted annually.,keyword_only,0.0,1.0,3,44,0.5431529884374409,0.7999999999999999,0.7999999999999999,40.55119323730469,"Source: Safety Manual, Chunk 10
SECTION 4: VISITOR PROTOCOL
All visitors must sign in at the security desk and wear visitor badges.
Visitors must be escorted by a warehouse employee at all times.
PPE is required for visitors entering the warehouse floor.
Visits should be scheduled at least 24 hours in advance.",False,nan,nan,nan,nan,nan,nan
What does the manual require after a safety violation?,rag,Additional safety training is required after a safety violation or accident; routine safety training is also conducted annually.,keyword_only,0.0,1.0,4,46,0.6873203717103936,0.7999999999999999,0.7999999999999999,36.013084411621094,"Source: Safety Manual, Chunk 12
SECTION 6: FIRST AID AND INCIDENT REPORTING
First Aid Kits must be:
Available every 30 meters.
Checked weekly by a safety officer.
Incident Reports:
Must be submitted within 2 hours using Form WHS-101.
Use the internal safety portal for submission.
Emergency contacts are listed on the main notice board and in Section 9.",False,nan,nan,nan,nan,nan,nan
What does the manual require after a safety violation?,rag,Additional safety training is required after a safety violation or accident; routine safety training is also conducted annually.,keyword_only,0.0,1.0,5,47,0.9892175156332511,0.7999999999999999,0.7999999999999999,29.123554229736328,"Source: Safety Manual, Chunk 13
SECTION 7: TRAINING AND CERTIFICATION
Safety Training is required:
Annually for all employees.
Immediately after any safety violation or accident.
Lockout/Tagout procedures must be reviewed every 12 months.


SECTION 8: EMERGENCY CONTACTS
Fire Department: 101
Police: 100
On-site Medical Officer: Ext. 221
Warehouse Safety Lead: Ext. 115",False,nan,nan,nan,nan,nan,nan
What does the manual require after a safety violation?,rag,Additional safety training is required after a safety violation or accident; routine safety training is also conducted annually.,hybrid_50_50,0.5,0.5,1,47,0.9892175156332511,0.7999999999999999,0.8946087578166255,29.123554229736328,"Source: Safety Manual, Chunk 13
SECTION 7: TRAINING AND CERTIFICATION
Safety Training is required:
Annually for all employees.
Immediately after any safety violation or accident.
Lockout/Tagout procedures must be reviewed every 12 months.


SECTION 8: EMERGENCY CONTACTS
Fire Department: 101
Police: 100
On-site Medical Officer: Ext. 221
Warehouse Safety Lead: Ext. 115",False,nan,nan,nan,nan,nan,nan
What does the manual require after a safety violation?,rag,Additional safety training is required after a safety violation or accident; routine safety training is also conducted annually.,hybrid_50_50,0.5,0.5,2,37,0.6668568032890592,1.0,0.8334284016445296,36.59592056274414,"Source: Safety Manual, Chunk 3
SECTION 3: EQUIPMENT USAGE & MAINTENANCE
----------------------------------------
- Pallet jacks and forklifts must be returned to charging docks after shift.
- Battery water levels should be checked every Monday morning.
- Only trained staff may operate powered equipment (see list in Appendix A).
- Monthly maintenance logs must be filled by the Maintenance Lead.",False,nan,nan,nan,nan,nan,nan
What does the manual require after a safety violation?,rag,Additional safety training is required after a safety violation or accident; routine safety training is also conducted annually.,hybrid_50_50,0.5,0.5,3,40,1.0,0.6,0.8,28.92461395263672,"Source: Safety Manual, Chunk 6
SECTION 6: INCIDENT REPORTING & FEEDBACK
----------------------------------------
- Any injuries, equipment damage, or process violations must be reported within 1 hour.
- Use Form WHS-207 and submit to the Shift Supervisor.
- Anonymous feedback can be left in the box outside Room B-2 or submitted via the internal portal.",False,nan,nan,nan,nan,nan,nan
What does the manual require after a safety violation?,rag,Additional safety training is required after a safety violation or accident; routine safety training is also conducted annually.,hybrid_50_50,0.5,0.5,4,46,0.6873203717103936,0.7999999999999999,0.7436601858551968,36.013084411621094,"Source: Safety Manual, Chunk 12
SECTION 6: FIRST AID AND INCIDENT REPORTING
First Aid Kits must be:
Available every 30 meters.
Checked weekly by a safety officer.
Incident Reports:
Must be submitted within 2 hours using Form WHS-101.
Use the internal safety portal for submission.
Emergency contacts are listed on the main notice board and in Section 9.",False,nan,nan,nan,nan,nan,nan
What does the manual require after a safety violation?,rag,Additional safety training is required after a safety violation or accident; routine safety training is also conducted annually.,hybrid_50_50,0.5,0.5,5,39,0.6195718954261809,0.7999999999999999,0.7097859477130903,38.015533447265625,"Source: Safety Manual, Chunk 5
SECTION 5: SECURITY & ACCESS CONTROL
-------------------------------------
- Entry to the warehouse requires ID badge scans.
- All doors auto-lock after 8:00 PM.
- Visitors must be logged in at the front desk and accompanied at all times.
- Security footage is retained for 30 days and reviewed weekly.",False,nan,nan,nan,nan,nan,nan
What does the manual require after a safety violation?,rag,Additional safety training is required after a safety violation or accident; routine safety training is also conducted annually.,hybrid_60_40,0.6,0.4,1,47,0.9892175156332511,0.7999999999999999,0.9135305093799506,29.123554229736328,"Source: Safety Manual, Chunk 13
SECTION 7: TRAINING AND CERTIFICATION
Safety Training is required:
Annually for all employees.
Immediately after any safety violation or accident.
Lockout/Tagout procedures must be reviewed every 12 months.


SECTION 8: EMERGENCY CONTACTS
Fire Department: 101
Police: 100
On-site Medical Officer: Ext. 221
Warehouse Safety Lead: Ext. 115",False,nan,nan,nan,nan,nan,nan
What does the manual require after a safety violation?,rag,Additional safety training is required after a safety violation or accident; routine safety training is also conducted annually.,hybrid_60_40,0.6,0.4,2,40,1.0,0.6,0.84,28.92461395263672,"Source: Safety Manual, Chunk 6
SECTION 6: INCIDENT REPORTING & FEEDBACK
----------------------------------------
- Any injuries, equipment damage, or process violations must be reported within 1 hour.
- Use Form WHS-207 and submit to the Shift Supervisor.
- Anonymous feedback can be left in the box outside Room B-2 or submitted via the internal portal.",False,nan,nan,nan,nan,nan,nan
What does the manual require after a safety violation?,rag,Additional safety training is required after a safety violation or accident; routine safety training is also conducted annually.,hybrid_60_40,0.6,0.4,3,37,0.6668568032890592,1.0,0.8001140819734356,36.59592056274414,"Source: Safety Manual, Chunk 3
SECTION 3: EQUIPMENT USAGE & MAINTENANCE
----------------------------------------
- Pallet jacks and forklifts must be returned to charging docks after shift.
- Battery water levels should be checked every Monday morning.
- Only trained staff may operate powered equipment (see list in Appendix A).
- Monthly maintenance logs must be filled by the Maintenance Lead.",False,nan,nan,nan,nan,nan,nan
What does the manual require after a safety violation?,rag,Additional safety training is required after a safety violation or accident; routine safety training is also conducted annually.,hybrid_60_40,0.6,0.4,4,46,0.6873203717103936,0.7999999999999999,0.7323922230262362,36.013084411621094,"Source: Safety Manual, Chunk 12
SECTION 6: FIRST AID AND INCIDENT REPORTING
First Aid Kits must be:
Available every 30 meters.
Checked weekly by a safety officer.
Incident Reports:
Must be submitted within 2 hours using Form WHS-101.
Use the internal safety portal for submission.
Emergency contacts are listed on the main notice board and in Section 9.",False,nan,nan,nan,nan,nan,nan
What does the manual require after a safety violation?,rag,Additional safety training is required after a safety violation or accident; routine safety training is also conducted annually.,hybrid_60_40,0.6,0.4,5,42,0.892668759138391,0.39999999999999997,0.6956012554830346,31.030254364013672,"Source: Safety Manual, Chunk 8
SECTION 2: PERSONAL PROTECTIVE EQUIPMENT (PPE)
Safety Helmets – Required at all times inside loading areas.
High-Visibility Vests – Fluorescent yellow or orange with reflective stripes.
Steel-Toed Boots – Must conform to ISO 20345:2011.
Cut-Resistant Gloves – Mandatory when handling sharp materials.
Hearing Protection – Required in areas above 85 dB",False,nan,nan,nan,nan,nan,nan
What does the manual require after a safety violation?,rag,Additional safety training is required after a safety violation or accident; routine safety training is also conducted annually.,hybrid_70_30,0.7,0.3,1,47,0.9892175156332511,0.7999999999999999,0.9324522609432757,29.123554229736328,"Source: Safety Manual, Chunk 13
SECTION 7: TRAINING AND CERTIFICATION
Safety Training is required:
Annually for all employees.
Immediately after any safety violation or accident.
Lockout/Tagout procedures must be reviewed every 12 months.


SECTION 8: EMERGENCY CONTACTS
Fire Department: 101
Police: 100
On-site Medical Officer: Ext. 221
Warehouse Safety Lead: Ext. 115",False,nan,nan,nan,nan,nan,nan
What does the manual require after a safety violation?,rag,Additional safety training is required after a safety violation or accident; routine safety training is also conducted annually.,hybrid_70_30,0.7,0.3,2,40,1.0,0.6,0.8799999999999999,28.92461395263672,"Source: Safety Manual, Chunk 6
SECTION 6: INCIDENT REPORTING & FEEDBACK
----------------------------------------
- Any injuries, equipment damage, or process violations must be reported within 1 hour.
- Use Form WHS-207 and submit to the Shift Supervisor.
- Anonymous feedback can be left in the box outside Room B-2 or submitted via the internal portal.",False,nan,nan,nan,nan,nan,nan
What does the manual require after a safety violation?,rag,Additional safety training is required after a safety violation or accident; routine safety training is also conducted annually.,hybrid_70_30,0.7,0.3,3,37,0.6668568032890592,1.0,0.7667997623023414,36.59592056274414,"Source: Safety Manual, Chunk 3
SECTION 3: EQUIPMENT USAGE & MAINTENANCE
----------------------------------------
- Pallet jacks and forklifts must be returned to charging docks after shift.
- Battery water levels should be checked every Monday morning.
- Only trained staff may operate powered equipment (see list in Appendix A).
- Monthly maintenance logs must be filled by the Maintenance Lead.",False,nan,nan,nan,nan,nan,nan
What does the manual require after a safety violation?,rag,Additional safety training is required after a safety violation or accident; routine safety training is also conducted annually.,hybrid_70_30,0.7,0.3,4,42,0.892668759138391,0.39999999999999997,0.7448681313968737,31.030254364013672,"Source: Safety Manual, Chunk 8
SECTION 2: PERSONAL PROTECTIVE EQUIPMENT (PPE)
Safety Helmets – Required at all times inside loading areas.
High-Visibility Vests – Fluorescent yellow or orange with reflective stripes.
Steel-Toed Boots – Must conform to ISO 20345:2011.
Cut-Resistant Gloves – Mandatory when handling sharp materials.
Hearing Protection – Required in areas above 85 dB",False,nan,nan,nan,nan,nan,nan
What does the manual require after a safety violation?,rag,Additional safety training is required after a safety violation or accident; routine safety training is also conducted annually.,hybrid_70_30,0.7,0.3,5,46,0.6873203717103936,0.7999999999999999,0.7211242601972755,36.013084411621094,"Source: Safety Manual, Chunk 12
SECTION 6: FIRST AID AND INCIDENT REPORTING
First Aid Kits must be:
Available every 30 meters.
Checked weekly by a safety officer.
Incident Reports:
Must be submitted within 2 hours using Form WHS-101.
Use the internal safety portal for submission.
Emergency contacts are listed on the main notice board and in Section 9.",False,nan,nan,nan,nan,nan,nan
What does the manual require after a safety violation?,rag,Additional safety training is required after a safety violation or accident; routine safety training is also conducted annually.,hybrid_80_20,0.8,0.2,1,47,0.9892175156332511,0.7999999999999999,0.9513740125066009,29.123554229736328,"Source: Safety Manual, Chunk 13
SECTION 7: TRAINING AND CERTIFICATION
Safety Training is required:
Annually for all employees.
Immediately after any safety violation or accident.
Lockout/Tagout procedures must be reviewed every 12 months.


SECTION 8: EMERGENCY CONTACTS
Fire Department: 101
Police: 100
On-site Medical Officer: Ext. 221
Warehouse Safety Lead: Ext. 115",False,nan,nan,nan,nan,nan,nan
What does the manual require after a safety violation?,rag,Additional safety training is required after a safety violation or accident; routine safety training is also conducted annually.,hybrid_80_20,0.8,0.2,2,40,1.0,0.6,0.92,28.92461395263672,"Source: Safety Manual, Chunk 6
SECTION 6: INCIDENT REPORTING & FEEDBACK
----------------------------------------
- Any injuries, equipment damage, or process violations must be reported within 1 hour.
- Use Form WHS-207 and submit to the Shift Supervisor.
- Anonymous feedback can be left in the box outside Room B-2 or submitted via the internal portal.",False,nan,nan,nan,nan,nan,nan
What does the manual require after a safety violation?,rag,Additional safety training is required after a safety violation or accident; routine safety training is also conducted annually.,hybrid_80_20,0.8,0.2,3,42,0.892668759138391,0.39999999999999997,0.7941350073107128,31.030254364013672,"Source: Safety Manual, Chunk 8
SECTION 2: PERSONAL PROTECTIVE EQUIPMENT (PPE)
Safety Helmets – Required at all times inside loading areas.
High-Visibility Vests – Fluorescent yellow or orange with reflective stripes.
Steel-Toed Boots – Must conform to ISO 20345:2011.
Cut-Resistant Gloves – Mandatory when handling sharp materials.
Hearing Protection – Required in areas above 85 dB",False,nan,nan,nan,nan,nan,nan
What does the manual require after a safety violation?,rag,Additional safety training is required after a safety violation or accident; routine safety training is also conducted annually.,hybrid_80_20,0.8,0.2,4,37,0.6668568032890592,1.0,0.7334854426312474,36.59592056274414,"Source: Safety Manual, Chunk 3
SECTION 3: EQUIPMENT USAGE & MAINTENANCE
----------------------------------------
- Pallet jacks and forklifts must be returned to charging docks after shift.
- Battery water levels should be checked every Monday morning.
- Only trained staff may operate powered equipment (see list in Appendix A).
- Monthly maintenance logs must be filled by the Maintenance Lead.",False,nan,nan,nan,nan,nan,nan
What does the manual require after a safety violation?,rag,Additional safety training is required after a safety violation or accident; routine safety training is also conducted annually.,hybrid_80_20,0.8,0.2,5,46,0.6873203717103936,0.7999999999999999,0.7098562973683149,36.013084411621094,"Source: Safety Manual, Chunk 12
SECTION 6: FIRST AID AND INCIDENT REPORTING
First Aid Kits must be:
Available every 30 meters.
Checked weekly by a safety officer.
Incident Reports:
Must be submitted within 2 hours using Form WHS-101.
Use the internal safety portal for submission.
Emergency contacts are listed on the main notice board and in Section 9.",False,nan,nan,nan,nan,nan,nan
What are workers instructed to do when a spill is discovered?,rag,Workers must report the spill and clean it immediately using absorbent pads.,semantic_only,1.0,0.0,1,38,1.0,0.5,1.0,43.30815124511719,"Source: Safety Manual, Chunk 4
SECTION 4: CLEANLINESS & WASTE DISPOSAL
---------------------------------------
- Floors must be swept at the end of each shift.
- Spillages must be reported and cleaned immediately using absorbent pads.
- Recycling bins are color-coded:
  - Blue: Paper/Cardboard
  - Green: Plastic
  - Red: Hazardous waste
- All cleaning supplies are stored in Room C-14.",False,nan,nan,nan,nan,nan,nan
What are workers instructed to do when a spill is discovered?,rag,Workers must report the spill and clean it immediately using absorbent pads.,semantic_only,1.0,0.0,2,47,0.9669984832067555,0.5,0.9669984832067555,44.10150909423828,"Source: Safety Manual, Chunk 13
SECTION 7: TRAINING AND CERTIFICATION
Safety Training is required:
Annually for all employees.
Immediately after any safety violation or accident.
Lockout/Tagout procedures must be reviewed every 12 months.


SECTION 8: EMERGENCY CONTACTS
Fire Department: 101
Police: 100
On-site Medical Officer: Ext. 221
Warehouse Safety Lead: Ext. 115",False,nan,nan,nan,nan,nan,nan
What are workers instructed to do when a spill is discovered?,rag,Workers must report the spill and clean it immediately using absorbent pads.,semantic_only,1.0,0.0,3,37,0.942475669929234,1.0,0.942475669929234,44.709686279296875,"Source: Safety Manual, Chunk 3
SECTION 3: EQUIPMENT USAGE & MAINTENANCE
----------------------------------------
- Pallet jacks and forklifts must be returned to charging docks after shift.
- Battery water levels should be checked every Monday morning.
- Only trained staff may operate powered equipment (see list in Appendix A).
- Monthly maintenance logs must be filled by the Maintenance Lead.",False,nan,nan,nan,nan,nan,nan
What are workers instructed to do when a spill is discovered?,rag,Workers must report the spill and clean it immediately using absorbent pads.,semantic_only,1.0,0.0,4,40,0.9253171027225134,0.5,0.9253171027225134,45.14507293701172,"Source: Safety Manual, Chunk 6
SECTION 6: INCIDENT REPORTING & FEEDBACK
----------------------------------------
- Any injuries, equipment damage, or process violations must be reported within 1 hour.
- Use Form WHS-207 and submit to the Shift Supervisor.
- Anonymous feedback can be left in the box outside Room B-2 or submitted via the internal portal.",False,nan,nan,nan,nan,nan,nan
What are workers instructed to do when a spill is discovered?,rag,Workers must report the spill and clean it immediately using absorbent pads.,semantic_only,1.0,0.0,5,46,0.9204016448918599,1.0,0.9204016448918599,45.271331787109375,"Source: Safety Manual, Chunk 12
SECTION 6: FIRST AID AND INCIDENT REPORTING
First Aid Kits must be:
Available every 30 meters.
Checked weekly by a safety officer.
Incident Reports:
Must be submitted within 2 hours using Form WHS-101.
Use the internal safety portal for submission.
Emergency contacts are listed on the main notice board and in Section 9.",False,nan,nan,nan,nan,nan,nan
What are workers instructed to do when a spill is discovered?,rag,Workers must report the spill and clean it immediately using absorbent pads.,keyword_only,0.0,1.0,1,35,0.4133268027648542,1.0,1.0,63.46781921386719,"Source: Safety Manual, Chunk 1
WAREHOUSE DAILY OPERATIONS GUIDE (2024)
========================================

SECTION 1: SHIFT SCHEDULES & WORKFLOW
-------------------------------------
- Morning Shift: 6:00 AM – 2:00 PM
- Afternoon Shift: 2:00 PM – 10:00 PM
- Night Shift: 10:00 PM – 6:00 AM
- All workers must sign in 10 minutes before their shift and attend the team briefing.
- Daily workload is divided into receiving, inventory update, picking, packing, and dispatch.",False,nan,nan,nan,nan,nan,nan
What are workers instructed to do when a spill is discovered?,rag,Workers must report the spill and clean it immediately using absorbent pads.,keyword_only,0.0,1.0,2,36,0.7953356461729193,1.0,1.0,48.73360824584961,"Source: Safety Manual, Chunk 2
SECTION 2: INVENTORY HANDLING
-----------------------------
- Use handheld scanners for all inventory movements.
- Report discrepancies immediately to the Inventory Supervisor.
- Damaged goods must be placed in the “Inspection Zone” before tagging.
- Shelves are labeled using alphanumeric codes (e.g., A1-B3).",False,nan,nan,nan,nan,nan,nan
What are workers instructed to do when a spill is discovered?,rag,Workers must report the spill and clean it immediately using absorbent pads.,keyword_only,0.0,1.0,3,37,0.942475669929234,1.0,1.0,44.709686279296875,"Source: Safety Manual, Chunk 3
SECTION 3: EQUIPMENT USAGE & MAINTENANCE
----------------------------------------
- Pallet jacks and forklifts must be returned to charging docks after shift.
- Battery water levels should be checked every Monday morning.
- Only trained staff may operate powered equipment (see list in Appendix A).
- Monthly maintenance logs must be filled by the Maintenance Lead.",False,nan,nan,nan,nan,nan,nan
What are workers instructed to do when a spill is discovered?,rag,Workers must report the spill and clean it immediately using absorbent pads.,keyword_only,0.0,1.0,4,39,0.543184805363271,1.0,1.0,57.56930923461914,"Source: Safety Manual, Chunk 5
SECTION 5: SECURITY & ACCESS CONTROL
-------------------------------------
- Entry to the warehouse requires ID badge scans.
- All doors auto-lock after 8:00 PM.
- Visitors must be logged in at the front desk and accompanied at all times.
- Security footage is retained for 30 days and reviewed weekly.",False,nan,nan,nan,nan,nan,nan
What are workers instructed to do when a spill is discovered?,rag,Workers must report the spill and clean it immediately using absorbent pads.,keyword_only,0.0,1.0,5,42,0.902687904340504,1.0,1.0,45.73211669921875,"Source: Safety Manual, Chunk 8
SECTION 2: PERSONAL PROTECTIVE EQUIPMENT (PPE)
Safety Helmets – Required at all times inside loading areas.
High-Visibility Vests – Fluorescent yellow or orange with reflective stripes.
Steel-Toed Boots – Must conform to ISO 20345:2011.
Cut-Resistant Gloves – Mandatory when handling sharp materials.
Hearing Protection – Required in areas above 85 dB",False,nan,nan,nan,nan,nan,nan
What are workers instructed to do when a spill is discovered?,rag,Workers must report the spill and clean it immediately using absorbent pads.,hybrid_50_50,0.5,0.5,1,37,0.942475669929234,1.0,0.971237834964617,44.709686279296875,"Source: Safety Manual, Chunk 3
SECTION 3: EQUIPMENT USAGE & MAINTENANCE
----------------------------------------
- Pallet jacks and forklifts must be returned to charging docks after shift.
- Battery water levels should be checked every Monday morning.
- Only trained staff may operate powered equipment (see list in Appendix A).
- Monthly maintenance logs must be filled by the Maintenance Lead.",False,nan,nan,nan,nan,nan,nan
What are workers instructed to do when a spill is discovered?,rag,Workers must report the spill and clean it immediately using absorbent pads.,hybrid_50_50,0.5,0.5,2,46,0.9204016448918599,1.0,0.96020082244593,45.271331787109375,"Source: Safety Manual, Chunk 12
SECTION 6: FIRST AID AND INCIDENT REPORTING
First Aid Kits must be:
Available every 30 meters.
Checked weekly by a safety officer.
Incident Reports:
Must be submitted within 2 hours using Form WHS-101.
Use the internal safety portal for submission.
Emergency contacts are listed on the main notice board and in Section 9.",False,nan,nan,nan,nan,nan,nan
What are workers instructed to do when a spill is discovered?,rag,Workers must report the spill and clean it immediately using absorbent pads.,hybrid_50_50,0.5,0.5,3,42,0.902687904340504,1.0,0.951343952170252,45.73211669921875,"Source: Safety Manual, Chunk 8
SECTION 2: PERSONAL PROTECTIVE EQUIPMENT (PPE)
Safety Helmets – Required at all times inside loading areas.
High-Visibility Vests – Fluorescent yellow or orange with reflective stripes.
Steel-Toed Boots – Must conform to ISO 20345:2011.
Cut-Resistant Gloves – Mandatory when handling sharp materials.
Hearing Protection – Required in areas above 85 dB",False,nan,nan,nan,nan,nan,nan
What are workers instructed to do when a spill is discovered?,rag,Workers must report the spill and clean it immediately using absorbent pads.,hybrid_50_50,0.5,0.5,4,36,0.7953356461729193,1.0,0.8976678230864596,48.73360824584961,"Source: Safety Manual, Chunk 2
SECTION 2: INVENTORY HANDLING
-----------------------------
- Use handheld scanners for all inventory movements.
- Report discrepancies immediately to the Inventory Supervisor.
- Damaged goods must be placed in the “Inspection Zone” before tagging.
- Shelves are labeled using alphanumeric codes (e.g., A1-B3).",False,nan,nan,nan,nan,nan,nan
What are workers instructed to do when a spill is discovered?,rag,Workers must report the spill and clean it immediately using absorbent pads.,hybrid_50_50,0.5,0.5,5,44,0.7232238613443657,1.0,0.8616119306721828,50.976043701171875,"Source: Safety Manual, Chunk 10
SECTION 4: VISITOR PROTOCOL
All visitors must sign in at the security desk and wear visitor badges.
Visitors must be escorted by a warehouse employee at all times.
PPE is required for visitors entering the warehouse floor.
Visits should be scheduled at least 24 hours in advance.",False,nan,nan,nan,nan,nan,nan
What are workers instructed to do when a spill is discovered?,rag,Workers must report the spill and clean it immediately using absorbent pads.,hybrid_60_40,0.6,0.4,1,37,0.942475669929234,1.0,0.9654854019575404,44.709686279296875,"Source: Safety Manual, Chunk 3
SECTION 3: EQUIPMENT USAGE & MAINTENANCE
----------------------------------------
- Pallet jacks and forklifts must be returned to charging docks after shift.
- Battery water levels should be checked every Monday morning.
- Only trained staff may operate powered equipment (see list in Appendix A).
- Monthly maintenance logs must be filled by the Maintenance Lead.",False,nan,nan,nan,nan,nan,nan
What are workers instructed to do when a spill is discovered?,rag,Workers must report the spill and clean it immediately using absorbent pads.,hybrid_60_40,0.6,0.4,2,46,0.9204016448918599,1.0,0.9522409869351159,45.271331787109375,"Source: Safety Manual, Chunk 12
SECTION 6: FIRST AID AND INCIDENT REPORTING
First Aid Kits must be:
Available every 30 meters.
Checked weekly by a safety officer.
Incident Reports:
Must be submitted within 2 hours using Form WHS-101.
Use the internal safety portal for submission.
Emergency contacts are listed on the main notice board and in Section 9.",False,nan,nan,nan,nan,nan,nan
What are workers instructed to do when a spill is discovered?,rag,Workers must report the spill and clean it immediately using absorbent pads.,hybrid_60_40,0.6,0.4,3,42,0.902687904340504,1.0,0.9416127426043024,45.73211669921875,"Source: Safety Manual, Chunk 8
SECTION 2: PERSONAL PROTECTIVE EQUIPMENT (PPE)
Safety Helmets – Required at all times inside loading areas.
High-Visibility Vests – Fluorescent yellow or orange with reflective stripes.
Steel-Toed Boots – Must conform to ISO 20345:2011.
Cut-Resistant Gloves – Mandatory when handling sharp materials.
Hearing Protection – Required in areas above 85 dB",False,nan,nan,nan,nan,nan,nan
What are workers instructed to do when a spill is discovered?,rag,Workers must report the spill and clean it immediately using absorbent pads.,hybrid_60_40,0.6,0.4,4,36,0.7953356461729193,1.0,0.8772013877037516,48.73360824584961,"Source: Safety Manual, Chunk 2
SECTION 2: INVENTORY HANDLING
-----------------------------
- Use handheld scanners for all inventory movements.
- Report discrepancies immediately to the Inventory Supervisor.
- Damaged goods must be placed in the “Inspection Zone” before tagging.
- Shelves are labeled using alphanumeric codes (e.g., A1-B3).",False,nan,nan,nan,nan,nan,nan
What are workers instructed to do when a spill is discovered?,rag,Workers must report the spill and clean it immediately using absorbent pads.,hybrid_60_40,0.6,0.4,5,44,0.7232238613443657,1.0,0.8339343168066193,50.976043701171875,"Source: Safety Manual, Chunk 10
SECTION 4: VISITOR PROTOCOL
All visitors must sign in at the security desk and wear visitor badges.
Visitors must be escorted by a warehouse employee at all times.
PPE is required for visitors entering the warehouse floor.
Visits should be scheduled at least 24 hours in advance.",False,nan,nan,nan,nan,nan,nan
What are workers instructed to do when a spill is discovered?,rag,Workers must report the spill and clean it immediately using absorbent pads.,hybrid_70_30,0.7,0.3,1,37,0.942475669929234,1.0,0.9597329689504637,44.709686279296875,"Source: Safety Manual, Chunk 3
SECTION 3: EQUIPMENT USAGE & MAINTENANCE
----------------------------------------
- Pallet jacks and forklifts must be returned to charging docks after shift.
- Battery water levels should be checked every Monday morning.
- Only trained staff may operate powered equipment (see list in Appendix A).
- Monthly maintenance logs must be filled by the Maintenance Lead.",False,nan,nan,nan,nan,nan,nan
What are workers instructed to do when a spill is discovered?,rag,Workers must report the spill and clean it immediately using absorbent pads.,hybrid_70_30,0.7,0.3,2,46,0.9204016448918599,1.0,0.9442811514243019,45.271331787109375,"Source: Safety Manual, Chunk 12
SECTION 6: FIRST AID AND INCIDENT REPORTING
First Aid Kits must be:
Available every 30 meters.
Checked weekly by a safety officer.
Incident Reports:
Must be submitted within 2 hours using Form WHS-101.
Use the internal safety portal for submission.
Emergency contacts are listed on the main notice board and in Section 9.",False,nan,nan,nan,nan,nan,nan
What are workers instructed to do when a spill is discovered?,rag,Workers must report the spill and clean it immediately using absorbent pads.,hybrid_70_30,0.7,0.3,3,42,0.902687904340504,1.0,0.9318815330383527,45.73211669921875,"Source: Safety Manual, Chunk 8
SECTION 2: PERSONAL PROTECTIVE EQUIPMENT (PPE)
Safety Helmets – Required at all times inside loading areas.
High-Visibility Vests – Fluorescent yellow or orange with reflective stripes.
Steel-Toed Boots – Must conform to ISO 20345:2011.
Cut-Resistant Gloves – Mandatory when handling sharp materials.
Hearing Protection – Required in areas above 85 dB",False,nan,nan,nan,nan,nan,nan
What are workers instructed to do when a spill is discovered?,rag,Workers must report the spill and clean it immediately using absorbent pads.,hybrid_70_30,0.7,0.3,4,36,0.7953356461729193,1.0,0.8567349523210435,48.73360824584961,"Source: Safety Manual, Chunk 2
SECTION 2: INVENTORY HANDLING
-----------------------------
- Use handheld scanners for all inventory movements.
- Report discrepancies immediately to the Inventory Supervisor.
- Damaged goods must be placed in the “Inspection Zone” before tagging.
- Shelves are labeled using alphanumeric codes (e.g., A1-B3).",False,nan,nan,nan,nan,nan,nan
What are workers instructed to do when a spill is discovered?,rag,Workers must report the spill and clean it immediately using absorbent pads.,hybrid_70_30,0.7,0.3,5,38,1.0,0.5,0.85,43.30815124511719,"Source: Safety Manual, Chunk 4
SECTION 4: CLEANLINESS & WASTE DISPOSAL
---------------------------------------
- Floors must be swept at the end of each shift.
- Spillages must be reported and cleaned immediately using absorbent pads.
- Recycling bins are color-coded:
  - Blue: Paper/Cardboard
  - Green: Plastic
  - Red: Hazardous waste
- All cleaning supplies are stored in Room C-14.",False,nan,nan,nan,nan,nan,nan
What are workers instructed to do when a spill is discovered?,rag,Workers must report the spill and clean it immediately using absorbent pads.,hybrid_80_20,0.8,0.2,1,37,0.942475669929234,1.0,0.9539805359433873,44.709686279296875,"Source: Safety Manual, Chunk 3
SECTION 3: EQUIPMENT USAGE & MAINTENANCE
----------------------------------------
- Pallet jacks and forklifts must be returned to charging docks after shift.
- Battery water levels should be checked every Monday morning.
- Only trained staff may operate powered equipment (see list in Appendix A).
- Monthly maintenance logs must be filled by the Maintenance Lead.",False,nan,nan,nan,nan,nan,nan
What are workers instructed to do when a spill is discovered?,rag,Workers must report the spill and clean it immediately using absorbent pads.,hybrid_80_20,0.8,0.2,2,46,0.9204016448918599,1.0,0.936321315913488,45.271331787109375,"Source: Safety Manual, Chunk 12
SECTION 6: FIRST AID AND INCIDENT REPORTING
First Aid Kits must be:
Available every 30 meters.
Checked weekly by a safety officer.
Incident Reports:
Must be submitted within 2 hours using Form WHS-101.
Use the internal safety portal for submission.
Emergency contacts are listed on the main notice board and in Section 9.",False,nan,nan,nan,nan,nan,nan
What are workers instructed to do when a spill is discovered?,rag,Workers must report the spill and clean it immediately using absorbent pads.,hybrid_80_20,0.8,0.2,3,42,0.902687904340504,1.0,0.9221503234724033,45.73211669921875,"Source: Safety Manual, Chunk 8
SECTION 2: PERSONAL PROTECTIVE EQUIPMENT (PPE)
Safety Helmets – Required at all times inside loading areas.
High-Visibility Vests – Fluorescent yellow or orange with reflective stripes.
Steel-Toed Boots – Must conform to ISO 20345:2011.
Cut-Resistant Gloves – Mandatory when handling sharp materials.
Hearing Protection – Required in areas above 85 dB",False,nan,nan,nan,nan,nan,nan
What are workers instructed to do when a spill is discovered?,rag,Workers must report the spill and clean it immediately using absorbent pads.,hybrid_80_20,0.8,0.2,4,38,1.0,0.5,0.9,43.30815124511719,"Source: Safety Manual, Chunk 4
SECTION 4: CLEANLINESS & WASTE DISPOSAL
---------------------------------------
- Floors must be swept at the end of each shift.
- Spillages must be reported and cleaned immediately using absorbent pads.
- Recycling bins are color-coded:
  - Blue: Paper/Cardboard
  - Green: Plastic
  - Red: Hazardous waste
- All cleaning supplies are stored in Room C-14.",False,nan,nan,nan,nan,nan,nan
What are workers instructed to do when a spill is discovered?,rag,Workers must report the spill and clean it immediately using absorbent pads.,hybrid_80_20,0.8,0.2,5,47,0.9669984832067555,0.5,0.8735987865654045,44.10150909423828,"Source: Safety Manual, Chunk 13
SECTION 7: TRAINING AND CERTIFICATION
Safety Training is required:
Annually for all employees.
Immediately after any safety violation or accident.
Lockout/Tagout procedures must be reviewed every 12 months.


SECTION 8: EMERGENCY CONTACTS
Fire Department: 101
Police: 100
On-site Medical Officer: Ext. 221
Warehouse Safety Lead: Ext. 115",False,nan,nan,nan,nan,nan,nan
What evacuation restrictions apply to elevators?,rag,Elevators must never be used during an evacuation.,semantic_only,1.0,0.0,1,43,1.0,1.0,1.0,49.71270751953125,"Source: Safety Manual, Chunk 9
SECTION 3: FIRE SAFETY & EVACUATION PROCEDURES
Fire Extinguishers: One every 15 meters; monthly inspection.
Emergency Exits: At least two per zone, clearly marked.
Evacuation Drills: Every 6 months; missed drills require retraining.
Assembly Points: 50 meters from building, marked with green signage.
Never use elevators during evacuation.",False,nan,nan,nan,nan,nan,nan
What evacuation restrictions apply to elevators?,rag,Elevators must never be used during an evacuation.,semantic_only,1.0,0.0,2,47,0.6545759189723391,0.0,0.6545759189723391,61.157615661621094,"Source: Safety Manual, Chunk 13
SECTION 7: TRAINING AND CERTIFICATION
Safety Training is required:
Annually for all employees.
Immediately after any safety violation or accident.
Lockout/Tagout procedures must be reviewed every 12 months.


SECTION 8: EMERGENCY CONTACTS
Fire Department: 101
Police: 100
On-site Medical Officer: Ext. 221
Warehouse Safety Lead: Ext. 115",False,nan,nan,nan,nan,nan,nan
What evacuation restrictions apply to elevators?,rag,Elevators must never be used during an evacuation.,semantic_only,1.0,0.0,3,46,0.6270549904359751,0.0,0.6270549904359751,62.29571533203125,"Source: Safety Manual, Chunk 12
SECTION 6: FIRST AID AND INCIDENT REPORTING
First Aid Kits must be:
Available every 30 meters.
Checked weekly by a safety officer.
Incident Reports:
Must be submitted within 2 hours using Form WHS-101.
Use the internal safety portal for submission.
Emergency contacts are listed on the main notice board and in Section 9.",False,nan,nan,nan,nan,nan,nan
What evacuation restrictions apply to elevators?,rag,Elevators must never be used during an evacuation.,semantic_only,1.0,0.0,4,44,0.5757684822317987,0.0,0.5757684822317987,64.53174591064453,"Source: Safety Manual, Chunk 10
SECTION 4: VISITOR PROTOCOL
All visitors must sign in at the security desk and wear visitor badges.
Visitors must be escorted by a warehouse employee at all times.
PPE is required for visitors entering the warehouse floor.
Visits should be scheduled at least 24 hours in advance.",False,nan,nan,nan,nan,nan,nan
What evacuation restrictions apply to elevators?,rag,Elevators must never be used during an evacuation.,semantic_only,1.0,0.0,5,38,0.49889040938669366,0.0,0.49889040938669366,68.19598388671875,"Source: Safety Manual, Chunk 4
SECTION 4: CLEANLINESS & WASTE DISPOSAL
---------------------------------------
- Floors must be swept at the end of each shift.
- Spillages must be reported and cleaned immediately using absorbent pads.
- Recycling bins are color-coded:
  - Blue: Paper/Cardboard
  - Green: Plastic
  - Red: Hazardous waste
- All cleaning supplies are stored in Room C-14.",False,nan,nan,nan,nan,nan,nan
What evacuation restrictions apply to elevators?,rag,Elevators must never be used during an evacuation.,keyword_only,0.0,1.0,1,43,1.0,1.0,1.0,49.71270751953125,"Source: Safety Manual, Chunk 9
SECTION 3: FIRE SAFETY & EVACUATION PROCEDURES
Fire Extinguishers: One every 15 meters; monthly inspection.
Emergency Exits: At least two per zone, clearly marked.
Evacuation Drills: Every 6 months; missed drills require retraining.
Assembly Points: 50 meters from building, marked with green signage.
Never use elevators during evacuation.",False,nan,nan,nan,nan,nan,nan
What evacuation restrictions apply to elevators?,rag,Elevators must never be used during an evacuation.,keyword_only,0.0,1.0,2,36,0.37488536712456,0.5,0.5,75.05560302734375,"Source: Safety Manual, Chunk 2
SECTION 2: INVENTORY HANDLING
-----------------------------
- Use handheld scanners for all inventory movements.
- Report discrepancies immediately to the Inventory Supervisor.
- Damaged goods must be placed in the “Inspection Zone” before tagging.
- Shelves are labeled using alphanumeric codes (e.g., A1-B3).",False,nan,nan,nan,nan,nan,nan
What evacuation restrictions apply to elevators?,rag,Elevators must never be used during an evacuation.,keyword_only,0.0,1.0,3,37,0.39387483101217796,0.5,0.5,73.91828918457031,"Source: Safety Manual, Chunk 3
SECTION 3: EQUIPMENT USAGE & MAINTENANCE
----------------------------------------
- Pallet jacks and forklifts must be returned to charging docks after shift.
- Battery water levels should be checked every Monday morning.
- Only trained staff may operate powered equipment (see list in Appendix A).
- Monthly maintenance logs must be filled by the Maintenance Lead.",False,nan,nan,nan,nan,nan,nan
What evacuation restrictions apply to elevators?,rag,Elevators must never be used during an evacuation.,keyword_only,0.0,1.0,4,39,0.46965576058726427,0.5,0.5,69.69927215576172,"Source: Safety Manual, Chunk 5
SECTION 5: SECURITY & ACCESS CONTROL
-------------------------------------
- Entry to the warehouse requires ID badge scans.
- All doors auto-lock after 8:00 PM.
- Visitors must be logged in at the front desk and accompanied at all times.
- Security footage is retained for 30 days and reviewed weekly.",False,nan,nan,nan,nan,nan,nan
What evacuation restrictions apply to elevators?,rag,Elevators must never be used during an evacuation.,keyword_only,0.0,1.0,5,40,0.43161464616829004,0.5,0.5,71.75604248046875,"Source: Safety Manual, Chunk 6
SECTION 6: INCIDENT REPORTING & FEEDBACK
----------------------------------------
- Any injuries, equipment damage, or process violations must be reported within 1 hour.
- Use Form WHS-207 and submit to the Shift Supervisor.
- Anonymous feedback can be left in the box outside Room B-2 or submitted via the internal portal.",False,nan,nan,nan,nan,nan,nan
What evacuation restrictions apply to elevators?,rag,Elevators must never be used during an evacuation.,hybrid_50_50,0.5,0.5,1,43,1.0,1.0,1.0,49.71270751953125,"Source: Safety Manual, Chunk 9
SECTION 3: FIRE SAFETY & EVACUATION PROCEDURES
Fire Extinguishers: One every 15 meters; monthly inspection.
Emergency Exits: At least two per zone, clearly marked.
Evacuation Drills: Every 6 months; missed drills require retraining.
Assembly Points: 50 meters from building, marked with green signage.
Never use elevators during evacuation.",False,nan,nan,nan,nan,nan,nan
What evacuation restrictions apply to elevators?,rag,Elevators must never be used during an evacuation.,hybrid_50_50,0.5,0.5,2,42,0.4939314037828802,0.5,0.49696570189144007,68.44646453857422,"Source: Safety Manual, Chunk 8
SECTION 2: PERSONAL PROTECTIVE EQUIPMENT (PPE)
Safety Helmets – Required at all times inside loading areas.
High-Visibility Vests – Fluorescent yellow or orange with reflective stripes.
Steel-Toed Boots – Must conform to ISO 20345:2011.
Cut-Resistant Gloves – Mandatory when handling sharp materials.
Hearing Protection – Required in areas above 85 dB",False,nan,nan,nan,nan,nan,nan
What evacuation restrictions apply to elevators?,rag,Elevators must never be used during an evacuation.,hybrid_50_50,0.5,0.5,3,39,0.46965576058726427,0.5,0.4848278802936321,69.69927215576172,"Source: Safety Manual, Chunk 5
SECTION 5: SECURITY & ACCESS CONTROL
-------------------------------------
- Entry to the warehouse requires ID badge scans.
- All doors auto-lock after 8:00 PM.
- Visitors must be logged in at the front desk and accompanied at all times.
- Security footage is retained for 30 days and reviewed weekly.",False,nan,nan,nan,nan,nan,nan
What evacuation restrictions apply to elevators?,rag,Elevators must never be used during an evacuation.,hybrid_50_50,0.5,0.5,4,40,0.43161464616829004,0.5,0.465807323084145,71.75604248046875,"Source: Safety Manual, Chunk 6
SECTION 6: INCIDENT REPORTING & FEEDBACK
----------------------------------------
- Any injuries, equipment damage, or process violations must be reported within 1 hour.
- Use Form WHS-207 and submit to the Shift Supervisor.
- Anonymous feedback can be left in the box outside Room B-2 or submitted via the internal portal.",False,nan,nan,nan,nan,nan,nan
What evacuation restrictions apply to elevators?,rag,Elevators must never be used during an evacuation.,hybrid_50_50,0.5,0.5,5,37,0.39387483101217796,0.5,0.446937415506089,73.91828918457031,"Source: Safety Manual, Chunk 3
SECTION 3: EQUIPMENT USAGE & MAINTENANCE
----------------------------------------
- Pallet jacks and forklifts must be returned to charging docks after shift.
- Battery water levels should be checked every Monday morning.
- Only trained staff may operate powered equipment (see list in Appendix A).
- Monthly maintenance logs must be filled by the Maintenance Lead.",False,nan,nan,nan,nan,nan,nan
What evacuation restrictions apply to elevators?,rag,Elevators must never be used during an evacuation.,hybrid_60_40,0.6,0.4,1,43,1.0,1.0,1.0,49.71270751953125,"Source: Safety Manual, Chunk 9
SECTION 3: FIRE SAFETY & EVACUATION PROCEDURES
Fire Extinguishers: One every 15 meters; monthly inspection.
Emergency Exits: At least two per zone, clearly marked.
Evacuation Drills: Every 6 months; missed drills require retraining.
Assembly Points: 50 meters from building, marked with green signage.
Never use elevators during evacuation.",False,nan,nan,nan,nan,nan,nan
What evacuation restrictions apply to elevators?,rag,Elevators must never be used during an evacuation.,hybrid_60_40,0.6,0.4,2,42,0.4939314037828802,0.5,0.4963588422697281,68.44646453857422,"Source: Safety Manual, Chunk 8
SECTION 2: PERSONAL PROTECTIVE EQUIPMENT (PPE)
Safety Helmets – Required at all times inside loading areas.
High-Visibility Vests – Fluorescent yellow or orange with reflective stripes.
Steel-Toed Boots – Must conform to ISO 20345:2011.
Cut-Resistant Gloves – Mandatory when handling sharp materials.
Hearing Protection – Required in areas above 85 dB",False,nan,nan,nan,nan,nan,nan
What evacuation restrictions apply to elevators?,rag,Elevators must never be used during an evacuation.,hybrid_60_40,0.6,0.4,3,39,0.46965576058726427,0.5,0.48179345635235854,69.69927215576172,"Source: Safety Manual, Chunk 5
SECTION 5: SECURITY & ACCESS CONTROL
-------------------------------------
- Entry to the warehouse requires ID badge scans.
- All doors auto-lock after 8:00 PM.
- Visitors must be logged in at the front desk and accompanied at all times.
- Security footage is retained for 30 days and reviewed weekly.",False,nan,nan,nan,nan,nan,nan
What evacuation restrictions apply to elevators?,rag,Elevators must never be used during an evacuation.,hybrid_60_40,0.6,0.4,4,40,0.43161464616829004,0.5,0.45896878770097405,71.75604248046875,"Source: Safety Manual, Chunk 6
SECTION 6: INCIDENT REPORTING & FEEDBACK
----------------------------------------
- Any injuries, equipment damage, or process violations must be reported within 1 hour.
- Use Form WHS-207 and submit to the Shift Supervisor.
- Anonymous feedback can be left in the box outside Room B-2 or submitted via the internal portal.",False,nan,nan,nan,nan,nan,nan
What evacuation restrictions apply to elevators?,rag,Elevators must never be used during an evacuation.,hybrid_60_40,0.6,0.4,5,37,0.39387483101217796,0.5,0.4363248986073068,73.91828918457031,"Source: Safety Manual, Chunk 3
SECTION 3: EQUIPMENT USAGE & MAINTENANCE
----------------------------------------
- Pallet jacks and forklifts must be returned to charging docks after shift.
- Battery water levels should be checked every Monday morning.
- Only trained staff may operate powered equipment (see list in Appendix A).
- Monthly maintenance logs must be filled by the Maintenance Lead.",False,nan,nan,nan,nan,nan,nan
What evacuation restrictions apply to elevators?,rag,Elevators must never be used during an evacuation.,hybrid_70_30,0.7,0.3,1,43,1.0,1.0,1.0,49.71270751953125,"Source: Safety Manual, Chunk 9
SECTION 3: FIRE SAFETY & EVACUATION PROCEDURES
Fire Extinguishers: One every 15 meters; monthly inspection.
Emergency Exits: At least two per zone, clearly marked.
Evacuation Drills: Every 6 months; missed drills require retraining.
Assembly Points: 50 meters from building, marked with green signage.
Never use elevators during evacuation.",False,nan,nan,nan,nan,nan,nan
What evacuation restrictions apply to elevators?,rag,Elevators must never be used during an evacuation.,hybrid_70_30,0.7,0.3,2,42,0.4939314037828802,0.5,0.4957519826480161,68.44646453857422,"Source: Safety Manual, Chunk 8
SECTION 2: PERSONAL PROTECTIVE EQUIPMENT (PPE)
Safety Helmets – Required at all times inside loading areas.
High-Visibility Vests – Fluorescent yellow or orange with reflective stripes.
Steel-Toed Boots – Must conform to ISO 20345:2011.
Cut-Resistant Gloves – Mandatory when handling sharp materials.
Hearing Protection – Required in areas above 85 dB",False,nan,nan,nan,nan,nan,nan
What evacuation restrictions apply to elevators?,rag,Elevators must never be used during an evacuation.,hybrid_70_30,0.7,0.3,3,39,0.46965576058726427,0.5,0.478759032411085,69.69927215576172,"Source: Safety Manual, Chunk 5
SECTION 5: SECURITY & ACCESS CONTROL
-------------------------------------
- Entry to the warehouse requires ID badge scans.
- All doors auto-lock after 8:00 PM.
- Visitors must be logged in at the front desk and accompanied at all times.
- Security footage is retained for 30 days and reviewed weekly.",False,nan,nan,nan,nan,nan,nan
What evacuation restrictions apply to elevators?,rag,Elevators must never be used during an evacuation.,hybrid_70_30,0.7,0.3,4,47,0.6545759189723391,0.0,0.4582031432806374,61.157615661621094,"Source: Safety Manual, Chunk 13
SECTION 7: TRAINING AND CERTIFICATION
Safety Training is required:
Annually for all employees.
Immediately after any safety violation or accident.
Lockout/Tagout procedures must be reviewed every 12 months.


SECTION 8: EMERGENCY CONTACTS
Fire Department: 101
Police: 100
On-site Medical Officer: Ext. 221
Warehouse Safety Lead: Ext. 115",False,nan,nan,nan,nan,nan,nan
What evacuation restrictions apply to elevators?,rag,Elevators must never be used during an evacuation.,hybrid_70_30,0.7,0.3,5,40,0.43161464616829004,0.5,0.452130252317803,71.75604248046875,"Source: Safety Manual, Chunk 6
SECTION 6: INCIDENT REPORTING & FEEDBACK
----------------------------------------
- Any injuries, equipment damage, or process violations must be reported within 1 hour.
- Use Form WHS-207 and submit to the Shift Supervisor.
- Anonymous feedback can be left in the box outside Room B-2 or submitted via the internal portal.",False,nan,nan,nan,nan,nan,nan
What evacuation restrictions apply to elevators?,rag,Elevators must never be used during an evacuation.,hybrid_80_20,0.8,0.2,1,43,1.0,1.0,1.0,49.71270751953125,"Source: Safety Manual, Chunk 9
SECTION 3: FIRE SAFETY & EVACUATION PROCEDURES
Fire Extinguishers: One every 15 meters; monthly inspection.
Emergency Exits: At least two per zone, clearly marked.
Evacuation Drills: Every 6 months; missed drills require retraining.
Assembly Points: 50 meters from building, marked with green signage.
Never use elevators during evacuation.",False,nan,nan,nan,nan,nan,nan
What evacuation restrictions apply to elevators?,rag,Elevators must never be used during an evacuation.,hybrid_80_20,0.8,0.2,2,47,0.6545759189723391,0.0,0.5236607351778714,61.157615661621094,"Source: Safety Manual, Chunk 13
SECTION 7: TRAINING AND CERTIFICATION
Safety Training is required:
Annually for all employees.
Immediately after any safety violation or accident.
Lockout/Tagout procedures must be reviewed every 12 months.


SECTION 8: EMERGENCY CONTACTS
Fire Department: 101
Police: 100
On-site Medical Officer: Ext. 221
Warehouse Safety Lead: Ext. 115",False,nan,nan,nan,nan,nan,nan
What evacuation restrictions apply to elevators?,rag,Elevators must never be used during an evacuation.,hybrid_80_20,0.8,0.2,3,46,0.6270549904359751,0.0,0.5016439923487801,62.29571533203125,"Source: Safety Manual, Chunk 12
SECTION 6: FIRST AID AND INCIDENT REPORTING
First Aid Kits must be:
Available every 30 meters.
Checked weekly by a safety officer.
Incident Reports:
Must be submitted within 2 hours using Form WHS-101.
Use the internal safety portal for submission.
Emergency contacts are listed on the main notice board and in Section 9.",False,nan,nan,nan,nan,nan,nan
What evacuation restrictions apply to elevators?,rag,Elevators must never be used during an evacuation.,hybrid_80_20,0.8,0.2,4,42,0.4939314037828802,0.5,0.4951451230263042,68.44646453857422,"Source: Safety Manual, Chunk 8
SECTION 2: PERSONAL PROTECTIVE EQUIPMENT (PPE)
Safety Helmets – Required at all times inside loading areas.
High-Visibility Vests – Fluorescent yellow or orange with reflective stripes.
Steel-Toed Boots – Must conform to ISO 20345:2011.
Cut-Resistant Gloves – Mandatory when handling sharp materials.
Hearing Protection – Required in areas above 85 dB",False,nan,nan,nan,nan,nan,nan
What evacuation restrictions apply to elevators?,rag,Elevators must never be used during an evacuation.,hybrid_80_20,0.8,0.2,5,39,0.46965576058726427,0.5,0.47572460846981146,69.69927215576172,"Source: Safety Manual, Chunk 5
SECTION 5: SECURITY & ACCESS CONTROL
-------------------------------------
- Entry to the warehouse requires ID badge scans.
- All doors auto-lock after 8:00 PM.
- Visitors must be logged in at the front desk and accompanied at all times.
- Security footage is retained for 30 days and reviewed weekly.",False,nan,nan,nan,nan,nan,nan
What inspection schedule applies to firefighting equipment?,rag,Fire extinguishers are positioned every 15 m and are inspected monthly.,semantic_only,1.0,0.0,1,43,1.0,0.5,1.0,32.2523307800293,"Source: Safety Manual, Chunk 9
SECTION 3: FIRE SAFETY & EVACUATION PROCEDURES
Fire Extinguishers: One every 15 meters; monthly inspection.
Emergency Exits: At least two per zone, clearly marked.
Evacuation Drills: Every 6 months; missed drills require retraining.
Assembly Points: 50 meters from building, marked with green signage.
Never use elevators during evacuation.",False,nan,nan,nan,nan,nan,nan
What inspection schedule applies to firefighting equipment?,rag,Fire extinguishers are positioned every 15 m and are inspected monthly.,semantic_only,1.0,0.0,2,47,0.8924799395277974,0.0,0.8924799395277974,34.67998504638672,"Source: Safety Manual, Chunk 13
SECTION 7: TRAINING AND CERTIFICATION
Safety Training is required:
Annually for all employees.
Immediately after any safety violation or accident.
Lockout/Tagout procedures must be reviewed every 12 months.


SECTION 8: EMERGENCY CONTACTS
Fire Department: 101
Police: 100
On-site Medical Officer: Ext. 221
Warehouse Safety Lead: Ext. 115",False,nan,nan,nan,nan,nan,nan
What inspection schedule applies to firefighting equipment?,rag,Fire extinguishers are positioned every 15 m and are inspected monthly.,semantic_only,1.0,0.0,3,42,0.6457008278651384,1.0,0.6457008278651384,41.8621940612793,"Source: Safety Manual, Chunk 8
SECTION 2: PERSONAL PROTECTIVE EQUIPMENT (PPE)
Safety Helmets – Required at all times inside loading areas.
High-Visibility Vests – Fluorescent yellow or orange with reflective stripes.
Steel-Toed Boots – Must conform to ISO 20345:2011.
Cut-Resistant Gloves – Mandatory when handling sharp materials.
Hearing Protection – Required in areas above 85 dB",False,nan,nan,nan,nan,nan,nan
What inspection schedule applies to firefighting equipment?,rag,Fire extinguishers are positioned every 15 m and are inspected monthly.,semantic_only,1.0,0.0,4,46,0.5810351202654823,0.0,0.5810351202654823,44.24894714355469,"Source: Safety Manual, Chunk 12
SECTION 6: FIRST AID AND INCIDENT REPORTING
First Aid Kits must be:
Available every 30 meters.
Checked weekly by a safety officer.
Incident Reports:
Must be submitted within 2 hours using Form WHS-101.
Use the internal safety portal for submission.
Emergency contacts are listed on the main notice board and in Section 9.",False,nan,nan,nan,nan,nan,nan
What inspection schedule applies to firefighting equipment?,rag,Fire extinguishers are positioned every 15 m and are inspected monthly.,semantic_only,1.0,0.0,5,40,0.553710545967822,1.0,0.553710545967822,45.33928680419922,"Source: Safety Manual, Chunk 6
SECTION 6: INCIDENT REPORTING & FEEDBACK
----------------------------------------
- Any injuries, equipment damage, or process violations must be reported within 1 hour.
- Use Form WHS-207 and submit to the Shift Supervisor.
- Anonymous feedback can be left in the box outside Room B-2 or submitted via the internal portal.",False,nan,nan,nan,nan,nan,nan
What inspection schedule applies to firefighting equipment?,rag,Fire extinguishers are positioned every 15 m and are inspected monthly.,keyword_only,0.0,1.0,1,36,0.5417401932651855,1.0,1.0,45.83367156982422,"Source: Safety Manual, Chunk 2
SECTION 2: INVENTORY HANDLING
-----------------------------
- Use handheld scanners for all inventory movements.
- Report discrepancies immediately to the Inventory Supervisor.
- Damaged goods must be placed in the “Inspection Zone” before tagging.
- Shelves are labeled using alphanumeric codes (e.g., A1-B3).",False,nan,nan,nan,nan,nan,nan
What inspection schedule applies to firefighting equipment?,rag,Fire extinguishers are positioned every 15 m and are inspected monthly.,keyword_only,0.0,1.0,2,37,0.5320845197266704,1.0,1.0,46.240211486816406,"Source: Safety Manual, Chunk 3
SECTION 3: EQUIPMENT USAGE & MAINTENANCE
----------------------------------------
- Pallet jacks and forklifts must be returned to charging docks after shift.
- Battery water levels should be checked every Monday morning.
- Only trained staff may operate powered equipment (see list in Appendix A).
- Monthly maintenance logs must be filled by the Maintenance Lead.",False,nan,nan,nan,nan,nan,nan
What inspection schedule applies to firefighting equipment?,rag,Fire extinguishers are positioned every 15 m and are inspected monthly.,keyword_only,0.0,1.0,3,40,0.553710545967822,1.0,1.0,45.33928680419922,"Source: Safety Manual, Chunk 6
SECTION 6: INCIDENT REPORTING & FEEDBACK
----------------------------------------
- Any injuries, equipment damage, or process violations must be reported within 1 hour.
- Use Form WHS-207 and submit to the Shift Supervisor.
- Anonymous feedback can be left in the box outside Room B-2 or submitted via the internal portal.",False,nan,nan,nan,nan,nan,nan
What inspection schedule applies to firefighting equipment?,rag,Fire extinguishers are positioned every 15 m and are inspected monthly.,keyword_only,0.0,1.0,4,42,0.6457008278651384,1.0,1.0,41.8621940612793,"Source: Safety Manual, Chunk 8
SECTION 2: PERSONAL PROTECTIVE EQUIPMENT (PPE)
Safety Helmets – Required at all times inside loading areas.
High-Visibility Vests – Fluorescent yellow or orange with reflective stripes.
Steel-Toed Boots – Must conform to ISO 20345:2011.
Cut-Resistant Gloves – Mandatory when handling sharp materials.
Hearing Protection – Required in areas above 85 dB",False,nan,nan,nan,nan,nan,nan
What inspection schedule applies to firefighting equipment?,rag,Fire extinguishers are positioned every 15 m and are inspected monthly.,keyword_only,0.0,1.0,5,39,0.4453844661880771,0.5,0.5,50.233551025390625,"Source: Safety Manual, Chunk 5
SECTION 5: SECURITY & ACCESS CONTROL
-------------------------------------
- Entry to the warehouse requires ID badge scans.
- All doors auto-lock after 8:00 PM.
- Visitors must be logged in at the front desk and accompanied at all times.
- Security footage is retained for 30 days and reviewed weekly.",False,nan,nan,nan,nan,nan,nan
What inspection schedule applies to firefighting equipment?,rag,Fire extinguishers are positioned every 15 m and are inspected monthly.,hybrid_50_50,0.5,0.5,1,42,0.6457008278651384,1.0,0.8228504139325692,41.8621940612793,"Source: Safety Manual, Chunk 8
SECTION 2: PERSONAL PROTECTIVE EQUIPMENT (PPE)
Safety Helmets – Required at all times inside loading areas.
High-Visibility Vests – Fluorescent yellow or orange with reflective stripes.
Steel-Toed Boots – Must conform to ISO 20345:2011.
Cut-Resistant Gloves – Mandatory when handling sharp materials.
Hearing Protection – Required in areas above 85 dB",False,nan,nan,nan,nan,nan,nan
What inspection schedule applies to firefighting equipment?,rag,Fire extinguishers are positioned every 15 m and are inspected monthly.,hybrid_50_50,0.5,0.5,2,40,0.553710545967822,1.0,0.776855272983911,45.33928680419922,"Source: Safety Manual, Chunk 6
SECTION 6: INCIDENT REPORTING & FEEDBACK
----------------------------------------
- Any injuries, equipment damage, or process violations must be reported within 1 hour.
- Use Form WHS-207 and submit to the Shift Supervisor.
- Anonymous feedback can be left in the box outside Room B-2 or submitted via the internal portal.",False,nan,nan,nan,nan,nan,nan
What inspection schedule applies to firefighting equipment?,rag,Fire extinguishers are positioned every 15 m and are inspected monthly.,hybrid_50_50,0.5,0.5,3,36,0.5417401932651855,1.0,0.7708700966325928,45.83367156982422,"Source: Safety Manual, Chunk 2
SECTION 2: INVENTORY HANDLING
-----------------------------
- Use handheld scanners for all inventory movements.
- Report discrepancies immediately to the Inventory Supervisor.
- Damaged goods must be placed in the “Inspection Zone” before tagging.
- Shelves are labeled using alphanumeric codes (e.g., A1-B3).",False,nan,nan,nan,nan,nan,nan
What inspection schedule applies to firefighting equipment?,rag,Fire extinguishers are positioned every 15 m and are inspected monthly.,hybrid_50_50,0.5,0.5,4,37,0.5320845197266704,1.0,0.7660422598633352,46.240211486816406,"Source: Safety Manual, Chunk 3
SECTION 3: EQUIPMENT USAGE & MAINTENANCE
----------------------------------------
- Pallet jacks and forklifts must be returned to charging docks after shift.
- Battery water levels should be checked every Monday morning.
- Only trained staff may operate powered equipment (see list in Appendix A).
- Monthly maintenance logs must be filled by the Maintenance Lead.",False,nan,nan,nan,nan,nan,nan
What inspection schedule applies to firefighting equipment?,rag,Fire extinguishers are positioned every 15 m and are inspected monthly.,hybrid_50_50,0.5,0.5,5,43,1.0,0.5,0.75,32.2523307800293,"Source: Safety Manual, Chunk 9
SECTION 3: FIRE SAFETY & EVACUATION PROCEDURES
Fire Extinguishers: One every 15 meters; monthly inspection.
Emergency Exits: At least two per zone, clearly marked.
Evacuation Drills: Every 6 months; missed drills require retraining.
Assembly Points: 50 meters from building, marked with green signage.
Never use elevators during evacuation.",False,nan,nan,nan,nan,nan,nan
What inspection schedule applies to firefighting equipment?,rag,Fire extinguishers are positioned every 15 m and are inspected monthly.,hybrid_60_40,0.6,0.4,1,43,1.0,0.5,0.8,32.2523307800293,"Source: Safety Manual, Chunk 9
SECTION 3: FIRE SAFETY & EVACUATION PROCEDURES
Fire Extinguishers: One every 15 meters; monthly inspection.
Emergency Exits: At least two per zone, clearly marked.
Evacuation Drills: Every 6 months; missed drills require retraining.
Assembly Points: 50 meters from building, marked with green signage.
Never use elevators during evacuation.",False,nan,nan,nan,nan,nan,nan
What inspection schedule applies to firefighting equipment?,rag,Fire extinguishers are positioned every 15 m and are inspected monthly.,hybrid_60_40,0.6,0.4,2,42,0.6457008278651384,1.0,0.787420496719083,41.8621940612793,"Source: Safety Manual, Chunk 8
SECTION 2: PERSONAL PROTECTIVE EQUIPMENT (PPE)
Safety Helmets – Required at all times inside loading areas.
High-Visibility Vests – Fluorescent yellow or orange with reflective stripes.
Steel-Toed Boots – Must conform to ISO 20345:2011.
Cut-Resistant Gloves – Mandatory when handling sharp materials.
Hearing Protection – Required in areas above 85 dB",False,nan,nan,nan,nan,nan,nan
What inspection schedule applies to firefighting equipment?,rag,Fire extinguishers are positioned every 15 m and are inspected monthly.,hybrid_60_40,0.6,0.4,3,40,0.553710545967822,1.0,0.7322263275806933,45.33928680419922,"Source: Safety Manual, Chunk 6
SECTION 6: INCIDENT REPORTING & FEEDBACK
----------------------------------------
- Any injuries, equipment damage, or process violations must be reported within 1 hour.
- Use Form WHS-207 and submit to the Shift Supervisor.
- Anonymous feedback can be left in the box outside Room B-2 or submitted via the internal portal.",False,nan,nan,nan,nan,nan,nan
What inspection schedule applies to firefighting equipment?,rag,Fire extinguishers are positioned every 15 m and are inspected monthly.,hybrid_60_40,0.6,0.4,4,36,0.5417401932651855,1.0,0.7250441159591113,45.83367156982422,"Source: Safety Manual, Chunk 2
SECTION 2: INVENTORY HANDLING
-----------------------------
- Use handheld scanners for all inventory movements.
- Report discrepancies immediately to the Inventory Supervisor.
- Damaged goods must be placed in the “Inspection Zone” before tagging.
- Shelves are labeled using alphanumeric codes (e.g., A1-B3).",False,nan,nan,nan,nan,nan,nan
What inspection schedule applies to firefighting equipment?,rag,Fire extinguishers are positioned every 15 m and are inspected monthly.,hybrid_60_40,0.6,0.4,5,37,0.5320845197266704,1.0,0.7192507118360023,46.240211486816406,"Source: Safety Manual, Chunk 3
SECTION 3: EQUIPMENT USAGE & MAINTENANCE
----------------------------------------
- Pallet jacks and forklifts must be returned to charging docks after shift.
- Battery water levels should be checked every Monday morning.
- Only trained staff may operate powered equipment (see list in Appendix A).
- Monthly maintenance logs must be filled by the Maintenance Lead.",False,nan,nan,nan,nan,nan,nan
What inspection schedule applies to firefighting equipment?,rag,Fire extinguishers are positioned every 15 m and are inspected monthly.,hybrid_70_30,0.7,0.3,1,43,1.0,0.5,0.85,32.2523307800293,"Source: Safety Manual, Chunk 9
SECTION 3: FIRE SAFETY & EVACUATION PROCEDURES
Fire Extinguishers: One every 15 meters; monthly inspection.
Emergency Exits: At least two per zone, clearly marked.
Evacuation Drills: Every 6 months; missed drills require retraining.
Assembly Points: 50 meters from building, marked with green signage.
Never use elevators during evacuation.",False,nan,nan,nan,nan,nan,nan
What inspection schedule applies to firefighting equipment?,rag,Fire extinguishers are positioned every 15 m and are inspected monthly.,hybrid_70_30,0.7,0.3,2,42,0.6457008278651384,1.0,0.7519905795055968,41.8621940612793,"Source: Safety Manual, Chunk 8
SECTION 2: PERSONAL PROTECTIVE EQUIPMENT (PPE)
Safety Helmets – Required at all times inside loading areas.
High-Visibility Vests – Fluorescent yellow or orange with reflective stripes.
Steel-Toed Boots – Must conform to ISO 20345:2011.
Cut-Resistant Gloves – Mandatory when handling sharp materials.
Hearing Protection – Required in areas above 85 dB",False,nan,nan,nan,nan,nan,nan
What inspection schedule applies to firefighting equipment?,rag,Fire extinguishers are positioned every 15 m and are inspected monthly.,hybrid_70_30,0.7,0.3,3,40,0.553710545967822,1.0,0.6875973821774753,45.33928680419922,"Source: Safety Manual, Chunk 6
SECTION 6: INCIDENT REPORTING & FEEDBACK
----------------------------------------
- Any injuries, equipment damage, or process violations must be reported within 1 hour.
- Use Form WHS-207 and submit to the Shift Supervisor.
- Anonymous feedback can be left in the box outside Room B-2 or submitted via the internal portal.",False,nan,nan,nan,nan,nan,nan
What inspection schedule applies to firefighting equipment?,rag,Fire extinguishers are positioned every 15 m and are inspected monthly.,hybrid_70_30,0.7,0.3,4,36,0.5417401932651855,1.0,0.6792181352856299,45.83367156982422,"Source: Safety Manual, Chunk 2
SECTION 2: INVENTORY HANDLING
-----------------------------
- Use handheld scanners for all inventory movements.
- Report discrepancies immediately to the Inventory Supervisor.
- Damaged goods must be placed in the “Inspection Zone” before tagging.
- Shelves are labeled using alphanumeric codes (e.g., A1-B3).",False,nan,nan,nan,nan,nan,nan
What inspection schedule applies to firefighting equipment?,rag,Fire extinguishers are positioned every 15 m and are inspected monthly.,hybrid_70_30,0.7,0.3,5,37,0.5320845197266704,1.0,0.6724591638086692,46.240211486816406,"Source: Safety Manual, Chunk 3
SECTION 3: EQUIPMENT USAGE & MAINTENANCE
----------------------------------------
- Pallet jacks and forklifts must be returned to charging docks after shift.
- Battery water levels should be checked every Monday morning.
- Only trained staff may operate powered equipment (see list in Appendix A).
- Monthly maintenance logs must be filled by the Maintenance Lead.",False,nan,nan,nan,nan,nan,nan
What inspection schedule applies to firefighting equipment?,rag,Fire extinguishers are positioned every 15 m and are inspected monthly.,hybrid_80_20,0.8,0.2,1,43,1.0,0.5,0.9,32.2523307800293,"Source: Safety Manual, Chunk 9
SECTION 3: FIRE SAFETY & EVACUATION PROCEDURES
Fire Extinguishers: One every 15 meters; monthly inspection.
Emergency Exits: At least two per zone, clearly marked.
Evacuation Drills: Every 6 months; missed drills require retraining.
Assembly Points: 50 meters from building, marked with green signage.
Never use elevators during evacuation.",False,nan,nan,nan,nan,nan,nan
What inspection schedule applies to firefighting equipment?,rag,Fire extinguishers are positioned every 15 m and are inspected monthly.,hybrid_80_20,0.8,0.2,2,42,0.6457008278651384,1.0,0.7165606622921108,41.8621940612793,"Source: Safety Manual, Chunk 8
SECTION 2: PERSONAL PROTECTIVE EQUIPMENT (PPE)
Safety Helmets – Required at all times inside loading areas.
High-Visibility Vests – Fluorescent yellow or orange with reflective stripes.
Steel-Toed Boots – Must conform to ISO 20345:2011.
Cut-Resistant Gloves – Mandatory when handling sharp materials.
Hearing Protection – Required in areas above 85 dB",False,nan,nan,nan,nan,nan,nan
What inspection schedule applies to firefighting equipment?,rag,Fire extinguishers are positioned every 15 m and are inspected monthly.,hybrid_80_20,0.8,0.2,3,47,0.8924799395277974,0.0,0.7139839516222379,34.67998504638672,"Source: Safety Manual, Chunk 13
SECTION 7: TRAINING AND CERTIFICATION
Safety Training is required:
Annually for all employees.
Immediately after any safety violation or accident.
Lockout/Tagout procedures must be reviewed every 12 months.


SECTION 8: EMERGENCY CONTACTS
Fire Department: 101
Police: 100
On-site Medical Officer: Ext. 221
Warehouse Safety Lead: Ext. 115",False,nan,nan,nan,nan,nan,nan
What inspection schedule applies to firefighting equipment?,rag,Fire extinguishers are positioned every 15 m and are inspected monthly.,hybrid_80_20,0.8,0.2,4,40,0.553710545967822,1.0,0.6429684367742576,45.33928680419922,"Source: Safety Manual, Chunk 6
SECTION 6: INCIDENT REPORTING & FEEDBACK
----------------------------------------
- Any injuries, equipment damage, or process violations must be reported within 1 hour.
- Use Form WHS-207 and submit to the Shift Supervisor.
- Anonymous feedback can be left in the box outside Room B-2 or submitted via the internal portal.",False,nan,nan,nan,nan,nan,nan
What inspection schedule applies to firefighting equipment?,rag,Fire extinguishers are positioned every 15 m and are inspected monthly.,hybrid_80_20,0.8,0.2,5,36,0.5417401932651855,1.0,0.6333921546121484,45.83367156982422,"Source: Safety Manual, Chunk 2
SECTION 2: INVENTORY HANDLING
-----------------------------
- Use handheld scanners for all inventory movements.
- Report discrepancies immediately to the Inventory Supervisor.
- Damaged goods must be placed in the “Inspection Zone” before tagging.
- Shelves are labeled using alphanumeric codes (e.g., A1-B3).",False,nan,nan,nan,nan,nan,nan
What PPE is required when employees handle sharp objects?,rag,Cut-resistant gloves are mandatory when handling sharp materials.,semantic_only,1.0,0.0,1,44,1.0,0.75,1.0,36.856876373291016,"Source: Safety Manual, Chunk 10
SECTION 4: VISITOR PROTOCOL
All visitors must sign in at the security desk and wear visitor badges.
Visitors must be escorted by a warehouse employee at all times.
PPE is required for visitors entering the warehouse floor.
Visits should be scheduled at least 24 hours in advance.",False,nan,nan,nan,nan,nan,nan
What PPE is required when employees handle sharp objects?,rag,Cut-resistant gloves are mandatory when handling sharp materials.,semantic_only,1.0,0.0,2,36,0.9284963050999384,0.0,0.9284963050999384,38.223968505859375,"Source: Safety Manual, Chunk 2
SECTION 2: INVENTORY HANDLING
-----------------------------
- Use handheld scanners for all inventory movements.
- Report discrepancies immediately to the Inventory Supervisor.
- Damaged goods must be placed in the “Inspection Zone” before tagging.
- Shelves are labeled using alphanumeric codes (e.g., A1-B3).",False,nan,nan,nan,nan,nan,nan
What PPE is required when employees handle sharp objects?,rag,Cut-resistant gloves are mandatory when handling sharp materials.,semantic_only,1.0,0.0,3,47,0.8588576253778203,0.75,0.8588576253778203,39.653770446777344,"Source: Safety Manual, Chunk 13
SECTION 7: TRAINING AND CERTIFICATION
Safety Training is required:
Annually for all employees.
Immediately after any safety violation or accident.
Lockout/Tagout procedures must be reviewed every 12 months.


SECTION 8: EMERGENCY CONTACTS
Fire Department: 101
Police: 100
On-site Medical Officer: Ext. 221
Warehouse Safety Lead: Ext. 115",False,nan,nan,nan,nan,nan,nan
What PPE is required when employees handle sharp objects?,rag,Cut-resistant gloves are mandatory when handling sharp materials.,semantic_only,1.0,0.0,4,42,0.8564252884210215,1.0,0.8564252884210215,39.705596923828125,"Source: Safety Manual, Chunk 8
SECTION 2: PERSONAL PROTECTIVE EQUIPMENT (PPE)
Safety Helmets – Required at all times inside loading areas.
High-Visibility Vests – Fluorescent yellow or orange with reflective stripes.
Steel-Toed Boots – Must conform to ISO 20345:2011.
Cut-Resistant Gloves – Mandatory when handling sharp materials.
Hearing Protection – Required in areas above 85 dB",False,nan,nan,nan,nan,nan,nan
What PPE is required when employees handle sharp objects?,rag,Cut-resistant gloves are mandatory when handling sharp materials.,semantic_only,1.0,0.0,5,40,0.8158763623613456,0.0,0.8158763623613456,40.58946990966797,"Source: Safety Manual, Chunk 6
SECTION 6: INCIDENT REPORTING & FEEDBACK
----------------------------------------
- Any injuries, equipment damage, or process violations must be reported within 1 hour.
- Use Form WHS-207 and submit to the Shift Supervisor.
- Anonymous feedback can be left in the box outside Room B-2 or submitted via the internal portal.",False,nan,nan,nan,nan,nan,nan
What PPE is required when employees handle sharp objects?,rag,Cut-resistant gloves are mandatory when handling sharp materials.,keyword_only,0.0,1.0,1,42,0.8564252884210215,1.0,1.0,39.705596923828125,"Source: Safety Manual, Chunk 8
SECTION 2: PERSONAL PROTECTIVE EQUIPMENT (PPE)
Safety Helmets – Required at all times inside loading areas.
High-Visibility Vests – Fluorescent yellow or orange with reflective stripes.
Steel-Toed Boots – Must conform to ISO 20345:2011.
Cut-Resistant Gloves – Mandatory when handling sharp materials.
Hearing Protection – Required in areas above 85 dB",False,nan,nan,nan,nan,nan,nan
What PPE is required when employees handle sharp objects?,rag,Cut-resistant gloves are mandatory when handling sharp materials.,keyword_only,0.0,1.0,2,44,1.0,0.75,0.75,36.856876373291016,"Source: Safety Manual, Chunk 10
SECTION 4: VISITOR PROTOCOL
All visitors must sign in at the security desk and wear visitor badges.
Visitors must be escorted by a warehouse employee at all times.
PPE is required for visitors entering the warehouse floor.
Visits should be scheduled at least 24 hours in advance.",False,nan,nan,nan,nan,nan,nan
What PPE is required when employees handle sharp objects?,rag,Cut-resistant gloves are mandatory when handling sharp materials.,keyword_only,0.0,1.0,3,47,0.8588576253778203,0.75,0.75,39.653770446777344,"Source: Safety Manual, Chunk 13
SECTION 7: TRAINING AND CERTIFICATION
Safety Training is required:
Annually for all employees.
Immediately after any safety violation or accident.
Lockout/Tagout procedures must be reviewed every 12 months.


SECTION 8: EMERGENCY CONTACTS
Fire Department: 101
Police: 100
On-site Medical Officer: Ext. 221
Warehouse Safety Lead: Ext. 115",False,nan,nan,nan,nan,nan,nan
What PPE is required when employees handle sharp objects?,rag,Cut-resistant gloves are mandatory when handling sharp materials.,keyword_only,0.0,1.0,4,35,0.40212865733171355,0.25,0.25,52.42670822143555,"Source: Safety Manual, Chunk 1
WAREHOUSE DAILY OPERATIONS GUIDE (2024)
========================================

SECTION 1: SHIFT SCHEDULES & WORKFLOW
-------------------------------------
- Morning Shift: 6:00 AM – 2:00 PM
- Afternoon Shift: 2:00 PM – 10:00 PM
- Night Shift: 10:00 PM – 6:00 AM
- All workers must sign in 10 minutes before their shift and attend the team briefing.
- Daily workload is divided into receiving, inventory update, picking, packing, and dispatch.",False,nan,nan,nan,nan,nan,nan
What PPE is required when employees handle sharp objects?,rag,Cut-resistant gloves are mandatory when handling sharp materials.,keyword_only,0.0,1.0,5,39,0.5908927896304553,0.25,0.25,46.28643798828125,"Source: Safety Manual, Chunk 5
SECTION 5: SECURITY & ACCESS CONTROL
-------------------------------------
- Entry to the warehouse requires ID badge scans.
- All doors auto-lock after 8:00 PM.
- Visitors must be logged in at the front desk and accompanied at all times.
- Security footage is retained for 30 days and reviewed weekly.",False,nan,nan,nan,nan,nan,nan
What PPE is required when employees handle sharp objects?,rag,Cut-resistant gloves are mandatory when handling sharp materials.,hybrid_50_50,0.5,0.5,1,42,0.8564252884210215,1.0,0.9282126442105108,39.705596923828125,"Source: Safety Manual, Chunk 8
SECTION 2: PERSONAL PROTECTIVE EQUIPMENT (PPE)
Safety Helmets – Required at all times inside loading areas.
High-Visibility Vests – Fluorescent yellow or orange with reflective stripes.
Steel-Toed Boots – Must conform to ISO 20345:2011.
Cut-Resistant Gloves – Mandatory when handling sharp materials.
Hearing Protection – Required in areas above 85 dB",False,nan,nan,nan,nan,nan,nan
What PPE is required when employees handle sharp objects?,rag,Cut-resistant gloves are mandatory when handling sharp materials.,hybrid_50_50,0.5,0.5,2,44,1.0,0.75,0.875,36.856876373291016,"Source: Safety Manual, Chunk 10
SECTION 4: VISITOR PROTOCOL
All visitors must sign in at the security desk and wear visitor badges.
Visitors must be escorted by a warehouse employee at all times.
PPE is required for visitors entering the warehouse floor.
Visits should be scheduled at least 24 hours in advance.",False,nan,nan,nan,nan,nan,nan
What PPE is required when employees handle sharp objects?,rag,Cut-resistant gloves are mandatory when handling sharp materials.,hybrid_50_50,0.5,0.5,3,47,0.8588576253778203,0.75,0.8044288126889101,39.653770446777344,"Source: Safety Manual, Chunk 13
SECTION 7: TRAINING AND CERTIFICATION
Safety Training is required:
Annually for all employees.
Immediately after any safety violation or accident.
Lockout/Tagout procedures must be reviewed every 12 months.


SECTION 8: EMERGENCY CONTACTS
Fire Department: 101
Police: 100
On-site Medical Officer: Ext. 221
Warehouse Safety Lead: Ext. 115",False,nan,nan,nan,nan,nan,nan
What PPE is required when employees handle sharp objects?,rag,Cut-resistant gloves are mandatory when handling sharp materials.,hybrid_50_50,0.5,0.5,4,36,0.9284963050999384,0.0,0.4642481525499692,38.223968505859375,"Source: Safety Manual, Chunk 2
SECTION 2: INVENTORY HANDLING
-----------------------------
- Use handheld scanners for all inventory movements.
- Report discrepancies immediately to the Inventory Supervisor.
- Damaged goods must be placed in the “Inspection Zone” before tagging.
- Shelves are labeled using alphanumeric codes (e.g., A1-B3).",False,nan,nan,nan,nan,nan,nan
What PPE is required when employees handle sharp objects?,rag,Cut-resistant gloves are mandatory when handling sharp materials.,hybrid_50_50,0.5,0.5,5,41,0.668771289278448,0.25,0.459385644639224,44.14579391479492,"Source: Safety Manual, Chunk 7
WAREHOUSE DAILY OPERATIONS GUIDE (2025)
========================================
SECTION 1: SHIFT TIMINGS
Morning Shift: 6:00 AM – 2:00 PM
Afternoon Shift: 2:00 PM – 10:00 PM
Night Shift: 10:00 PM – 6:00 AM
All employees must clock in no later than 5 minutes before shift start,",False,nan,nan,nan,nan,nan,nan
What PPE is required when employees handle sharp objects?,rag,Cut-resistant gloves are mandatory when handling sharp materials.,hybrid_60_40,0.6,0.4,1,42,0.8564252884210215,1.0,0.9138551730526129,39.705596923828125,"Source: Safety Manual, Chunk 8
SECTION 2: PERSONAL PROTECTIVE EQUIPMENT (PPE)
Safety Helmets – Required at all times inside loading areas.
High-Visibility Vests – Fluorescent yellow or orange with reflective stripes.
Steel-Toed Boots – Must conform to ISO 20345:2011.
Cut-Resistant Gloves – Mandatory when handling sharp materials.
Hearing Protection – Required in areas above 85 dB",False,nan,nan,nan,nan,nan,nan
What PPE is required when employees handle sharp objects?,rag,Cut-resistant gloves are mandatory when handling sharp materials.,hybrid_60_40,0.6,0.4,2,44,1.0,0.75,0.9,36.856876373291016,"Source: Safety Manual, Chunk 10
SECTION 4: VISITOR PROTOCOL
All visitors must sign in at the security desk and wear visitor badges.
Visitors must be escorted by a warehouse employee at all times.
PPE is required for visitors entering the warehouse floor.
Visits should be scheduled at least 24 hours in advance.",False,nan,nan,nan,nan,nan,nan
What PPE is required when employees handle sharp objects?,rag,Cut-resistant gloves are mandatory when handling sharp materials.,hybrid_60_40,0.6,0.4,3,47,0.8588576253778203,0.75,0.8153145752266922,39.653770446777344,"Source: Safety Manual, Chunk 13
SECTION 7: TRAINING AND CERTIFICATION
Safety Training is required:
Annually for all employees.
Immediately after any safety violation or accident.
Lockout/Tagout procedures must be reviewed every 12 months.


SECTION 8: EMERGENCY CONTACTS
Fire Department: 101
Police: 100
On-site Medical Officer: Ext. 221
Warehouse Safety Lead: Ext. 115",False,nan,nan,nan,nan,nan,nan
What PPE is required when employees handle sharp objects?,rag,Cut-resistant gloves are mandatory when handling sharp materials.,hybrid_60_40,0.6,0.4,4,36,0.9284963050999384,0.0,0.557097783059963,38.223968505859375,"Source: Safety Manual, Chunk 2
SECTION 2: INVENTORY HANDLING
-----------------------------
- Use handheld scanners for all inventory movements.
- Report discrepancies immediately to the Inventory Supervisor.
- Damaged goods must be placed in the “Inspection Zone” before tagging.
- Shelves are labeled using alphanumeric codes (e.g., A1-B3).",False,nan,nan,nan,nan,nan,nan
What PPE is required when employees handle sharp objects?,rag,Cut-resistant gloves are mandatory when handling sharp materials.,hybrid_60_40,0.6,0.4,5,41,0.668771289278448,0.25,0.5012627735670688,44.14579391479492,"Source: Safety Manual, Chunk 7
WAREHOUSE DAILY OPERATIONS GUIDE (2025)
========================================
SECTION 1: SHIFT TIMINGS
Morning Shift: 6:00 AM – 2:00 PM
Afternoon Shift: 2:00 PM – 10:00 PM
Night Shift: 10:00 PM – 6:00 AM
All employees must clock in no later than 5 minutes before shift start,",False,nan,nan,nan,nan,nan,nan
What PPE is required when employees handle sharp objects?,rag,Cut-resistant gloves are mandatory when handling sharp materials.,hybrid_70_30,0.7,0.3,1,44,1.0,0.75,0.9249999999999999,36.856876373291016,"Source: Safety Manual, Chunk 10
SECTION 4: VISITOR PROTOCOL
All visitors must sign in at the security desk and wear visitor badges.
Visitors must be escorted by a warehouse employee at all times.
PPE is required for visitors entering the warehouse floor.
Visits should be scheduled at least 24 hours in advance.",False,nan,nan,nan,nan,nan,nan
What PPE is required when employees handle sharp objects?,rag,Cut-resistant gloves are mandatory when handling sharp materials.,hybrid_70_30,0.7,0.3,2,42,0.8564252884210215,1.0,0.899497701894715,39.705596923828125,"Source: Safety Manual, Chunk 8
SECTION 2: PERSONAL PROTECTIVE EQUIPMENT (PPE)
Safety Helmets – Required at all times inside loading areas.
High-Visibility Vests – Fluorescent yellow or orange with reflective stripes.
Steel-Toed Boots – Must conform to ISO 20345:2011.
Cut-Resistant Gloves – Mandatory when handling sharp materials.
Hearing Protection – Required in areas above 85 dB",False,nan,nan,nan,nan,nan,nan
What PPE is required when employees handle sharp objects?,rag,Cut-resistant gloves are mandatory when handling sharp materials.,hybrid_70_30,0.7,0.3,3,47,0.8588576253778203,0.75,0.8262003377644741,39.653770446777344,"Source: Safety Manual, Chunk 13
SECTION 7: TRAINING AND CERTIFICATION
Safety Training is required:
Annually for all employees.
Immediately after any safety violation or accident.
Lockout/Tagout procedures must be reviewed every 12 months.


SECTION 8: EMERGENCY CONTACTS
Fire Department: 101
Police: 100
On-site Medical Officer: Ext. 221
Warehouse Safety Lead: Ext. 115",False,nan,nan,nan,nan,nan,nan
What PPE is required when employees handle sharp objects?,rag,Cut-resistant gloves are mandatory when handling sharp materials.,hybrid_70_30,0.7,0.3,4,36,0.9284963050999384,0.0,0.6499474135699569,38.223968505859375,"Source: Safety Manual, Chunk 2
SECTION 2: INVENTORY HANDLING
-----------------------------
- Use handheld scanners for all inventory movements.
- Report discrepancies immediately to the Inventory Supervisor.
- Damaged goods must be placed in the “Inspection Zone” before tagging.
- Shelves are labeled using alphanumeric codes (e.g., A1-B3).",False,nan,nan,nan,nan,nan,nan
What PPE is required when employees handle sharp objects?,rag,Cut-resistant gloves are mandatory when handling sharp materials.,hybrid_70_30,0.7,0.3,5,40,0.8158763623613456,0.0,0.5711134536529419,40.58946990966797,"Source: Safety Manual, Chunk 6
SECTION 6: INCIDENT REPORTING & FEEDBACK
----------------------------------------
- Any injuries, equipment damage, or process violations must be reported within 1 hour.
- Use Form WHS-207 and submit to the Shift Supervisor.
- Anonymous feedback can be left in the box outside Room B-2 or submitted via the internal portal.",False,nan,nan,nan,nan,nan,nan
What PPE is required when employees handle sharp objects?,rag,Cut-resistant gloves are mandatory when handling sharp materials.,hybrid_80_20,0.8,0.2,1,44,1.0,0.75,0.9500000000000001,36.856876373291016,"Source: Safety Manual, Chunk 10
SECTION 4: VISITOR PROTOCOL
All visitors must sign in at the security desk and wear visitor badges.
Visitors must be escorted by a warehouse employee at all times.
PPE is required for visitors entering the warehouse floor.
Visits should be scheduled at least 24 hours in advance.",False,nan,nan,nan,nan,nan,nan
What PPE is required when employees handle sharp objects?,rag,Cut-resistant gloves are mandatory when handling sharp materials.,hybrid_80_20,0.8,0.2,2,42,0.8564252884210215,1.0,0.8851402307368172,39.705596923828125,"Source: Safety Manual, Chunk 8
SECTION 2: PERSONAL PROTECTIVE EQUIPMENT (PPE)
Safety Helmets – Required at all times inside loading areas.
High-Visibility Vests – Fluorescent yellow or orange with reflective stripes.
Steel-Toed Boots – Must conform to ISO 20345:2011.
Cut-Resistant Gloves – Mandatory when handling sharp materials.
Hearing Protection – Required in areas above 85 dB",False,nan,nan,nan,nan,nan,nan
What PPE is required when employees handle sharp objects?,rag,Cut-resistant gloves are mandatory when handling sharp materials.,hybrid_80_20,0.8,0.2,3,47,0.8588576253778203,0.75,0.8370861003022563,39.653770446777344,"Source: Safety Manual, Chunk 13
SECTION 7: TRAINING AND CERTIFICATION
Safety Training is required:
Annually for all employees.
Immediately after any safety violation or accident.
Lockout/Tagout procedures must be reviewed every 12 months.


SECTION 8: EMERGENCY CONTACTS
Fire Department: 101
Police: 100
On-site Medical Officer: Ext. 221
Warehouse Safety Lead: Ext. 115",False,nan,nan,nan,nan,nan,nan
What PPE is required when employees handle sharp objects?,rag,Cut-resistant gloves are mandatory when handling sharp materials.,hybrid_80_20,0.8,0.2,4,36,0.9284963050999384,0.0,0.7427970440799507,38.223968505859375,"Source: Safety Manual, Chunk 2
SECTION 2: INVENTORY HANDLING
-----------------------------
- Use handheld scanners for all inventory movements.
- Report discrepancies immediately to the Inventory Supervisor.
- Damaged goods must be placed in the “Inspection Zone” before tagging.
- Shelves are labeled using alphanumeric codes (e.g., A1-B3).",False,nan,nan,nan,nan,nan,nan
What PPE is required when employees handle sharp objects?,rag,Cut-resistant gloves are mandatory when handling sharp materials.,hybrid_80_20,0.8,0.2,5,40,0.8158763623613456,0.0,0.6527010898890766,40.58946990966797,"Source: Safety Manual, Chunk 6
SECTION 6: INCIDENT REPORTING & FEEDBACK
----------------------------------------
- Any injuries, equipment damage, or process violations must be reported within 1 hour.
- Use Form WHS-207 and submit to the Shift Supervisor.
- Anonymous feedback can be left in the box outside Room B-2 or submitted via the internal portal.",False,nan,nan,nan,nan,nan,nan
What does the manual specify for hearing protection in noisy areas?,rag,Hearing protection is required in areas where noise exceeds 85 dB.,semantic_only,1.0,0.0,1,42,1.0,1.0,1.0,36.63267517089844,"Source: Safety Manual, Chunk 8
SECTION 2: PERSONAL PROTECTIVE EQUIPMENT (PPE)
Safety Helmets – Required at all times inside loading areas.
High-Visibility Vests – Fluorescent yellow or orange with reflective stripes.
Steel-Toed Boots – Must conform to ISO 20345:2011.
Cut-Resistant Gloves – Mandatory when handling sharp materials.
Hearing Protection – Required in areas above 85 dB",False,nan,nan,nan,nan,nan,nan
What does the manual specify for hearing protection in noisy areas?,rag,Hearing protection is required in areas where noise exceeds 85 dB.,semantic_only,1.0,0.0,2,47,0.7570613050352539,0.4,0.7570613050352539,42.5992431640625,"Source: Safety Manual, Chunk 13
SECTION 7: TRAINING AND CERTIFICATION
Safety Training is required:
Annually for all employees.
Immediately after any safety violation or accident.
Lockout/Tagout procedures must be reviewed every 12 months.


SECTION 8: EMERGENCY CONTACTS
Fire Department: 101
Police: 100
On-site Medical Officer: Ext. 221
Warehouse Safety Lead: Ext. 115",False,nan,nan,nan,nan,nan,nan
What does the manual specify for hearing protection in noisy areas?,rag,Hearing protection is required in areas where noise exceeds 85 dB.,semantic_only,1.0,0.0,3,40,0.7135421676830699,0.6,0.7135421676830699,43.87372970581055,"Source: Safety Manual, Chunk 6
SECTION 6: INCIDENT REPORTING & FEEDBACK
----------------------------------------
- Any injuries, equipment damage, or process violations must be reported within 1 hour.
- Use Form WHS-207 and submit to the Shift Supervisor.
- Anonymous feedback can be left in the box outside Room B-2 or submitted via the internal portal.",False,nan,nan,nan,nan,nan,nan
What does the manual specify for hearing protection in noisy areas?,rag,Hearing protection is required in areas where noise exceeds 85 dB.,semantic_only,1.0,0.0,4,36,0.6241497314517863,0.8,0.6241497314517863,46.74029541015625,"Source: Safety Manual, Chunk 2
SECTION 2: INVENTORY HANDLING
-----------------------------
- Use handheld scanners for all inventory movements.
- Report discrepancies immediately to the Inventory Supervisor.
- Damaged goods must be placed in the “Inspection Zone” before tagging.
- Shelves are labeled using alphanumeric codes (e.g., A1-B3).",False,nan,nan,nan,nan,nan,nan
What does the manual specify for hearing protection in noisy areas?,rag,Hearing protection is required in areas where noise exceeds 85 dB.,semantic_only,1.0,0.0,5,43,0.6185862555188659,0.2,0.6185862555188659,46.93085479736328,"Source: Safety Manual, Chunk 9
SECTION 3: FIRE SAFETY & EVACUATION PROCEDURES
Fire Extinguishers: One every 15 meters; monthly inspection.
Emergency Exits: At least two per zone, clearly marked.
Evacuation Drills: Every 6 months; missed drills require retraining.
Assembly Points: 50 meters from building, marked with green signage.
Never use elevators during evacuation.",False,nan,nan,nan,nan,nan,nan
What does the manual specify for hearing protection in noisy areas?,rag,Hearing protection is required in areas where noise exceeds 85 dB.,keyword_only,0.0,1.0,1,42,1.0,1.0,1.0,36.63267517089844,"Source: Safety Manual, Chunk 8
SECTION 2: PERSONAL PROTECTIVE EQUIPMENT (PPE)
Safety Helmets – Required at all times inside loading areas.
High-Visibility Vests – Fluorescent yellow or orange with reflective stripes.
Steel-Toed Boots – Must conform to ISO 20345:2011.
Cut-Resistant Gloves – Mandatory when handling sharp materials.
Hearing Protection – Required in areas above 85 dB",False,nan,nan,nan,nan,nan,nan
What does the manual specify for hearing protection in noisy areas?,rag,Hearing protection is required in areas where noise exceeds 85 dB.,keyword_only,0.0,1.0,2,36,0.6241497314517863,0.8,0.8,46.74029541015625,"Source: Safety Manual, Chunk 2
SECTION 2: INVENTORY HANDLING
-----------------------------
- Use handheld scanners for all inventory movements.
- Report discrepancies immediately to the Inventory Supervisor.
- Damaged goods must be placed in the “Inspection Zone” before tagging.
- Shelves are labeled using alphanumeric codes (e.g., A1-B3).",False,nan,nan,nan,nan,nan,nan
What does the manual specify for hearing protection in noisy areas?,rag,Hearing protection is required in areas where noise exceeds 85 dB.,keyword_only,0.0,1.0,3,39,0.6080704618920802,0.8,0.8,47.29522705078125,"Source: Safety Manual, Chunk 5
SECTION 5: SECURITY & ACCESS CONTROL
-------------------------------------
- Entry to the warehouse requires ID badge scans.
- All doors auto-lock after 8:00 PM.
- Visitors must be logged in at the front desk and accompanied at all times.
- Security footage is retained for 30 days and reviewed weekly.",False,nan,nan,nan,nan,nan,nan
What does the manual specify for hearing protection in noisy areas?,rag,Hearing protection is required in areas where noise exceeds 85 dB.,keyword_only,0.0,1.0,4,44,0.5021096160124543,0.8,0.8,51.301570892333984,"Source: Safety Manual, Chunk 10
SECTION 4: VISITOR PROTOCOL
All visitors must sign in at the security desk and wear visitor badges.
Visitors must be escorted by a warehouse employee at all times.
PPE is required for visitors entering the warehouse floor.
Visits should be scheduled at least 24 hours in advance.",False,nan,nan,nan,nan,nan,nan
What does the manual specify for hearing protection in noisy areas?,rag,Hearing protection is required in areas where noise exceeds 85 dB.,keyword_only,0.0,1.0,5,46,0.6043437802027563,0.8,0.8,47.425689697265625,"Source: Safety Manual, Chunk 12
SECTION 6: FIRST AID AND INCIDENT REPORTING
First Aid Kits must be:
Available every 30 meters.
Checked weekly by a safety officer.
Incident Reports:
Must be submitted within 2 hours using Form WHS-101.
Use the internal safety portal for submission.
Emergency contacts are listed on the main notice board and in Section 9.",False,nan,nan,nan,nan,nan,nan
What does the manual specify for hearing protection in noisy areas?,rag,Hearing protection is required in areas where noise exceeds 85 dB.,hybrid_50_50,0.5,0.5,1,42,1.0,1.0,1.0,36.63267517089844,"Source: Safety Manual, Chunk 8
SECTION 2: PERSONAL PROTECTIVE EQUIPMENT (PPE)
Safety Helmets – Required at all times inside loading areas.
High-Visibility Vests – Fluorescent yellow or orange with reflective stripes.
Steel-Toed Boots – Must conform to ISO 20345:2011.
Cut-Resistant Gloves – Mandatory when handling sharp materials.
Hearing Protection – Required in areas above 85 dB",False,nan,nan,nan,nan,nan,nan
What does the manual specify for hearing protection in noisy areas?,rag,Hearing protection is required in areas where noise exceeds 85 dB.,hybrid_50_50,0.5,0.5,2,36,0.6241497314517863,0.8,0.7120748657258932,46.74029541015625,"Source: Safety Manual, Chunk 2
SECTION 2: INVENTORY HANDLING
-----------------------------
- Use handheld scanners for all inventory movements.
- Report discrepancies immediately to the Inventory Supervisor.
- Damaged goods must be placed in the “Inspection Zone” before tagging.
- Shelves are labeled using alphanumeric codes (e.g., A1-B3).",False,nan,nan,nan,nan,nan,nan
What does the manual specify for hearing protection in noisy areas?,rag,Hearing protection is required in areas where noise exceeds 85 dB.,hybrid_50_50,0.5,0.5,3,39,0.6080704618920802,0.8,0.7040352309460401,47.29522705078125,"Source: Safety Manual, Chunk 5
SECTION 5: SECURITY & ACCESS CONTROL
-------------------------------------
- Entry to the warehouse requires ID badge scans.
- All doors auto-lock after 8:00 PM.
- Visitors must be logged in at the front desk and accompanied at all times.
- Security footage is retained for 30 days and reviewed weekly.",False,nan,nan,nan,nan,nan,nan
What does the manual specify for hearing protection in noisy areas?,rag,Hearing protection is required in areas where noise exceeds 85 dB.,hybrid_50_50,0.5,0.5,4,46,0.6043437802027563,0.8,0.7021718901013781,47.425689697265625,"Source: Safety Manual, Chunk 12
SECTION 6: FIRST AID AND INCIDENT REPORTING
First Aid Kits must be:
Available every 30 meters.
Checked weekly by a safety officer.
Incident Reports:
Must be submitted within 2 hours using Form WHS-101.
Use the internal safety portal for submission.
Emergency contacts are listed on the main notice board and in Section 9.",False,nan,nan,nan,nan,nan,nan
What does the manual specify for hearing protection in noisy areas?,rag,Hearing protection is required in areas where noise exceeds 85 dB.,hybrid_50_50,0.5,0.5,5,40,0.7135421676830699,0.6,0.6567710838415349,43.87372970581055,"Source: Safety Manual, Chunk 6
SECTION 6: INCIDENT REPORTING & FEEDBACK
----------------------------------------
- Any injuries, equipment damage, or process violations must be reported within 1 hour.
- Use Form WHS-207 and submit to the Shift Supervisor.
- Anonymous feedback can be left in the box outside Room B-2 or submitted via the internal portal.",False,nan,nan,nan,nan,nan,nan
What does the manual specify for hearing protection in noisy areas?,rag,Hearing protection is required in areas where noise exceeds 85 dB.,hybrid_60_40,0.6,0.4,1,42,1.0,1.0,1.0,36.63267517089844,"Source: Safety Manual, Chunk 8
SECTION 2: PERSONAL PROTECTIVE EQUIPMENT (PPE)
Safety Helmets – Required at all times inside loading areas.
High-Visibility Vests – Fluorescent yellow or orange with reflective stripes.
Steel-Toed Boots – Must conform to ISO 20345:2011.
Cut-Resistant Gloves – Mandatory when handling sharp materials.
Hearing Protection – Required in areas above 85 dB",False,nan,nan,nan,nan,nan,nan
What does the manual specify for hearing protection in noisy areas?,rag,Hearing protection is required in areas where noise exceeds 85 dB.,hybrid_60_40,0.6,0.4,2,36,0.6241497314517863,0.8,0.6944898388710719,46.74029541015625,"Source: Safety Manual, Chunk 2
SECTION 2: INVENTORY HANDLING
-----------------------------
- Use handheld scanners for all inventory movements.
- Report discrepancies immediately to the Inventory Supervisor.
- Damaged goods must be placed in the “Inspection Zone” before tagging.
- Shelves are labeled using alphanumeric codes (e.g., A1-B3).",False,nan,nan,nan,nan,nan,nan
What does the manual specify for hearing protection in noisy areas?,rag,Hearing protection is required in areas where noise exceeds 85 dB.,hybrid_60_40,0.6,0.4,3,39,0.6080704618920802,0.8,0.6848422771352483,47.29522705078125,"Source: Safety Manual, Chunk 5
SECTION 5: SECURITY & ACCESS CONTROL
-------------------------------------
- Entry to the warehouse requires ID badge scans.
- All doors auto-lock after 8:00 PM.
- Visitors must be logged in at the front desk and accompanied at all times.
- Security footage is retained for 30 days and reviewed weekly.",False,nan,nan,nan,nan,nan,nan
What does the manual specify for hearing protection in noisy areas?,rag,Hearing protection is required in areas where noise exceeds 85 dB.,hybrid_60_40,0.6,0.4,4,46,0.6043437802027563,0.8,0.6826062681216538,47.425689697265625,"Source: Safety Manual, Chunk 12
SECTION 6: FIRST AID AND INCIDENT REPORTING
First Aid Kits must be:
Available every 30 meters.
Checked weekly by a safety officer.
Incident Reports:
Must be submitted within 2 hours using Form WHS-101.
Use the internal safety portal for submission.
Emergency contacts are listed on the main notice board and in Section 9.",False,nan,nan,nan,nan,nan,nan
What does the manual specify for hearing protection in noisy areas?,rag,Hearing protection is required in areas where noise exceeds 85 dB.,hybrid_60_40,0.6,0.4,5,40,0.7135421676830699,0.6,0.668125300609842,43.87372970581055,"Source: Safety Manual, Chunk 6
SECTION 6: INCIDENT REPORTING & FEEDBACK
----------------------------------------
- Any injuries, equipment damage, or process violations must be reported within 1 hour.
- Use Form WHS-207 and submit to the Shift Supervisor.
- Anonymous feedback can be left in the box outside Room B-2 or submitted via the internal portal.",False,nan,nan,nan,nan,nan,nan
What does the manual specify for hearing protection in noisy areas?,rag,Hearing protection is required in areas where noise exceeds 85 dB.,hybrid_70_30,0.7,0.3,1,42,1.0,1.0,1.0,36.63267517089844,"Source: Safety Manual, Chunk 8
SECTION 2: PERSONAL PROTECTIVE EQUIPMENT (PPE)
Safety Helmets – Required at all times inside loading areas.
High-Visibility Vests – Fluorescent yellow or orange with reflective stripes.
Steel-Toed Boots – Must conform to ISO 20345:2011.
Cut-Resistant Gloves – Mandatory when handling sharp materials.
Hearing Protection – Required in areas above 85 dB",False,nan,nan,nan,nan,nan,nan
What does the manual specify for hearing protection in noisy areas?,rag,Hearing protection is required in areas where noise exceeds 85 dB.,hybrid_70_30,0.7,0.3,2,40,0.7135421676830699,0.6,0.6794795173781489,43.87372970581055,"Source: Safety Manual, Chunk 6
SECTION 6: INCIDENT REPORTING & FEEDBACK
----------------------------------------
- Any injuries, equipment damage, or process violations must be reported within 1 hour.
- Use Form WHS-207 and submit to the Shift Supervisor.
- Anonymous feedback can be left in the box outside Room B-2 or submitted via the internal portal.",False,nan,nan,nan,nan,nan,nan
What does the manual specify for hearing protection in noisy areas?,rag,Hearing protection is required in areas where noise exceeds 85 dB.,hybrid_70_30,0.7,0.3,3,36,0.6241497314517863,0.8,0.6769048120162504,46.74029541015625,"Source: Safety Manual, Chunk 2
SECTION 2: INVENTORY HANDLING
-----------------------------
- Use handheld scanners for all inventory movements.
- Report discrepancies immediately to the Inventory Supervisor.
- Damaged goods must be placed in the “Inspection Zone” before tagging.
- Shelves are labeled using alphanumeric codes (e.g., A1-B3).",False,nan,nan,nan,nan,nan,nan
What does the manual specify for hearing protection in noisy areas?,rag,Hearing protection is required in areas where noise exceeds 85 dB.,hybrid_70_30,0.7,0.3,4,39,0.6080704618920802,0.8,0.6656493233244561,47.29522705078125,"Source: Safety Manual, Chunk 5
SECTION 5: SECURITY & ACCESS CONTROL
-------------------------------------
- Entry to the warehouse requires ID badge scans.
- All doors auto-lock after 8:00 PM.
- Visitors must be logged in at the front desk and accompanied at all times.
- Security footage is retained for 30 days and reviewed weekly.",False,nan,nan,nan,nan,nan,nan
What does the manual specify for hearing protection in noisy areas?,rag,Hearing protection is required in areas where noise exceeds 85 dB.,hybrid_70_30,0.7,0.3,5,46,0.6043437802027563,0.8,0.6630406461419294,47.425689697265625,"Source: Safety Manual, Chunk 12
SECTION 6: FIRST AID AND INCIDENT REPORTING
First Aid Kits must be:
Available every 30 meters.
Checked weekly by a safety officer.
Incident Reports:
Must be submitted within 2 hours using Form WHS-101.
Use the internal safety portal for submission.
Emergency contacts are listed on the main notice board and in Section 9.",False,nan,nan,nan,nan,nan,nan
What does the manual specify for hearing protection in noisy areas?,rag,Hearing protection is required in areas where noise exceeds 85 dB.,hybrid_80_20,0.8,0.2,1,42,1.0,1.0,1.0,36.63267517089844,"Source: Safety Manual, Chunk 8
SECTION 2: PERSONAL PROTECTIVE EQUIPMENT (PPE)
Safety Helmets – Required at all times inside loading areas.
High-Visibility Vests – Fluorescent yellow or orange with reflective stripes.
Steel-Toed Boots – Must conform to ISO 20345:2011.
Cut-Resistant Gloves – Mandatory when handling sharp materials.
Hearing Protection – Required in areas above 85 dB",False,nan,nan,nan,nan,nan,nan
What does the manual specify for hearing protection in noisy areas?,rag,Hearing protection is required in areas where noise exceeds 85 dB.,hybrid_80_20,0.8,0.2,2,40,0.7135421676830699,0.6,0.6908337341464559,43.87372970581055,"Source: Safety Manual, Chunk 6
SECTION 6: INCIDENT REPORTING & FEEDBACK
----------------------------------------
- Any injuries, equipment damage, or process violations must be reported within 1 hour.
- Use Form WHS-207 and submit to the Shift Supervisor.
- Anonymous feedback can be left in the box outside Room B-2 or submitted via the internal portal.",False,nan,nan,nan,nan,nan,nan
What does the manual specify for hearing protection in noisy areas?,rag,Hearing protection is required in areas where noise exceeds 85 dB.,hybrid_80_20,0.8,0.2,3,47,0.7570613050352539,0.4,0.6856490440282033,42.5992431640625,"Source: Safety Manual, Chunk 13
SECTION 7: TRAINING AND CERTIFICATION
Safety Training is required:
Annually for all employees.
Immediately after any safety violation or accident.
Lockout/Tagout procedures must be reviewed every 12 months.


SECTION 8: EMERGENCY CONTACTS
Fire Department: 101
Police: 100
On-site Medical Officer: Ext. 221
Warehouse Safety Lead: Ext. 115",False,nan,nan,nan,nan,nan,nan
What does the manual specify for hearing protection in noisy areas?,rag,Hearing protection is required in areas where noise exceeds 85 dB.,hybrid_80_20,0.8,0.2,4,36,0.6241497314517863,0.8,0.6593197851614291,46.74029541015625,"Source: Safety Manual, Chunk 2
SECTION 2: INVENTORY HANDLING
-----------------------------
- Use handheld scanners for all inventory movements.
- Report discrepancies immediately to the Inventory Supervisor.
- Damaged goods must be placed in the “Inspection Zone” before tagging.
- Shelves are labeled using alphanumeric codes (e.g., A1-B3).",False,nan,nan,nan,nan,nan,nan
What does the manual specify for hearing protection in noisy areas?,rag,Hearing protection is required in areas where noise exceeds 85 dB.,hybrid_80_20,0.8,0.2,5,39,0.6080704618920802,0.8,0.6464563695136643,47.29522705078125,"Source: Safety Manual, Chunk 5
SECTION 5: SECURITY & ACCESS CONTROL
-------------------------------------
- Entry to the warehouse requires ID badge scans.
- All doors auto-lock after 8:00 PM.
- Visitors must be logged in at the front desk and accompanied at all times.
- Security footage is retained for 30 days and reviewed weekly.",False,nan,nan,nan,nan,nan,nan
What are the requirements for the number and marking of emergency exits?,rag,"There must be at least 2 emergency exits per zone, and they must be clearly marked.",semantic_only,1.0,0.0,1,43,1.0,0.4,1.0,31.33562469482422,"Source: Safety Manual, Chunk 9
SECTION 3: FIRE SAFETY & EVACUATION PROCEDURES
Fire Extinguishers: One every 15 meters; monthly inspection.
Emergency Exits: At least two per zone, clearly marked.
Evacuation Drills: Every 6 months; missed drills require retraining.
Assembly Points: 50 meters from building, marked with green signage.
Never use elevators during evacuation.",False,nan,nan,nan,nan,nan,nan
What are the requirements for the number and marking of emergency exits?,rag,"There must be at least 2 emergency exits per zone, and they must be clearly marked.",semantic_only,1.0,0.0,2,47,0.83718978923288,0.6,0.83718978923288,34.744285583496094,"Source: Safety Manual, Chunk 13
SECTION 7: TRAINING AND CERTIFICATION
Safety Training is required:
Annually for all employees.
Immediately after any safety violation or accident.
Lockout/Tagout procedures must be reviewed every 12 months.


SECTION 8: EMERGENCY CONTACTS
Fire Department: 101
Police: 100
On-site Medical Officer: Ext. 221
Warehouse Safety Lead: Ext. 115",False,nan,nan,nan,nan,nan,nan
What are the requirements for the number and marking of emergency exits?,rag,"There must be at least 2 emergency exits per zone, and they must be clearly marked.",semantic_only,1.0,0.0,3,46,0.8149394403036914,1.0,0.8149394403036914,35.266761779785156,"Source: Safety Manual, Chunk 12
SECTION 6: FIRST AID AND INCIDENT REPORTING
First Aid Kits must be:
Available every 30 meters.
Checked weekly by a safety officer.
Incident Reports:
Must be submitted within 2 hours using Form WHS-101.
Use the internal safety portal for submission.
Emergency contacts are listed on the main notice board and in Section 9.",False,nan,nan,nan,nan,nan,nan
What are the requirements for the number and marking of emergency exits?,rag,"There must be at least 2 emergency exits per zone, and they must be clearly marked.",semantic_only,1.0,0.0,4,39,0.6292670798652559,0.6,0.6292670798652559,40.30492401123047,"Source: Safety Manual, Chunk 5
SECTION 5: SECURITY & ACCESS CONTROL
-------------------------------------
- Entry to the warehouse requires ID badge scans.
- All doors auto-lock after 8:00 PM.
- Visitors must be logged in at the front desk and accompanied at all times.
- Security footage is retained for 30 days and reviewed weekly.",False,nan,nan,nan,nan,nan,nan
What are the requirements for the number and marking of emergency exits?,rag,"There must be at least 2 emergency exits per zone, and they must be clearly marked.",semantic_only,1.0,0.0,5,40,0.5880928329921655,0.4,0.5880928329921655,41.617828369140625,"Source: Safety Manual, Chunk 6
SECTION 6: INCIDENT REPORTING & FEEDBACK
----------------------------------------
- Any injuries, equipment damage, or process violations must be reported within 1 hour.
- Use Form WHS-207 and submit to the Shift Supervisor.
- Anonymous feedback can be left in the box outside Room B-2 or submitted via the internal portal.",False,nan,nan,nan,nan,nan,nan
What are the requirements for the number and marking of emergency exits?,rag,"There must be at least 2 emergency exits per zone, and they must be clearly marked.",keyword_only,0.0,1.0,1,46,0.8149394403036914,1.0,1.0,35.266761779785156,"Source: Safety Manual, Chunk 12
SECTION 6: FIRST AID AND INCIDENT REPORTING
First Aid Kits must be:
Available every 30 meters.
Checked weekly by a safety officer.
Incident Reports:
Must be submitted within 2 hours using Form WHS-101.
Use the internal safety portal for submission.
Emergency contacts are listed on the main notice board and in Section 9.",False,nan,nan,nan,nan,nan,nan
What are the requirements for the number and marking of emergency exits?,rag,"There must be at least 2 emergency exits per zone, and they must be clearly marked.",keyword_only,0.0,1.0,2,38,0.42854319398741997,0.8,0.8,47.6043815612793,"Source: Safety Manual, Chunk 4
SECTION 4: CLEANLINESS & WASTE DISPOSAL
---------------------------------------
- Floors must be swept at the end of each shift.
- Spillages must be reported and cleaned immediately using absorbent pads.
- Recycling bins are color-coded:
  - Blue: Paper/Cardboard
  - Green: Plastic
  - Red: Hazardous waste
- All cleaning supplies are stored in Room C-14.",False,nan,nan,nan,nan,nan,nan
What are the requirements for the number and marking of emergency exits?,rag,"There must be at least 2 emergency exits per zone, and they must be clearly marked.",keyword_only,0.0,1.0,3,36,0.3903673224653695,0.6,0.6,49.294830322265625,"Source: Safety Manual, Chunk 2
SECTION 2: INVENTORY HANDLING
-----------------------------
- Use handheld scanners for all inventory movements.
- Report discrepancies immediately to the Inventory Supervisor.
- Damaged goods must be placed in the “Inspection Zone” before tagging.
- Shelves are labeled using alphanumeric codes (e.g., A1-B3).",False,nan,nan,nan,nan,nan,nan
What are the requirements for the number and marking of emergency exits?,rag,"There must be at least 2 emergency exits per zone, and they must be clearly marked.",keyword_only,0.0,1.0,4,39,0.6292670798652559,0.6,0.6,40.30492401123047,"Source: Safety Manual, Chunk 5
SECTION 5: SECURITY & ACCESS CONTROL
-------------------------------------
- Entry to the warehouse requires ID badge scans.
- All doors auto-lock after 8:00 PM.
- Visitors must be logged in at the front desk and accompanied at all times.
- Security footage is retained for 30 days and reviewed weekly.",False,nan,nan,nan,nan,nan,nan
What are the requirements for the number and marking of emergency exits?,rag,"There must be at least 2 emergency exits per zone, and they must be clearly marked.",keyword_only,0.0,1.0,5,44,0.5718866466141747,0.6,0.6,42.15776824951172,"Source: Safety Manual, Chunk 10
SECTION 4: VISITOR PROTOCOL
All visitors must sign in at the security desk and wear visitor badges.
Visitors must be escorted by a warehouse employee at all times.
PPE is required for visitors entering the warehouse floor.
Visits should be scheduled at least 24 hours in advance.",False,nan,nan,nan,nan,nan,nan
What are the requirements for the number and marking of emergency exits?,rag,"There must be at least 2 emergency exits per zone, and they must be clearly marked.",hybrid_50_50,0.5,0.5,1,46,0.8149394403036914,1.0,0.9074697201518457,35.266761779785156,"Source: Safety Manual, Chunk 12
SECTION 6: FIRST AID AND INCIDENT REPORTING
First Aid Kits must be:
Available every 30 meters.
Checked weekly by a safety officer.
Incident Reports:
Must be submitted within 2 hours using Form WHS-101.
Use the internal safety portal for submission.
Emergency contacts are listed on the main notice board and in Section 9.",False,nan,nan,nan,nan,nan,nan
What are the requirements for the number and marking of emergency exits?,rag,"There must be at least 2 emergency exits per zone, and they must be clearly marked.",hybrid_50_50,0.5,0.5,2,47,0.83718978923288,0.6,0.71859489461644,34.744285583496094,"Source: Safety Manual, Chunk 13
SECTION 7: TRAINING AND CERTIFICATION
Safety Training is required:
Annually for all employees.
Immediately after any safety violation or accident.
Lockout/Tagout procedures must be reviewed every 12 months.


SECTION 8: EMERGENCY CONTACTS
Fire Department: 101
Police: 100
On-site Medical Officer: Ext. 221
Warehouse Safety Lead: Ext. 115",False,nan,nan,nan,nan,nan,nan
What are the requirements for the number and marking of emergency exits?,rag,"There must be at least 2 emergency exits per zone, and they must be clearly marked.",hybrid_50_50,0.5,0.5,3,43,1.0,0.4,0.7,31.33562469482422,"Source: Safety Manual, Chunk 9
SECTION 3: FIRE SAFETY & EVACUATION PROCEDURES
Fire Extinguishers: One every 15 meters; monthly inspection.
Emergency Exits: At least two per zone, clearly marked.
Evacuation Drills: Every 6 months; missed drills require retraining.
Assembly Points: 50 meters from building, marked with green signage.
Never use elevators during evacuation.",False,nan,nan,nan,nan,nan,nan
What are the requirements for the number and marking of emergency exits?,rag,"There must be at least 2 emergency exits per zone, and they must be clearly marked.",hybrid_50_50,0.5,0.5,4,39,0.6292670798652559,0.6,0.6146335399326279,40.30492401123047,"Source: Safety Manual, Chunk 5
SECTION 5: SECURITY & ACCESS CONTROL
-------------------------------------
- Entry to the warehouse requires ID badge scans.
- All doors auto-lock after 8:00 PM.
- Visitors must be logged in at the front desk and accompanied at all times.
- Security footage is retained for 30 days and reviewed weekly.",False,nan,nan,nan,nan,nan,nan
What are the requirements for the number and marking of emergency exits?,rag,"There must be at least 2 emergency exits per zone, and they must be clearly marked.",hybrid_50_50,0.5,0.5,5,38,0.42854319398741997,0.8,0.61427159699371,47.6043815612793,"Source: Safety Manual, Chunk 4
SECTION 4: CLEANLINESS & WASTE DISPOSAL
---------------------------------------
- Floors must be swept at the end of each shift.
- Spillages must be reported and cleaned immediately using absorbent pads.
- Recycling bins are color-coded:
  - Blue: Paper/Cardboard
  - Green: Plastic
  - Red: Hazardous waste
- All cleaning supplies are stored in Room C-14.",False,nan,nan,nan,nan,nan,nan
What are the requirements for the number and marking of emergency exits?,rag,"There must be at least 2 emergency exits per zone, and they must be clearly marked.",hybrid_60_40,0.6,0.4,1,46,0.8149394403036914,1.0,0.8889636641822148,35.266761779785156,"Source: Safety Manual, Chunk 12
SECTION 6: FIRST AID AND INCIDENT REPORTING
First Aid Kits must be:
Available every 30 meters.
Checked weekly by a safety officer.
Incident Reports:
Must be submitted within 2 hours using Form WHS-101.
Use the internal safety portal for submission.
Emergency contacts are listed on the main notice board and in Section 9.",False,nan,nan,nan,nan,nan,nan
What are the requirements for the number and marking of emergency exits?,rag,"There must be at least 2 emergency exits per zone, and they must be clearly marked.",hybrid_60_40,0.6,0.4,2,43,1.0,0.4,0.76,31.33562469482422,"Source: Safety Manual, Chunk 9
SECTION 3: FIRE SAFETY & EVACUATION PROCEDURES
Fire Extinguishers: One every 15 meters; monthly inspection.
Emergency Exits: At least two per zone, clearly marked.
Evacuation Drills: Every 6 months; missed drills require retraining.
Assembly Points: 50 meters from building, marked with green signage.
Never use elevators during evacuation.",False,nan,nan,nan,nan,nan,nan
What are the requirements for the number and marking of emergency exits?,rag,"There must be at least 2 emergency exits per zone, and they must be clearly marked.",hybrid_60_40,0.6,0.4,3,47,0.83718978923288,0.6,0.742313873539728,34.744285583496094,"Source: Safety Manual, Chunk 13
SECTION 7: TRAINING AND CERTIFICATION
Safety Training is required:
Annually for all employees.
Immediately after any safety violation or accident.
Lockout/Tagout procedures must be reviewed every 12 months.


SECTION 8: EMERGENCY CONTACTS
Fire Department: 101
Police: 100
On-site Medical Officer: Ext. 221
Warehouse Safety Lead: Ext. 115",False,nan,nan,nan,nan,nan,nan
What are the requirements for the number and marking of emergency exits?,rag,"There must be at least 2 emergency exits per zone, and they must be clearly marked.",hybrid_60_40,0.6,0.4,4,39,0.6292670798652559,0.6,0.6175602479191535,40.30492401123047,"Source: Safety Manual, Chunk 5
SECTION 5: SECURITY & ACCESS CONTROL
-------------------------------------
- Entry to the warehouse requires ID badge scans.
- All doors auto-lock after 8:00 PM.
- Visitors must be logged in at the front desk and accompanied at all times.
- Security footage is retained for 30 days and reviewed weekly.",False,nan,nan,nan,nan,nan,nan
What are the requirements for the number and marking of emergency exits?,rag,"There must be at least 2 emergency exits per zone, and they must be clearly marked.",hybrid_60_40,0.6,0.4,5,44,0.5718866466141747,0.6,0.5831319879685049,42.15776824951172,"Source: Safety Manual, Chunk 10
SECTION 4: VISITOR PROTOCOL
All visitors must sign in at the security desk and wear visitor badges.
Visitors must be escorted by a warehouse employee at all times.
PPE is required for visitors entering the warehouse floor.
Visits should be scheduled at least 24 hours in advance.",False,nan,nan,nan,nan,nan,nan
What are the requirements for the number and marking of emergency exits?,rag,"There must be at least 2 emergency exits per zone, and they must be clearly marked.",hybrid_70_30,0.7,0.3,1,46,0.8149394403036914,1.0,0.8704576082125839,35.266761779785156,"Source: Safety Manual, Chunk 12
SECTION 6: FIRST AID AND INCIDENT REPORTING
First Aid Kits must be:
Available every 30 meters.
Checked weekly by a safety officer.
Incident Reports:
Must be submitted within 2 hours using Form WHS-101.
Use the internal safety portal for submission.
Emergency contacts are listed on the main notice board and in Section 9.",False,nan,nan,nan,nan,nan,nan
What are the requirements for the number and marking of emergency exits?,rag,"There must be at least 2 emergency exits per zone, and they must be clearly marked.",hybrid_70_30,0.7,0.3,2,43,1.0,0.4,0.82,31.33562469482422,"Source: Safety Manual, Chunk 9
SECTION 3: FIRE SAFETY & EVACUATION PROCEDURES
Fire Extinguishers: One every 15 meters; monthly inspection.
Emergency Exits: At least two per zone, clearly marked.
Evacuation Drills: Every 6 months; missed drills require retraining.
Assembly Points: 50 meters from building, marked with green signage.
Never use elevators during evacuation.",False,nan,nan,nan,nan,nan,nan
What are the requirements for the number and marking of emergency exits?,rag,"There must be at least 2 emergency exits per zone, and they must be clearly marked.",hybrid_70_30,0.7,0.3,3,47,0.83718978923288,0.6,0.766032852463016,34.744285583496094,"Source: Safety Manual, Chunk 13
SECTION 7: TRAINING AND CERTIFICATION
Safety Training is required:
Annually for all employees.
Immediately after any safety violation or accident.
Lockout/Tagout procedures must be reviewed every 12 months.


SECTION 8: EMERGENCY CONTACTS
Fire Department: 101
Police: 100
On-site Medical Officer: Ext. 221
Warehouse Safety Lead: Ext. 115",False,nan,nan,nan,nan,nan,nan
What are the requirements for the number and marking of emergency exits?,rag,"There must be at least 2 emergency exits per zone, and they must be clearly marked.",hybrid_70_30,0.7,0.3,4,39,0.6292670798652559,0.6,0.6204869559056791,40.30492401123047,"Source: Safety Manual, Chunk 5
SECTION 5: SECURITY & ACCESS CONTROL
-------------------------------------
- Entry to the warehouse requires ID badge scans.
- All doors auto-lock after 8:00 PM.
- Visitors must be logged in at the front desk and accompanied at all times.
- Security footage is retained for 30 days and reviewed weekly.",False,nan,nan,nan,nan,nan,nan
What are the requirements for the number and marking of emergency exits?,rag,"There must be at least 2 emergency exits per zone, and they must be clearly marked.",hybrid_70_30,0.7,0.3,5,44,0.5718866466141747,0.6,0.5803206526299223,42.15776824951172,"Source: Safety Manual, Chunk 10
SECTION 4: VISITOR PROTOCOL
All visitors must sign in at the security desk and wear visitor badges.
Visitors must be escorted by a warehouse employee at all times.
PPE is required for visitors entering the warehouse floor.
Visits should be scheduled at least 24 hours in advance.",False,nan,nan,nan,nan,nan,nan
What are the requirements for the number and marking of emergency exits?,rag,"There must be at least 2 emergency exits per zone, and they must be clearly marked.",hybrid_80_20,0.8,0.2,1,43,1.0,0.4,0.8800000000000001,31.33562469482422,"Source: Safety Manual, Chunk 9
SECTION 3: FIRE SAFETY & EVACUATION PROCEDURES
Fire Extinguishers: One every 15 meters; monthly inspection.
Emergency Exits: At least two per zone, clearly marked.
Evacuation Drills: Every 6 months; missed drills require retraining.
Assembly Points: 50 meters from building, marked with green signage.
Never use elevators during evacuation.",False,nan,nan,nan,nan,nan,nan
What are the requirements for the number and marking of emergency exits?,rag,"There must be at least 2 emergency exits per zone, and they must be clearly marked.",hybrid_80_20,0.8,0.2,2,46,0.8149394403036914,1.0,0.851951552242953,35.266761779785156,"Source: Safety Manual, Chunk 12
SECTION 6: FIRST AID AND INCIDENT REPORTING
First Aid Kits must be:
Available every 30 meters.
Checked weekly by a safety officer.
Incident Reports:
Must be submitted within 2 hours using Form WHS-101.
Use the internal safety portal for submission.
Emergency contacts are listed on the main notice board and in Section 9.",False,nan,nan,nan,nan,nan,nan
What are the requirements for the number and marking of emergency exits?,rag,"There must be at least 2 emergency exits per zone, and they must be clearly marked.",hybrid_80_20,0.8,0.2,3,47,0.83718978923288,0.6,0.789751831386304,34.744285583496094,"Source: Safety Manual, Chunk 13
SECTION 7: TRAINING AND CERTIFICATION
Safety Training is required:
Annually for all employees.
Immediately after any safety violation or accident.
Lockout/Tagout procedures must be reviewed every 12 months.


SECTION 8: EMERGENCY CONTACTS
Fire Department: 101
Police: 100
On-site Medical Officer: Ext. 221
Warehouse Safety Lead: Ext. 115",False,nan,nan,nan,nan,nan,nan
What are the requirements for the number and marking of emergency exits?,rag,"There must be at least 2 emergency exits per zone, and they must be clearly marked.",hybrid_80_20,0.8,0.2,4,39,0.6292670798652559,0.6,0.6234136638922048,40.30492401123047,"Source: Safety Manual, Chunk 5
SECTION 5: SECURITY & ACCESS CONTROL
-------------------------------------
- Entry to the warehouse requires ID badge scans.
- All doors auto-lock after 8:00 PM.
- Visitors must be logged in at the front desk and accompanied at all times.
- Security footage is retained for 30 days and reviewed weekly.",False,nan,nan,nan,nan,nan,nan
What are the requirements for the number and marking of emergency exits?,rag,"There must be at least 2 emergency exits per zone, and they must be clearly marked.",hybrid_80_20,0.8,0.2,5,44,0.5718866466141747,0.6,0.5775093172913397,42.15776824951172,"Source: Safety Manual, Chunk 10
SECTION 4: VISITOR PROTOCOL
All visitors must sign in at the security desk and wear visitor badges.
Visitors must be escorted by a warehouse employee at all times.
PPE is required for visitors entering the warehouse floor.
Visits should be scheduled at least 24 hours in advance.",False,nan,nan,nan,nan,nan,nan
What contact information is provided for a medical emergency?,rag,The medical emergency contact is extension 221.,semantic_only,1.0,0.0,1,46,1.0,0.75,1.0,35.10028076171875,"Source: Safety Manual, Chunk 12
SECTION 6: FIRST AID AND INCIDENT REPORTING
First Aid Kits must be:
Available every 30 meters.
Checked weekly by a safety officer.
Incident Reports:
Must be submitted within 2 hours using Form WHS-101.
Use the internal safety portal for submission.
Emergency contacts are listed on the main notice board and in Section 9.",False,nan,nan,nan,nan,nan,nan
What contact information is provided for a medical emergency?,rag,The medical emergency contact is extension 221.,semantic_only,1.0,0.0,2,47,0.7243989405524159,1.0,0.7243989405524159,41.12979507446289,"Source: Safety Manual, Chunk 13
SECTION 7: TRAINING AND CERTIFICATION
Safety Training is required:
Annually for all employees.
Immediately after any safety violation or accident.
Lockout/Tagout procedures must be reviewed every 12 months.


SECTION 8: EMERGENCY CONTACTS
Fire Department: 101
Police: 100
On-site Medical Officer: Ext. 221
Warehouse Safety Lead: Ext. 115",False,nan,nan,nan,nan,nan,nan
What contact information is provided for a medical emergency?,rag,The medical emergency contact is extension 221.,semantic_only,1.0,0.0,3,40,0.6759037153336281,0.0,0.6759037153336281,42.405452728271484,"Source: Safety Manual, Chunk 6
SECTION 6: INCIDENT REPORTING & FEEDBACK
----------------------------------------
- Any injuries, equipment damage, or process violations must be reported within 1 hour.
- Use Form WHS-207 and submit to the Shift Supervisor.
- Anonymous feedback can be left in the box outside Room B-2 or submitted via the internal portal.",False,nan,nan,nan,nan,nan,nan
What contact information is provided for a medical emergency?,rag,The medical emergency contact is extension 221.,semantic_only,1.0,0.0,4,43,0.5176481994638671,0.25,0.5176481994638671,47.164642333984375,"Source: Safety Manual, Chunk 9
SECTION 3: FIRE SAFETY & EVACUATION PROCEDURES
Fire Extinguishers: One every 15 meters; monthly inspection.
Emergency Exits: At least two per zone, clearly marked.
Evacuation Drills: Every 6 months; missed drills require retraining.
Assembly Points: 50 meters from building, marked with green signage.
Never use elevators during evacuation.",False,nan,nan,nan,nan,nan,nan
What contact information is provided for a medical emergency?,rag,The medical emergency contact is extension 221.,semantic_only,1.0,0.0,5,39,0.4785632593773796,0.5,0.4785632593773796,48.50521469116211,"Source: Safety Manual, Chunk 5
SECTION 5: SECURITY & ACCESS CONTROL
-------------------------------------
- Entry to the warehouse requires ID badge scans.
- All doors auto-lock after 8:00 PM.
- Visitors must be logged in at the front desk and accompanied at all times.
- Security footage is retained for 30 days and reviewed weekly.",False,nan,nan,nan,nan,nan,nan
What contact information is provided for a medical emergency?,rag,The medical emergency contact is extension 221.,keyword_only,0.0,1.0,1,47,0.7243989405524159,1.0,1.0,41.12979507446289,"Source: Safety Manual, Chunk 13
SECTION 7: TRAINING AND CERTIFICATION
Safety Training is required:
Annually for all employees.
Immediately after any safety violation or accident.
Lockout/Tagout procedures must be reviewed every 12 months.


SECTION 8: EMERGENCY CONTACTS
Fire Department: 101
Police: 100
On-site Medical Officer: Ext. 221
Warehouse Safety Lead: Ext. 115",False,nan,nan,nan,nan,nan,nan
What contact information is provided for a medical emergency?,rag,The medical emergency contact is extension 221.,keyword_only,0.0,1.0,2,44,0.4190059866713801,0.75,0.75,50.69781494140625,"Source: Safety Manual, Chunk 10
SECTION 4: VISITOR PROTOCOL
All visitors must sign in at the security desk and wear visitor badges.
Visitors must be escorted by a warehouse employee at all times.
PPE is required for visitors entering the warehouse floor.
Visits should be scheduled at least 24 hours in advance.",False,nan,nan,nan,nan,nan,nan
What contact information is provided for a medical emergency?,rag,The medical emergency contact is extension 221.,keyword_only,0.0,1.0,3,46,1.0,0.75,0.75,35.10028076171875,"Source: Safety Manual, Chunk 12
SECTION 6: FIRST AID AND INCIDENT REPORTING
First Aid Kits must be:
Available every 30 meters.
Checked weekly by a safety officer.
Incident Reports:
Must be submitted within 2 hours using Form WHS-101.
Use the internal safety portal for submission.
Emergency contacts are listed on the main notice board and in Section 9.",False,nan,nan,nan,nan,nan,nan
What contact information is provided for a medical emergency?,rag,The medical emergency contact is extension 221.,keyword_only,0.0,1.0,4,39,0.4785632593773796,0.5,0.5,48.50521469116211,"Source: Safety Manual, Chunk 5
SECTION 5: SECURITY & ACCESS CONTROL
-------------------------------------
- Entry to the warehouse requires ID badge scans.
- All doors auto-lock after 8:00 PM.
- Visitors must be logged in at the front desk and accompanied at all times.
- Security footage is retained for 30 days and reviewed weekly.",False,nan,nan,nan,nan,nan,nan
What contact information is provided for a medical emergency?,rag,The medical emergency contact is extension 221.,keyword_only,0.0,1.0,5,0,0.048490667674745976,0.25,0.25,70.36018371582031,"Item: Apple iPhone 14, Shelf: Shelf A, Shelf ID: A, Location: (-0.151, 2.203, 0.001), Stock: 10, Price: $799.99, Category: Smartphones",False,nan,nan,nan,nan,nan,nan
What contact information is provided for a medical emergency?,rag,The medical emergency contact is extension 221.,hybrid_50_50,0.5,0.5,1,46,1.0,0.75,0.875,35.10028076171875,"Source: Safety Manual, Chunk 12
SECTION 6: FIRST AID AND INCIDENT REPORTING
First Aid Kits must be:
Available every 30 meters.
Checked weekly by a safety officer.
Incident Reports:
Must be submitted within 2 hours using Form WHS-101.
Use the internal safety portal for submission.
Emergency contacts are listed on the main notice board and in Section 9.",False,nan,nan,nan,nan,nan,nan
What contact information is provided for a medical emergency?,rag,The medical emergency contact is extension 221.,hybrid_50_50,0.5,0.5,2,47,0.7243989405524159,1.0,0.8621994702762079,41.12979507446289,"Source: Safety Manual, Chunk 13
SECTION 7: TRAINING AND CERTIFICATION
Safety Training is required:
Annually for all employees.
Immediately after any safety violation or accident.
Lockout/Tagout procedures must be reviewed every 12 months.


SECTION 8: EMERGENCY CONTACTS
Fire Department: 101
Police: 100
On-site Medical Officer: Ext. 221
Warehouse Safety Lead: Ext. 115",False,nan,nan,nan,nan,nan,nan
What contact information is provided for a medical emergency?,rag,The medical emergency contact is extension 221.,hybrid_50_50,0.5,0.5,3,44,0.4190059866713801,0.75,0.58450299333569,50.69781494140625,"Source: Safety Manual, Chunk 10
SECTION 4: VISITOR PROTOCOL
All visitors must sign in at the security desk and wear visitor badges.
Visitors must be escorted by a warehouse employee at all times.
PPE is required for visitors entering the warehouse floor.
Visits should be scheduled at least 24 hours in advance.",False,nan,nan,nan,nan,nan,nan
What contact information is provided for a medical emergency?,rag,The medical emergency contact is extension 221.,hybrid_50_50,0.5,0.5,4,39,0.4785632593773796,0.5,0.4892816296886898,48.50521469116211,"Source: Safety Manual, Chunk 5
SECTION 5: SECURITY & ACCESS CONTROL
-------------------------------------
- Entry to the warehouse requires ID badge scans.
- All doors auto-lock after 8:00 PM.
- Visitors must be logged in at the front desk and accompanied at all times.
- Security footage is retained for 30 days and reviewed weekly.",False,nan,nan,nan,nan,nan,nan
What contact information is provided for a medical emergency?,rag,The medical emergency contact is extension 221.,hybrid_50_50,0.5,0.5,5,43,0.5176481994638671,0.25,0.38382409973193354,47.164642333984375,"Source: Safety Manual, Chunk 9
SECTION 3: FIRE SAFETY & EVACUATION PROCEDURES
Fire Extinguishers: One every 15 meters; monthly inspection.
Emergency Exits: At least two per zone, clearly marked.
Evacuation Drills: Every 6 months; missed drills require retraining.
Assembly Points: 50 meters from building, marked with green signage.
Never use elevators during evacuation.",False,nan,nan,nan,nan,nan,nan
What contact information is provided for a medical emergency?,rag,The medical emergency contact is extension 221.,hybrid_60_40,0.6,0.4,1,46,1.0,0.75,0.9,35.10028076171875,"Source: Safety Manual, Chunk 12
SECTION 6: FIRST AID AND INCIDENT REPORTING
First Aid Kits must be:
Available every 30 meters.
Checked weekly by a safety officer.
Incident Reports:
Must be submitted within 2 hours using Form WHS-101.
Use the internal safety portal for submission.
Emergency contacts are listed on the main notice board and in Section 9.",False,nan,nan,nan,nan,nan,nan
What contact information is provided for a medical emergency?,rag,The medical emergency contact is extension 221.,hybrid_60_40,0.6,0.4,2,47,0.7243989405524159,1.0,0.8346393643314496,41.12979507446289,"Source: Safety Manual, Chunk 13
SECTION 7: TRAINING AND CERTIFICATION
Safety Training is required:
Annually for all employees.
Immediately after any safety violation or accident.
Lockout/Tagout procedures must be reviewed every 12 months.


SECTION 8: EMERGENCY CONTACTS
Fire Department: 101
Police: 100
On-site Medical Officer: Ext. 221
Warehouse Safety Lead: Ext. 115",False,nan,nan,nan,nan,nan,nan
What contact information is provided for a medical emergency?,rag,The medical emergency contact is extension 221.,hybrid_60_40,0.6,0.4,3,44,0.4190059866713801,0.75,0.5514035920028282,50.69781494140625,"Source: Safety Manual, Chunk 10
SECTION 4: VISITOR PROTOCOL
All visitors must sign in at the security desk and wear visitor badges.
Visitors must be escorted by a warehouse employee at all times.
PPE is required for visitors entering the warehouse floor.
Visits should be scheduled at least 24 hours in advance.",False,nan,nan,nan,nan,nan,nan
What contact information is provided for a medical emergency?,rag,The medical emergency contact is extension 221.,hybrid_60_40,0.6,0.4,4,39,0.4785632593773796,0.5,0.48713795562642775,48.50521469116211,"Source: Safety Manual, Chunk 5
SECTION 5: SECURITY & ACCESS CONTROL
-------------------------------------
- Entry to the warehouse requires ID badge scans.
- All doors auto-lock after 8:00 PM.
- Visitors must be logged in at the front desk and accompanied at all times.
- Security footage is retained for 30 days and reviewed weekly.",False,nan,nan,nan,nan,nan,nan
What contact information is provided for a medical emergency?,rag,The medical emergency contact is extension 221.,hybrid_60_40,0.6,0.4,5,43,0.5176481994638671,0.25,0.41058891967832023,47.164642333984375,"Source: Safety Manual, Chunk 9
SECTION 3: FIRE SAFETY & EVACUATION PROCEDURES
Fire Extinguishers: One every 15 meters; monthly inspection.
Emergency Exits: At least two per zone, clearly marked.
Evacuation Drills: Every 6 months; missed drills require retraining.
Assembly Points: 50 meters from building, marked with green signage.
Never use elevators during evacuation.",False,nan,nan,nan,nan,nan,nan
What contact information is provided for a medical emergency?,rag,The medical emergency contact is extension 221.,hybrid_70_30,0.7,0.3,1,46,1.0,0.75,0.9249999999999999,35.10028076171875,"Source: Safety Manual, Chunk 12
SECTION 6: FIRST AID AND INCIDENT REPORTING
First Aid Kits must be:
Available every 30 meters.
Checked weekly by a safety officer.
Incident Reports:
Must be submitted within 2 hours using Form WHS-101.
Use the internal safety portal for submission.
Emergency contacts are listed on the main notice board and in Section 9.",False,nan,nan,nan,nan,nan,nan
What contact information is provided for a medical emergency?,rag,The medical emergency contact is extension 221.,hybrid_70_30,0.7,0.3,2,47,0.7243989405524159,1.0,0.807079258386691,41.12979507446289,"Source: Safety Manual, Chunk 13
SECTION 7: TRAINING AND CERTIFICATION
Safety Training is required:
Annually for all employees.
Immediately after any safety violation or accident.
Lockout/Tagout procedures must be reviewed every 12 months.


SECTION 8: EMERGENCY CONTACTS
Fire Department: 101
Police: 100
On-site Medical Officer: Ext. 221
Warehouse Safety Lead: Ext. 115",False,nan,nan,nan,nan,nan,nan
What contact information is provided for a medical emergency?,rag,The medical emergency contact is extension 221.,hybrid_70_30,0.7,0.3,3,44,0.4190059866713801,0.75,0.518304190669966,50.69781494140625,"Source: Safety Manual, Chunk 10
SECTION 4: VISITOR PROTOCOL
All visitors must sign in at the security desk and wear visitor badges.
Visitors must be escorted by a warehouse employee at all times.
PPE is required for visitors entering the warehouse floor.
Visits should be scheduled at least 24 hours in advance.",False,nan,nan,nan,nan,nan,nan
What contact information is provided for a medical emergency?,rag,The medical emergency contact is extension 221.,hybrid_70_30,0.7,0.3,4,39,0.4785632593773796,0.5,0.4849942815641657,48.50521469116211,"Source: Safety Manual, Chunk 5
SECTION 5: SECURITY & ACCESS CONTROL
-------------------------------------
- Entry to the warehouse requires ID badge scans.
- All doors auto-lock after 8:00 PM.
- Visitors must be logged in at the front desk and accompanied at all times.
- Security footage is retained for 30 days and reviewed weekly.",False,nan,nan,nan,nan,nan,nan
What contact information is provided for a medical emergency?,rag,The medical emergency contact is extension 221.,hybrid_70_30,0.7,0.3,5,40,0.6759037153336281,0.0,0.4731326007335397,42.405452728271484,"Source: Safety Manual, Chunk 6
SECTION 6: INCIDENT REPORTING & FEEDBACK
----------------------------------------
- Any injuries, equipment damage, or process violations must be reported within 1 hour.
- Use Form WHS-207 and submit to the Shift Supervisor.
- Anonymous feedback can be left in the box outside Room B-2 or submitted via the internal portal.",False,nan,nan,nan,nan,nan,nan
What contact information is provided for a medical emergency?,rag,The medical emergency contact is extension 221.,hybrid_80_20,0.8,0.2,1,46,1.0,0.75,0.9500000000000001,35.10028076171875,"Source: Safety Manual, Chunk 12
SECTION 6: FIRST AID AND INCIDENT REPORTING
First Aid Kits must be:
Available every 30 meters.
Checked weekly by a safety officer.
Incident Reports:
Must be submitted within 2 hours using Form WHS-101.
Use the internal safety portal for submission.
Emergency contacts are listed on the main notice board and in Section 9.",False,nan,nan,nan,nan,nan,nan
What contact information is provided for a medical emergency?,rag,The medical emergency contact is extension 221.,hybrid_80_20,0.8,0.2,2,47,0.7243989405524159,1.0,0.7795191524419327,41.12979507446289,"Source: Safety Manual, Chunk 13
SECTION 7: TRAINING AND CERTIFICATION
Safety Training is required:
Annually for all employees.
Immediately after any safety violation or accident.
Lockout/Tagout procedures must be reviewed every 12 months.


SECTION 8: EMERGENCY CONTACTS
Fire Department: 101
Police: 100
On-site Medical Officer: Ext. 221
Warehouse Safety Lead: Ext. 115",False,nan,nan,nan,nan,nan,nan
What contact information is provided for a medical emergency?,rag,The medical emergency contact is extension 221.,hybrid_80_20,0.8,0.2,3,40,0.6759037153336281,0.0,0.5407229722669026,42.405452728271484,"Source: Safety Manual, Chunk 6
SECTION 6: INCIDENT REPORTING & FEEDBACK
----------------------------------------
- Any injuries, equipment damage, or process violations must be reported within 1 hour.
- Use Form WHS-207 and submit to the Shift Supervisor.
- Anonymous feedback can be left in the box outside Room B-2 or submitted via the internal portal.",False,nan,nan,nan,nan,nan,nan
What contact information is provided for a medical emergency?,rag,The medical emergency contact is extension 221.,hybrid_80_20,0.8,0.2,4,44,0.4190059866713801,0.75,0.48520478933710415,50.69781494140625,"Source: Safety Manual, Chunk 10
SECTION 4: VISITOR PROTOCOL
All visitors must sign in at the security desk and wear visitor badges.
Visitors must be escorted by a warehouse employee at all times.
PPE is required for visitors entering the warehouse floor.
Visits should be scheduled at least 24 hours in advance.",False,nan,nan,nan,nan,nan,nan
What contact information is provided for a medical emergency?,rag,The medical emergency contact is extension 221.,hybrid_80_20,0.8,0.2,5,39,0.4785632593773796,0.5,0.4828506075019037,48.50521469116211,"Source: Safety Manual, Chunk 5
SECTION 5: SECURITY & ACCESS CONTROL
-------------------------------------
- Entry to the warehouse requires ID badge scans.
- All doors auto-lock after 8:00 PM.
- Visitors must be logged in at the front desk and accompanied at all times.
- Security footage is retained for 30 days and reviewed weekly.",False,nan,nan,nan,nan,nan,nan
By how many units does Shelf B exceed Shelf C?,llm,Shelf B has 326 units and Shelf C has 130 units. Shelf B exceeds Shelf C by 196 units.,semantic_only,1.0,0.0,1,45,1.0,0.5,1.0,44.05271911621094,"Source: Safety Manual, Chunk 11
SECTION 5: MATERIAL HANDLING AND STORAGE
Forklift operators must be certified and recertified every 2 years.
Do not exceed 1500 kg per shelving level unless labeled otherwise.
Use Class 2 ratchet straps for loads over 200 kg.
Hazardous chemicals must be stored in locked ventilated cabinets.",False,nan,nan,nan,nan,nan,nan
By how many units does Shelf B exceed Shelf C?,llm,Shelf B has 326 units and Shelf C has 130 units. Shelf B exceeds Shelf C by 196 units.,semantic_only,1.0,0.0,2,12,0.9487617261008292,1.0,0.9487617261008292,44.855804443359375,"Item: Sony WF-1000XM5, Shelf: Shelf C, Shelf ID: C, Location: (3.265, 2.080, 0.001), Stock: 18, Price: $299.99, Category: Earbuds",False,nan,nan,nan,nan,nan,nan
By how many units does Shelf B exceed Shelf C?,llm,Shelf B has 326 units and Shelf C has 130 units. Shelf B exceeds Shelf C by 196 units.,semantic_only,1.0,0.0,3,11,0.8672436283139401,1.0,0.8672436283139401,46.1942138671875,"Item: Sony WH-CH720N, Shelf: Shelf C, Shelf ID: C, Location: (3.265, 2.080, 0.001), Stock: 23, Price: $129.99, Category: Headphones",False,nan,nan,nan,nan,nan,nan
By how many units does Shelf B exceed Shelf C?,llm,Shelf B has 326 units and Shelf C has 130 units. Shelf B exceeds Shelf C by 196 units.,semantic_only,1.0,0.0,4,10,0.8319359775411103,1.0,0.8319359775411103,46.7984733581543,"Item: Sony WH-1000XM5, Shelf: Shelf C, Shelf ID: C, Location: (3.265, 2.080, 0.001), Stock: 16, Price: $399.99, Category: Headphones",False,nan,nan,nan,nan,nan,nan
By how many units does Shelf B exceed Shelf C?,llm,Shelf B has 326 units and Shelf C has 130 units. Shelf B exceeds Shelf C by 196 units.,semantic_only,1.0,0.0,5,9,0.8206877719890946,1.0,0.8206877719890946,46.994239807128906,"Item: Samsung Fast Charger, Shelf: Shelf B, Shelf ID: B, Location: (1.430, 2.184, 0.000), Stock: 66, Price: $29.99, Category: Accessories",False,nan,nan,nan,nan,nan,nan
By how many units does Shelf B exceed Shelf C?,llm,Shelf B has 326 units and Shelf C has 130 units. Shelf B exceeds Shelf C by 196 units.,keyword_only,0.0,1.0,1,5,0.6616771074615861,1.0,1.0,49.943809509277344,"Item: Samsung Galaxy S23, Shelf: Shelf B, Shelf ID: B, Location: (1.430, 2.184, 0.000), Stock: 196, Price: $749.99, Category: Smartphones",False,nan,nan,nan,nan,nan,nan
By how many units does Shelf B exceed Shelf C?,llm,Shelf B has 326 units and Shelf C has 130 units. Shelf B exceeds Shelf C by 196 units.,keyword_only,0.0,1.0,2,6,0.7187853923200214,1.0,1.0,48.843658447265625,"Item: Samsung Galaxy S24, Shelf: Shelf B, Shelf ID: B, Location: (1.430, 2.184, 0.000), Stock: 22, Price: $899.99, Category: Smartphones",False,nan,nan,nan,nan,nan,nan
By how many units does Shelf B exceed Shelf C?,llm,Shelf B has 326 units and Shelf C has 130 units. Shelf B exceeds Shelf C by 196 units.,keyword_only,0.0,1.0,3,7,0.5534369995759488,1.0,1.0,52.168052673339844,"Item: Samsung Galaxy Tab S9, Shelf: Shelf B, Shelf ID: B, Location: (1.430, 2.184, 0.000), Stock: 15, Price: $699.99, Category: Tablets",False,nan,nan,nan,nan,nan,nan
By how many units does Shelf B exceed Shelf C?,llm,Shelf B has 326 units and Shelf C has 130 units. Shelf B exceeds Shelf C by 196 units.,keyword_only,0.0,1.0,4,8,0.3945331426540053,1.0,1.0,55.809356689453125,"Item: Samsung Wireless Earbuds, Shelf: Shelf B, Shelf ID: B, Location: (1.430, 2.184, 0.000), Stock: 27, Price: $129.99, Category: Audio",False,nan,nan,nan,nan,nan,nan
By how many units does Shelf B exceed Shelf C?,llm,Shelf B has 326 units and Shelf C has 130 units. Shelf B exceeds Shelf C by 196 units.,keyword_only,0.0,1.0,5,9,0.8206877719890946,1.0,1.0,46.994239807128906,"Item: Samsung Fast Charger, Shelf: Shelf B, Shelf ID: B, Location: (1.430, 2.184, 0.000), Stock: 66, Price: $29.99, Category: Accessories",False,nan,nan,nan,nan,nan,nan
By how many units does Shelf B exceed Shelf C?,llm,Shelf B has 326 units and Shelf C has 130 units. Shelf B exceeds Shelf C by 196 units.,hybrid_50_50,0.5,0.5,1,12,0.9487617261008292,1.0,0.9743808630504146,44.855804443359375,"Item: Sony WF-1000XM5, Shelf: Shelf C, Shelf ID: C, Location: (3.265, 2.080, 0.001), Stock: 18, Price: $299.99, Category: Earbuds",False,nan,nan,nan,nan,nan,nan
By how many units does Shelf B exceed Shelf C?,llm,Shelf B has 326 units and Shelf C has 130 units. Shelf B exceeds Shelf C by 196 units.,hybrid_50_50,0.5,0.5,2,11,0.8672436283139401,1.0,0.9336218141569701,46.1942138671875,"Item: Sony WH-CH720N, Shelf: Shelf C, Shelf ID: C, Location: (3.265, 2.080, 0.001), Stock: 23, Price: $129.99, Category: Headphones",False,nan,nan,nan,nan,nan,nan
By how many units does Shelf B exceed Shelf C?,llm,Shelf B has 326 units and Shelf C has 130 units. Shelf B exceeds Shelf C by 196 units.,hybrid_50_50,0.5,0.5,3,10,0.8319359775411103,1.0,0.9159679887705552,46.7984733581543,"Item: Sony WH-1000XM5, Shelf: Shelf C, Shelf ID: C, Location: (3.265, 2.080, 0.001), Stock: 16, Price: $399.99, Category: Headphones",False,nan,nan,nan,nan,nan,nan
By how many units does Shelf B exceed Shelf C?,llm,Shelf B has 326 units and Shelf C has 130 units. Shelf B exceeds Shelf C by 196 units.,hybrid_50_50,0.5,0.5,4,9,0.8206877719890946,1.0,0.9103438859945473,46.994239807128906,"Item: Samsung Fast Charger, Shelf: Shelf B, Shelf ID: B, Location: (1.430, 2.184, 0.000), Stock: 66, Price: $29.99, Category: Accessories",False,nan,nan,nan,nan,nan,nan
By how many units does Shelf B exceed Shelf C?,llm,Shelf B has 326 units and Shelf C has 130 units. Shelf B exceeds Shelf C by 196 units.,hybrid_50_50,0.5,0.5,5,14,0.7549247736709763,1.0,0.8774623868354882,48.17167663574219,"Item: Sony Carrying Case, Shelf: Shelf C, Shelf ID: C, Location: (3.265, 2.080, 0.001), Stock: 42, Price: $19.99, Category: Accessories",False,nan,nan,nan,nan,nan,nan
By how many units does Shelf B exceed Shelf C?,llm,Shelf B has 326 units and Shelf C has 130 units. Shelf B exceeds Shelf C by 196 units.,hybrid_60_40,0.6,0.4,1,12,0.9487617261008292,1.0,0.9692570356604975,44.855804443359375,"Item: Sony WF-1000XM5, Shelf: Shelf C, Shelf ID: C, Location: (3.265, 2.080, 0.001), Stock: 18, Price: $299.99, Category: Earbuds",False,nan,nan,nan,nan,nan,nan
By how many units does Shelf B exceed Shelf C?,llm,Shelf B has 326 units and Shelf C has 130 units. Shelf B exceeds Shelf C by 196 units.,hybrid_60_40,0.6,0.4,2,11,0.8672436283139401,1.0,0.9203461769883641,46.1942138671875,"Item: Sony WH-CH720N, Shelf: Shelf C, Shelf ID: C, Location: (3.265, 2.080, 0.001), Stock: 23, Price: $129.99, Category: Headphones",False,nan,nan,nan,nan,nan,nan
By how many units does Shelf B exceed Shelf C?,llm,Shelf B has 326 units and Shelf C has 130 units. Shelf B exceeds Shelf C by 196 units.,hybrid_60_40,0.6,0.4,3,10,0.8319359775411103,1.0,0.8991615865246662,46.7984733581543,"Item: Sony WH-1000XM5, Shelf: Shelf C, Shelf ID: C, Location: (3.265, 2.080, 0.001), Stock: 16, Price: $399.99, Category: Headphones",False,nan,nan,nan,nan,nan,nan
By how many units does Shelf B exceed Shelf C?,llm,Shelf B has 326 units and Shelf C has 130 units. Shelf B exceeds Shelf C by 196 units.,hybrid_60_40,0.6,0.4,4,9,0.8206877719890946,1.0,0.8924126631934568,46.994239807128906,"Item: Samsung Fast Charger, Shelf: Shelf B, Shelf ID: B, Location: (1.430, 2.184, 0.000), Stock: 66, Price: $29.99, Category: Accessories",False,nan,nan,nan,nan,nan,nan
By how many units does Shelf B exceed Shelf C?,llm,Shelf B has 326 units and Shelf C has 130 units. Shelf B exceeds Shelf C by 196 units.,hybrid_60_40,0.6,0.4,5,14,0.7549247736709763,1.0,0.8529548642025858,48.17167663574219,"Item: Sony Carrying Case, Shelf: Shelf C, Shelf ID: C, Location: (3.265, 2.080, 0.001), Stock: 42, Price: $19.99, Category: Accessories",False,nan,nan,nan,nan,nan,nan
By how many units does Shelf B exceed Shelf C?,llm,Shelf B has 326 units and Shelf C has 130 units. Shelf B exceeds Shelf C by 196 units.,hybrid_70_30,0.7,0.3,1,12,0.9487617261008292,1.0,0.9641332082705805,44.855804443359375,"Item: Sony WF-1000XM5, Shelf: Shelf C, Shelf ID: C, Location: (3.265, 2.080, 0.001), Stock: 18, Price: $299.99, Category: Earbuds",False,nan,nan,nan,nan,nan,nan
By how many units does Shelf B exceed Shelf C?,llm,Shelf B has 326 units and Shelf C has 130 units. Shelf B exceeds Shelf C by 196 units.,hybrid_70_30,0.7,0.3,2,11,0.8672436283139401,1.0,0.907070539819758,46.1942138671875,"Item: Sony WH-CH720N, Shelf: Shelf C, Shelf ID: C, Location: (3.265, 2.080, 0.001), Stock: 23, Price: $129.99, Category: Headphones",False,nan,nan,nan,nan,nan,nan
By how many units does Shelf B exceed Shelf C?,llm,Shelf B has 326 units and Shelf C has 130 units. Shelf B exceeds Shelf C by 196 units.,hybrid_70_30,0.7,0.3,3,10,0.8319359775411103,1.0,0.8823551842787771,46.7984733581543,"Item: Sony WH-1000XM5, Shelf: Shelf C, Shelf ID: C, Location: (3.265, 2.080, 0.001), Stock: 16, Price: $399.99, Category: Headphones",False,nan,nan,nan,nan,nan,nan
By how many units does Shelf B exceed Shelf C?,llm,Shelf B has 326 units and Shelf C has 130 units. Shelf B exceeds Shelf C by 196 units.,hybrid_70_30,0.7,0.3,4,9,0.8206877719890946,1.0,0.8744814403923662,46.994239807128906,"Item: Samsung Fast Charger, Shelf: Shelf B, Shelf ID: B, Location: (1.430, 2.184, 0.000), Stock: 66, Price: $29.99, Category: Accessories",False,nan,nan,nan,nan,nan,nan
By how many units does Shelf B exceed Shelf C?,llm,Shelf B has 326 units and Shelf C has 130 units. Shelf B exceeds Shelf C by 196 units.,hybrid_70_30,0.7,0.3,5,45,1.0,0.5,0.85,44.05271911621094,"Source: Safety Manual, Chunk 11
SECTION 5: MATERIAL HANDLING AND STORAGE
Forklift operators must be certified and recertified every 2 years.
Do not exceed 1500 kg per shelving level unless labeled otherwise.
Use Class 2 ratchet straps for loads over 200 kg.
Hazardous chemicals must be stored in locked ventilated cabinets.",False,nan,nan,nan,nan,nan,nan
By how many units does Shelf B exceed Shelf C?,llm,Shelf B has 326 units and Shelf C has 130 units. Shelf B exceeds Shelf C by 196 units.,hybrid_80_20,0.8,0.2,1,12,0.9487617261008292,1.0,0.9590093808806635,44.855804443359375,"Item: Sony WF-1000XM5, Shelf: Shelf C, Shelf ID: C, Location: (3.265, 2.080, 0.001), Stock: 18, Price: $299.99, Category: Earbuds",False,nan,nan,nan,nan,nan,nan
By how many units does Shelf B exceed Shelf C?,llm,Shelf B has 326 units and Shelf C has 130 units. Shelf B exceeds Shelf C by 196 units.,hybrid_80_20,0.8,0.2,2,45,1.0,0.5,0.9,44.05271911621094,"Source: Safety Manual, Chunk 11
SECTION 5: MATERIAL HANDLING AND STORAGE
Forklift operators must be certified and recertified every 2 years.
Do not exceed 1500 kg per shelving level unless labeled otherwise.
Use Class 2 ratchet straps for loads over 200 kg.
Hazardous chemicals must be stored in locked ventilated cabinets.",False,nan,nan,nan,nan,nan,nan
By how many units does Shelf B exceed Shelf C?,llm,Shelf B has 326 units and Shelf C has 130 units. Shelf B exceeds Shelf C by 196 units.,hybrid_80_20,0.8,0.2,3,11,0.8672436283139401,1.0,0.893794902651152,46.1942138671875,"Item: Sony WH-CH720N, Shelf: Shelf C, Shelf ID: C, Location: (3.265, 2.080, 0.001), Stock: 23, Price: $129.99, Category: Headphones",False,nan,nan,nan,nan,nan,nan
By how many units does Shelf B exceed Shelf C?,llm,Shelf B has 326 units and Shelf C has 130 units. Shelf B exceeds Shelf C by 196 units.,hybrid_80_20,0.8,0.2,4,10,0.8319359775411103,1.0,0.8655487820328882,46.7984733581543,"Item: Sony WH-1000XM5, Shelf: Shelf C, Shelf ID: C, Location: (3.265, 2.080, 0.001), Stock: 16, Price: $399.99, Category: Headphones",False,nan,nan,nan,nan,nan,nan
By how many units does Shelf B exceed Shelf C?,llm,Shelf B has 326 units and Shelf C has 130 units. Shelf B exceeds Shelf C by 196 units.,hybrid_80_20,0.8,0.2,5,9,0.8206877719890946,1.0,0.8565502175912758,46.994239807128906,"Item: Samsung Fast Charger, Shelf: Shelf B, Shelf ID: B, Location: (1.430, 2.184, 0.000), Stock: 66, Price: $29.99, Category: Accessories",False,nan,nan,nan,nan,nan,nan
Which shelf is second highest in total stock?,llm,Shelf G is second highest with 191 units. Shelf B is highest with 326 units.,semantic_only,1.0,0.0,1,27,1.0,1.0,1.0,49.46537399291992,"Item: Logitech G Pro X Superlight, Shelf: Shelf F, Shelf ID: F, Location: (8.776, 2.159, 0.003), Stock: 22, Price: $149.99, Category: Gaming Mouse",False,nan,nan,nan,nan,nan,nan
Which shelf is second highest in total stock?,llm,Shelf G is second highest with 191 units. Shelf B is highest with 326 units.,semantic_only,1.0,0.0,2,6,0.892925875249908,1.0,0.892925875249908,51.733585357666016,"Item: Samsung Galaxy S24, Shelf: Shelf B, Shelf ID: B, Location: (1.430, 2.184, 0.000), Stock: 22, Price: $899.99, Category: Smartphones",False,nan,nan,nan,nan,nan,nan
Which shelf is second highest in total stock?,llm,Shelf G is second highest with 191 units. Shelf B is highest with 326 units.,semantic_only,1.0,0.0,3,9,0.8779012935076601,1.0,0.8779012935076601,52.068275451660156,"Item: Samsung Fast Charger, Shelf: Shelf B, Shelf ID: B, Location: (1.430, 2.184, 0.000), Stock: 66, Price: $29.99, Category: Accessories",False,nan,nan,nan,nan,nan,nan
Which shelf is second highest in total stock?,llm,Shelf G is second highest with 191 units. Shelf B is highest with 326 units.,semantic_only,1.0,0.0,4,15,0.8505889282012087,1.0,0.8505889282012087,52.68769836425781,"Item: Dell XPS 13, Shelf: Shelf D, Shelf ID: D, Location: (4.831, 2.309, -0.000), Stock: 45, Price: $1199.99, Category: Laptops",False,nan,nan,nan,nan,nan,nan
Which shelf is second highest in total stock?,llm,Shelf G is second highest with 191 units. Shelf B is highest with 326 units.,semantic_only,1.0,0.0,5,16,0.8149512258836267,1.0,0.8149512258836267,53.51801300048828,"Item: Dell XPS 15, Shelf: Shelf D, Shelf ID: D, Location: (4.831, 2.309, -0.000), Stock: 8, Price: $1799.99, Category: Laptops",False,nan,nan,nan,nan,nan,nan
Which shelf is second highest in total stock?,llm,Shelf G is second highest with 191 units. Shelf B is highest with 326 units.,keyword_only,0.0,1.0,1,0,0.7172978135930834,1.0,1.0,55.93064880371094,"Item: Apple iPhone 14, Shelf: Shelf A, Shelf ID: A, Location: (-0.151, 2.203, 0.001), Stock: 10, Price: $799.99, Category: Smartphones",False,nan,nan,nan,nan,nan,nan
Which shelf is second highest in total stock?,llm,Shelf G is second highest with 191 units. Shelf B is highest with 326 units.,keyword_only,0.0,1.0,2,1,0.7332783458827439,1.0,1.0,55.521324157714844,"Item: Apple iPhone 14 Pro, Shelf: Shelf A, Shelf ID: A, Location: (-0.151, 2.203, 0.001), Stock: 10, Price: $999.99, Category: Smartphones",False,nan,nan,nan,nan,nan,nan
Which shelf is second highest in total stock?,llm,Shelf G is second highest with 191 units. Shelf B is highest with 326 units.,keyword_only,0.0,1.0,3,2,0.6784573757556165,1.0,1.0,56.95066452026367,"Item: Apple iPhone 13, Shelf: Shelf A, Shelf ID: A, Location: (-0.151, 2.203, 0.001), Stock: 8, Price: $599.99, Category: Smartphones",False,nan,nan,nan,nan,nan,nan
Which shelf is second highest in total stock?,llm,Shelf G is second highest with 191 units. Shelf B is highest with 326 units.,keyword_only,0.0,1.0,4,3,0.45933958090654836,1.0,1.0,63.46680450439453,"Item: iPhone Charging Cable, Shelf: Shelf A, Shelf ID: A, Location: (-0.151, 2.203, 0.001), Stock: 45, Price: $19.99, Category: Accessories",False,nan,nan,nan,nan,nan,nan
Which shelf is second highest in total stock?,llm,Shelf G is second highest with 191 units. Shelf B is highest with 326 units.,keyword_only,0.0,1.0,5,4,0.6352946218725174,1.0,1.0,58.1279411315918,"Item: iPhone Screen Protector, Shelf: Shelf A, Shelf ID: A, Location: (-0.151, 2.203, 0.001), Stock: 32, Price: $9.99, Category: Accessories",False,nan,nan,nan,nan,nan,nan
Which shelf is second highest in total stock?,llm,Shelf G is second highest with 191 units. Shelf B is highest with 326 units.,hybrid_50_50,0.5,0.5,1,27,1.0,1.0,1.0,49.46537399291992,"Item: Logitech G Pro X Superlight, Shelf: Shelf F, Shelf ID: F, Location: (8.776, 2.159, 0.003), Stock: 22, Price: $149.99, Category: Gaming Mouse",False,nan,nan,nan,nan,nan,nan
Which shelf is second highest in total stock?,llm,Shelf G is second highest with 191 units. Shelf B is highest with 326 units.,hybrid_50_50,0.5,0.5,2,6,0.892925875249908,1.0,0.946462937624954,51.733585357666016,"Item: Samsung Galaxy S24, Shelf: Shelf B, Shelf ID: B, Location: (1.430, 2.184, 0.000), Stock: 22, Price: $899.99, Category: Smartphones",False,nan,nan,nan,nan,nan,nan
Which shelf is second highest in total stock?,llm,Shelf G is second highest with 191 units. Shelf B is highest with 326 units.,hybrid_50_50,0.5,0.5,3,9,0.8779012935076601,1.0,0.93895064675383,52.068275451660156,"Item: Samsung Fast Charger, Shelf: Shelf B, Shelf ID: B, Location: (1.430, 2.184, 0.000), Stock: 66, Price: $29.99, Category: Accessories",False,nan,nan,nan,nan,nan,nan
Which shelf is second highest in total stock?,llm,Shelf G is second highest with 191 units. Shelf B is highest with 326 units.,hybrid_50_50,0.5,0.5,4,15,0.8505889282012087,1.0,0.9252944641006043,52.68769836425781,"Item: Dell XPS 13, Shelf: Shelf D, Shelf ID: D, Location: (4.831, 2.309, -0.000), Stock: 45, Price: $1199.99, Category: Laptops",False,nan,nan,nan,nan,nan,nan
Which shelf is second highest in total stock?,llm,Shelf G is second highest with 191 units. Shelf B is highest with 326 units.,hybrid_50_50,0.5,0.5,5,16,0.8149512258836267,1.0,0.9074756129418133,53.51801300048828,"Item: Dell XPS 15, Shelf: Shelf D, Shelf ID: D, Location: (4.831, 2.309, -0.000), Stock: 8, Price: $1799.99, Category: Laptops",False,nan,nan,nan,nan,nan,nan
Which shelf is second highest in total stock?,llm,Shelf G is second highest with 191 units. Shelf B is highest with 326 units.,hybrid_60_40,0.6,0.4,1,27,1.0,1.0,1.0,49.46537399291992,"Item: Logitech G Pro X Superlight, Shelf: Shelf F, Shelf ID: F, Location: (8.776, 2.159, 0.003), Stock: 22, Price: $149.99, Category: Gaming Mouse",False,nan,nan,nan,nan,nan,nan
Which shelf is second highest in total stock?,llm,Shelf G is second highest with 191 units. Shelf B is highest with 326 units.,hybrid_60_40,0.6,0.4,2,6,0.892925875249908,1.0,0.9357555251499448,51.733585357666016,"Item: Samsung Galaxy S24, Shelf: Shelf B, Shelf ID: B, Location: (1.430, 2.184, 0.000), Stock: 22, Price: $899.99, Category: Smartphones",False,nan,nan,nan,nan,nan,nan
Which shelf is second highest in total stock?,llm,Shelf G is second highest with 191 units. Shelf B is highest with 326 units.,hybrid_60_40,0.6,0.4,3,9,0.8779012935076601,1.0,0.926740776104596,52.068275451660156,"Item: Samsung Fast Charger, Shelf: Shelf B, Shelf ID: B, Location: (1.430, 2.184, 0.000), Stock: 66, Price: $29.99, Category: Accessories",False,nan,nan,nan,nan,nan,nan
Which shelf is second highest in total stock?,llm,Shelf G is second highest with 191 units. Shelf B is highest with 326 units.,hybrid_60_40,0.6,0.4,4,15,0.8505889282012087,1.0,0.9103533569207252,52.68769836425781,"Item: Dell XPS 13, Shelf: Shelf D, Shelf ID: D, Location: (4.831, 2.309, -0.000), Stock: 45, Price: $1199.99, Category: Laptops",False,nan,nan,nan,nan,nan,nan
Which shelf is second highest in total stock?,llm,Shelf G is second highest with 191 units. Shelf B is highest with 326 units.,hybrid_60_40,0.6,0.4,5,16,0.8149512258836267,1.0,0.888970735530176,53.51801300048828,"Item: Dell XPS 15, Shelf: Shelf D, Shelf ID: D, Location: (4.831, 2.309, -0.000), Stock: 8, Price: $1799.99, Category: Laptops",False,nan,nan,nan,nan,nan,nan
Which shelf is second highest in total stock?,llm,Shelf G is second highest with 191 units. Shelf B is highest with 326 units.,hybrid_70_30,0.7,0.3,1,27,1.0,1.0,1.0,49.46537399291992,"Item: Logitech G Pro X Superlight, Shelf: Shelf F, Shelf ID: F, Location: (8.776, 2.159, 0.003), Stock: 22, Price: $149.99, Category: Gaming Mouse",False,nan,nan,nan,nan,nan,nan
Which shelf is second highest in total stock?,llm,Shelf G is second highest with 191 units. Shelf B is highest with 326 units.,hybrid_70_30,0.7,0.3,2,6,0.892925875249908,1.0,0.9250481126749355,51.733585357666016,"Item: Samsung Galaxy S24, Shelf: Shelf B, Shelf ID: B, Location: (1.430, 2.184, 0.000), Stock: 22, Price: $899.99, Category: Smartphones",False,nan,nan,nan,nan,nan,nan
Which shelf is second highest in total stock?,llm,Shelf G is second highest with 191 units. Shelf B is highest with 326 units.,hybrid_70_30,0.7,0.3,3,9,0.8779012935076601,1.0,0.9145309054553621,52.068275451660156,"Item: Samsung Fast Charger, Shelf: Shelf B, Shelf ID: B, Location: (1.430, 2.184, 0.000), Stock: 66, Price: $29.99, Category: Accessories",False,nan,nan,nan,nan,nan,nan
Which shelf is second highest in total stock?,llm,Shelf G is second highest with 191 units. Shelf B is highest with 326 units.,hybrid_70_30,0.7,0.3,4,15,0.8505889282012087,1.0,0.8954122497408461,52.68769836425781,"Item: Dell XPS 13, Shelf: Shelf D, Shelf ID: D, Location: (4.831, 2.309, -0.000), Stock: 45, Price: $1199.99, Category: Laptops",False,nan,nan,nan,nan,nan,nan
Which shelf is second highest in total stock?,llm,Shelf G is second highest with 191 units. Shelf B is highest with 326 units.,hybrid_70_30,0.7,0.3,5,16,0.8149512258836267,1.0,0.8704658581185387,53.51801300048828,"Item: Dell XPS 15, Shelf: Shelf D, Shelf ID: D, Location: (4.831, 2.309, -0.000), Stock: 8, Price: $1799.99, Category: Laptops",False,nan,nan,nan,nan,nan,nan
Which shelf is second highest in total stock?,llm,Shelf G is second highest with 191 units. Shelf B is highest with 326 units.,hybrid_80_20,0.8,0.2,1,27,1.0,1.0,1.0,49.46537399291992,"Item: Logitech G Pro X Superlight, Shelf: Shelf F, Shelf ID: F, Location: (8.776, 2.159, 0.003), Stock: 22, Price: $149.99, Category: Gaming Mouse",False,nan,nan,nan,nan,nan,nan
Which shelf is second highest in total stock?,llm,Shelf G is second highest with 191 units. Shelf B is highest with 326 units.,hybrid_80_20,0.8,0.2,2,6,0.892925875249908,1.0,0.9143407001999264,51.733585357666016,"Item: Samsung Galaxy S24, Shelf: Shelf B, Shelf ID: B, Location: (1.430, 2.184, 0.000), Stock: 22, Price: $899.99, Category: Smartphones",False,nan,nan,nan,nan,nan,nan
Which shelf is second highest in total stock?,llm,Shelf G is second highest with 191 units. Shelf B is highest with 326 units.,hybrid_80_20,0.8,0.2,3,9,0.8779012935076601,1.0,0.9023210348061281,52.068275451660156,"Item: Samsung Fast Charger, Shelf: Shelf B, Shelf ID: B, Location: (1.430, 2.184, 0.000), Stock: 66, Price: $29.99, Category: Accessories",False,nan,nan,nan,nan,nan,nan
Which shelf is second highest in total stock?,llm,Shelf G is second highest with 191 units. Shelf B is highest with 326 units.,hybrid_80_20,0.8,0.2,4,15,0.8505889282012087,1.0,0.880471142560967,52.68769836425781,"Item: Dell XPS 13, Shelf: Shelf D, Shelf ID: D, Location: (4.831, 2.309, -0.000), Stock: 45, Price: $1199.99, Category: Laptops",False,nan,nan,nan,nan,nan,nan
Which shelf is second highest in total stock?,llm,Shelf G is second highest with 191 units. Shelf B is highest with 326 units.,hybrid_80_20,0.8,0.2,5,16,0.8149512258836267,1.0,0.8519609807069013,53.51801300048828,"Item: Dell XPS 15, Shelf: Shelf D, Shelf ID: D, Location: (4.831, 2.309, -0.000), Stock: 8, Price: $1799.99, Category: Laptops",False,nan,nan,nan,nan,nan,nan
Calculate the combined stock of Shelves A and G.,llm,"Shelf A has 105 units and Shelf G has 191 units, for a combined stock of 296 units.",semantic_only,1.0,0.0,1,36,1.0,1.0,1.0,53.654624938964844,"Source: Safety Manual, Chunk 2
SECTION 2: INVENTORY HANDLING
-----------------------------
- Use handheld scanners for all inventory movements.
- Report discrepancies immediately to the Inventory Supervisor.
- Damaged goods must be placed in the “Inspection Zone” before tagging.
- Shelves are labeled using alphanumeric codes (e.g., A1-B3).",False,nan,nan,nan,nan,nan,nan
Calculate the combined stock of Shelves A and G.,llm,"Shelf A has 105 units and Shelf G has 191 units, for a combined stock of 296 units.",semantic_only,1.0,0.0,2,27,0.9344116678297059,0.6666666666666666,0.9344116678297059,54.93665313720703,"Item: Logitech G Pro X Superlight, Shelf: Shelf F, Shelf ID: F, Location: (8.776, 2.159, 0.003), Stock: 22, Price: $149.99, Category: Gaming Mouse",False,nan,nan,nan,nan,nan,nan
Calculate the combined stock of Shelves A and G.,llm,"Shelf A has 105 units and Shelf G has 191 units, for a combined stock of 296 units.",semantic_only,1.0,0.0,3,33,0.854576518989918,0.6666666666666666,0.854576518989918,56.58070373535156,"Item: PlayStation 5 Games Bundle, Shelf: Shelf G, Shelf ID: G, Location: (6.213, 3.981, 0.001), Stock: 6, Price: $59.99, Category: Software",False,nan,nan,nan,nan,nan,nan
Calculate the combined stock of Shelves A and G.,llm,"Shelf A has 105 units and Shelf G has 191 units, for a combined stock of 296 units.",semantic_only,1.0,0.0,4,45,0.8385582101746603,0.3333333333333333,0.8385582101746603,56.922279357910156,"Source: Safety Manual, Chunk 11
SECTION 5: MATERIAL HANDLING AND STORAGE
Forklift operators must be certified and recertified every 2 years.
Do not exceed 1500 kg per shelving level unless labeled otherwise.
Use Class 2 ratchet straps for loads over 200 kg.
Hazardous chemicals must be stored in locked ventilated cabinets.",False,nan,nan,nan,nan,nan,nan
Calculate the combined stock of Shelves A and G.,llm,"Shelf A has 105 units and Shelf G has 191 units, for a combined stock of 296 units.",semantic_only,1.0,0.0,5,30,0.836672681171267,0.6666666666666666,0.836672681171267,56.96275329589844,"Item: Sony PlayStation 5, Shelf: Shelf G, Shelf ID: G, Location: (6.213, 3.981, 0.001), Stock: 99, Price: $499.99, Category: Gaming Consoles",False,nan,nan,nan,nan,nan,nan
Calculate the combined stock of Shelves A and G.,llm,"Shelf A has 105 units and Shelf G has 191 units, for a combined stock of 296 units.",keyword_only,0.0,1.0,1,36,1.0,1.0,1.0,53.654624938964844,"Source: Safety Manual, Chunk 2
SECTION 2: INVENTORY HANDLING
-----------------------------
- Use handheld scanners for all inventory movements.
- Report discrepancies immediately to the Inventory Supervisor.
- Damaged goods must be placed in the “Inspection Zone” before tagging.
- Shelves are labeled using alphanumeric codes (e.g., A1-B3).",False,nan,nan,nan,nan,nan,nan
Calculate the combined stock of Shelves A and G.,llm,"Shelf A has 105 units and Shelf G has 191 units, for a combined stock of 296 units.",keyword_only,0.0,1.0,2,37,0.3232007657903245,1.0,1.0,70.58448028564453,"Source: Safety Manual, Chunk 3
SECTION 3: EQUIPMENT USAGE & MAINTENANCE
----------------------------------------
- Pallet jacks and forklifts must be returned to charging docks after shift.
- Battery water levels should be checked every Monday morning.
- Only trained staff may operate powered equipment (see list in Appendix A).
- Monthly maintenance logs must be filled by the Maintenance Lead.",False,nan,nan,nan,nan,nan,nan
Calculate the combined stock of Shelves A and G.,llm,"Shelf A has 105 units and Shelf G has 191 units, for a combined stock of 296 units.",keyword_only,0.0,1.0,3,38,0.4233205790481059,1.0,1.0,67.44796752929688,"Source: Safety Manual, Chunk 4
SECTION 4: CLEANLINESS & WASTE DISPOSAL
---------------------------------------
- Floors must be swept at the end of each shift.
- Spillages must be reported and cleaned immediately using absorbent pads.
- Recycling bins are color-coded:
  - Blue: Paper/Cardboard
  - Green: Plastic
  - Red: Hazardous waste
- All cleaning supplies are stored in Room C-14.",False,nan,nan,nan,nan,nan,nan
Calculate the combined stock of Shelves A and G.,llm,"Shelf A has 105 units and Shelf G has 191 units, for a combined stock of 296 units.",keyword_only,0.0,1.0,4,44,0.23468464876820613,1.0,1.0,73.60699462890625,"Source: Safety Manual, Chunk 10
SECTION 4: VISITOR PROTOCOL
All visitors must sign in at the security desk and wear visitor badges.
Visitors must be escorted by a warehouse employee at all times.
PPE is required for visitors entering the warehouse floor.
Visits should be scheduled at least 24 hours in advance.",False,nan,nan,nan,nan,nan,nan
Calculate the combined stock of Shelves A and G.,llm,"Shelf A has 105 units and Shelf G has 191 units, for a combined stock of 296 units.",keyword_only,0.0,1.0,5,46,0.20352437666278758,1.0,1.0,74.732666015625,"Source: Safety Manual, Chunk 12
SECTION 6: FIRST AID AND INCIDENT REPORTING
First Aid Kits must be:
Available every 30 meters.
Checked weekly by a safety officer.
Incident Reports:
Must be submitted within 2 hours using Form WHS-101.
Use the internal safety portal for submission.
Emergency contacts are listed on the main notice board and in Section 9.",False,nan,nan,nan,nan,nan,nan
Calculate the combined stock of Shelves A and G.,llm,"Shelf A has 105 units and Shelf G has 191 units, for a combined stock of 296 units.",hybrid_50_50,0.5,0.5,1,36,1.0,1.0,1.0,53.654624938964844,"Source: Safety Manual, Chunk 2
SECTION 2: INVENTORY HANDLING
-----------------------------
- Use handheld scanners for all inventory movements.
- Report discrepancies immediately to the Inventory Supervisor.
- Damaged goods must be placed in the “Inspection Zone” before tagging.
- Shelves are labeled using alphanumeric codes (e.g., A1-B3).",False,nan,nan,nan,nan,nan,nan
Calculate the combined stock of Shelves A and G.,llm,"Shelf A has 105 units and Shelf G has 191 units, for a combined stock of 296 units.",hybrid_50_50,0.5,0.5,2,27,0.9344116678297059,0.6666666666666666,0.8005391672481863,54.93665313720703,"Item: Logitech G Pro X Superlight, Shelf: Shelf F, Shelf ID: F, Location: (8.776, 2.159, 0.003), Stock: 22, Price: $149.99, Category: Gaming Mouse",False,nan,nan,nan,nan,nan,nan
Calculate the combined stock of Shelves A and G.,llm,"Shelf A has 105 units and Shelf G has 191 units, for a combined stock of 296 units.",hybrid_50_50,0.5,0.5,3,33,0.854576518989918,0.6666666666666666,0.7606215928282923,56.58070373535156,"Item: PlayStation 5 Games Bundle, Shelf: Shelf G, Shelf ID: G, Location: (6.213, 3.981, 0.001), Stock: 6, Price: $59.99, Category: Software",False,nan,nan,nan,nan,nan,nan
Calculate the combined stock of Shelves A and G.,llm,"Shelf A has 105 units and Shelf G has 191 units, for a combined stock of 296 units.",hybrid_50_50,0.5,0.5,4,30,0.836672681171267,0.6666666666666666,0.7516696739189668,56.96275329589844,"Item: Sony PlayStation 5, Shelf: Shelf G, Shelf ID: G, Location: (6.213, 3.981, 0.001), Stock: 99, Price: $499.99, Category: Gaming Consoles",False,nan,nan,nan,nan,nan,nan
Calculate the combined stock of Shelves A and G.,llm,"Shelf A has 105 units and Shelf G has 191 units, for a combined stock of 296 units.",hybrid_50_50,0.5,0.5,5,38,0.4233205790481059,1.0,0.7116602895240529,67.44796752929688,"Source: Safety Manual, Chunk 4
SECTION 4: CLEANLINESS & WASTE DISPOSAL
---------------------------------------
- Floors must be swept at the end of each shift.
- Spillages must be reported and cleaned immediately using absorbent pads.
- Recycling bins are color-coded:
  - Blue: Paper/Cardboard
  - Green: Plastic
  - Red: Hazardous waste
- All cleaning supplies are stored in Room C-14.",False,nan,nan,nan,nan,nan,nan
Calculate the combined stock of Shelves A and G.,llm,"Shelf A has 105 units and Shelf G has 191 units, for a combined stock of 296 units.",hybrid_60_40,0.6,0.4,1,36,1.0,1.0,1.0,53.654624938964844,"Source: Safety Manual, Chunk 2
SECTION 2: INVENTORY HANDLING
-----------------------------
- Use handheld scanners for all inventory movements.
- Report discrepancies immediately to the Inventory Supervisor.
- Damaged goods must be placed in the “Inspection Zone” before tagging.
- Shelves are labeled using alphanumeric codes (e.g., A1-B3).",False,nan,nan,nan,nan,nan,nan
Calculate the combined stock of Shelves A and G.,llm,"Shelf A has 105 units and Shelf G has 191 units, for a combined stock of 296 units.",hybrid_60_40,0.6,0.4,2,27,0.9344116678297059,0.6666666666666666,0.8273136673644901,54.93665313720703,"Item: Logitech G Pro X Superlight, Shelf: Shelf F, Shelf ID: F, Location: (8.776, 2.159, 0.003), Stock: 22, Price: $149.99, Category: Gaming Mouse",False,nan,nan,nan,nan,nan,nan
Calculate the combined stock of Shelves A and G.,llm,"Shelf A has 105 units and Shelf G has 191 units, for a combined stock of 296 units.",hybrid_60_40,0.6,0.4,3,33,0.854576518989918,0.6666666666666666,0.7794125780606174,56.58070373535156,"Item: PlayStation 5 Games Bundle, Shelf: Shelf G, Shelf ID: G, Location: (6.213, 3.981, 0.001), Stock: 6, Price: $59.99, Category: Software",False,nan,nan,nan,nan,nan,nan
Calculate the combined stock of Shelves A and G.,llm,"Shelf A has 105 units and Shelf G has 191 units, for a combined stock of 296 units.",hybrid_60_40,0.6,0.4,4,30,0.836672681171267,0.6666666666666666,0.7686702753694268,56.96275329589844,"Item: Sony PlayStation 5, Shelf: Shelf G, Shelf ID: G, Location: (6.213, 3.981, 0.001), Stock: 99, Price: $499.99, Category: Gaming Consoles",False,nan,nan,nan,nan,nan,nan
Calculate the combined stock of Shelves A and G.,llm,"Shelf A has 105 units and Shelf G has 191 units, for a combined stock of 296 units.",hybrid_60_40,0.6,0.4,5,31,0.6515746888756472,0.6666666666666666,0.6576114799920549,61.23158645629883,"Item: PlayStation DualSense Controller, Shelf: Shelf G, Shelf ID: G, Location: (6.213, 3.981, 0.001), Stock: 45, Price: $69.99, Category: Controllers",False,nan,nan,nan,nan,nan,nan
Calculate the combined stock of Shelves A and G.,llm,"Shelf A has 105 units and Shelf G has 191 units, for a combined stock of 296 units.",hybrid_70_30,0.7,0.3,1,36,1.0,1.0,1.0,53.654624938964844,"Source: Safety Manual, Chunk 2
SECTION 2: INVENTORY HANDLING
-----------------------------
- Use handheld scanners for all inventory movements.
- Report discrepancies immediately to the Inventory Supervisor.
- Damaged goods must be placed in the “Inspection Zone” before tagging.
- Shelves are labeled using alphanumeric codes (e.g., A1-B3).",False,nan,nan,nan,nan,nan,nan
Calculate the combined stock of Shelves A and G.,llm,"Shelf A has 105 units and Shelf G has 191 units, for a combined stock of 296 units.",hybrid_70_30,0.7,0.3,2,27,0.9344116678297059,0.6666666666666666,0.854088167480794,54.93665313720703,"Item: Logitech G Pro X Superlight, Shelf: Shelf F, Shelf ID: F, Location: (8.776, 2.159, 0.003), Stock: 22, Price: $149.99, Category: Gaming Mouse",False,nan,nan,nan,nan,nan,nan
Calculate the combined stock of Shelves A and G.,llm,"Shelf A has 105 units and Shelf G has 191 units, for a combined stock of 296 units.",hybrid_70_30,0.7,0.3,3,33,0.854576518989918,0.6666666666666666,0.7982035632929425,56.58070373535156,"Item: PlayStation 5 Games Bundle, Shelf: Shelf G, Shelf ID: G, Location: (6.213, 3.981, 0.001), Stock: 6, Price: $59.99, Category: Software",False,nan,nan,nan,nan,nan,nan
Calculate the combined stock of Shelves A and G.,llm,"Shelf A has 105 units and Shelf G has 191 units, for a combined stock of 296 units.",hybrid_70_30,0.7,0.3,4,30,0.836672681171267,0.6666666666666666,0.7856708768198868,56.96275329589844,"Item: Sony PlayStation 5, Shelf: Shelf G, Shelf ID: G, Location: (6.213, 3.981, 0.001), Stock: 99, Price: $499.99, Category: Gaming Consoles",False,nan,nan,nan,nan,nan,nan
Calculate the combined stock of Shelves A and G.,llm,"Shelf A has 105 units and Shelf G has 191 units, for a combined stock of 296 units.",hybrid_70_30,0.7,0.3,5,45,0.8385582101746603,0.3333333333333333,0.6869907471222622,56.922279357910156,"Source: Safety Manual, Chunk 11
SECTION 5: MATERIAL HANDLING AND STORAGE
Forklift operators must be certified and recertified every 2 years.
Do not exceed 1500 kg per shelving level unless labeled otherwise.
Use Class 2 ratchet straps for loads over 200 kg.
Hazardous chemicals must be stored in locked ventilated cabinets.",False,nan,nan,nan,nan,nan,nan
Calculate the combined stock of Shelves A and G.,llm,"Shelf A has 105 units and Shelf G has 191 units, for a combined stock of 296 units.",hybrid_80_20,0.8,0.2,1,36,1.0,1.0,1.0,53.654624938964844,"Source: Safety Manual, Chunk 2
SECTION 2: INVENTORY HANDLING
-----------------------------
- Use handheld scanners for all inventory movements.
- Report discrepancies immediately to the Inventory Supervisor.
- Damaged goods must be placed in the “Inspection Zone” before tagging.
- Shelves are labeled using alphanumeric codes (e.g., A1-B3).",False,nan,nan,nan,nan,nan,nan
Calculate the combined stock of Shelves A and G.,llm,"Shelf A has 105 units and Shelf G has 191 units, for a combined stock of 296 units.",hybrid_80_20,0.8,0.2,2,27,0.9344116678297059,0.6666666666666666,0.8808626675970981,54.93665313720703,"Item: Logitech G Pro X Superlight, Shelf: Shelf F, Shelf ID: F, Location: (8.776, 2.159, 0.003), Stock: 22, Price: $149.99, Category: Gaming Mouse",False,nan,nan,nan,nan,nan,nan
Calculate the combined stock of Shelves A and G.,llm,"Shelf A has 105 units and Shelf G has 191 units, for a combined stock of 296 units.",hybrid_80_20,0.8,0.2,3,33,0.854576518989918,0.6666666666666666,0.8169945485252678,56.58070373535156,"Item: PlayStation 5 Games Bundle, Shelf: Shelf G, Shelf ID: G, Location: (6.213, 3.981, 0.001), Stock: 6, Price: $59.99, Category: Software",False,nan,nan,nan,nan,nan,nan
Calculate the combined stock of Shelves A and G.,llm,"Shelf A has 105 units and Shelf G has 191 units, for a combined stock of 296 units.",hybrid_80_20,0.8,0.2,4,30,0.836672681171267,0.6666666666666666,0.802671478270347,56.96275329589844,"Item: Sony PlayStation 5, Shelf: Shelf G, Shelf ID: G, Location: (6.213, 3.981, 0.001), Stock: 99, Price: $499.99, Category: Gaming Consoles",False,nan,nan,nan,nan,nan,nan
Calculate the combined stock of Shelves A and G.,llm,"Shelf A has 105 units and Shelf G has 191 units, for a combined stock of 296 units.",hybrid_80_20,0.8,0.2,5,45,0.8385582101746603,0.3333333333333333,0.7375132348063949,56.922279357910156,"Source: Safety Manual, Chunk 11
SECTION 5: MATERIAL HANDLING AND STORAGE
Forklift operators must be certified and recertified every 2 years.
Do not exceed 1500 kg per shelving level unless labeled otherwise.
Use Class 2 ratchet straps for loads over 200 kg.
Hazardous chemicals must be stored in locked ventilated cabinets.",False,nan,nan,nan,nan,nan,nan
Which two products share the minimum stock level?,llm,"Bose QC Ultra and Logitech MX Master 3 share the minimum stock level, with 7 units each.",semantic_only,1.0,0.0,1,14,1.0,1.0,1.0,53.185691833496094,"Item: Sony Carrying Case, Shelf: Shelf C, Shelf ID: C, Location: (3.265, 2.080, 0.001), Stock: 42, Price: $19.99, Category: Accessories",False,nan,nan,nan,nan,nan,nan
Which two products share the minimum stock level?,llm,"Bose QC Ultra and Logitech MX Master 3 share the minimum stock level, with 7 units each.",semantic_only,1.0,0.0,2,31,0.9057976734221612,1.0,0.9057976734221612,54.832763671875,"Item: PlayStation DualSense Controller, Shelf: Shelf G, Shelf ID: G, Location: (6.213, 3.981, 0.001), Stock: 45, Price: $69.99, Category: Controllers",False,nan,nan,nan,nan,nan,nan
Which two products share the minimum stock level?,llm,"Bose QC Ultra and Logitech MX Master 3 share the minimum stock level, with 7 units each.",semantic_only,1.0,0.0,3,27,0.8843399725117584,1.0,0.8843399725117584,55.22203826904297,"Item: Logitech G Pro X Superlight, Shelf: Shelf F, Shelf ID: F, Location: (8.776, 2.159, 0.003), Stock: 22, Price: $149.99, Category: Gaming Mouse",False,nan,nan,nan,nan,nan,nan
Which two products share the minimum stock level?,llm,"Bose QC Ultra and Logitech MX Master 3 share the minimum stock level, with 7 units each.",semantic_only,1.0,0.0,4,33,0.8761377682952219,1.0,0.8761377682952219,55.372276306152344,"Item: PlayStation 5 Games Bundle, Shelf: Shelf G, Shelf ID: G, Location: (6.213, 3.981, 0.001), Stock: 6, Price: $59.99, Category: Software",False,nan,nan,nan,nan,nan,nan
Which two products share the minimum stock level?,llm,"Bose QC Ultra and Logitech MX Master 3 share the minimum stock level, with 7 units each.",semantic_only,1.0,0.0,5,36,0.872660123081054,1.0,0.872660123081054,55.43621826171875,"Source: Safety Manual, Chunk 2
SECTION 2: INVENTORY HANDLING
-----------------------------
- Use handheld scanners for all inventory movements.
- Report discrepancies immediately to the Inventory Supervisor.
- Damaged goods must be placed in the “Inspection Zone” before tagging.
- Shelves are labeled using alphanumeric codes (e.g., A1-B3).",False,nan,nan,nan,nan,nan,nan
Which two products share the minimum stock level?,llm,"Bose QC Ultra and Logitech MX Master 3 share the minimum stock level, with 7 units each.",keyword_only,0.0,1.0,1,0,0.5887193518677094,1.0,1.0,61.19628143310547,"Item: Apple iPhone 14, Shelf: Shelf A, Shelf ID: A, Location: (-0.151, 2.203, 0.001), Stock: 10, Price: $799.99, Category: Smartphones",False,nan,nan,nan,nan,nan,nan
Which two products share the minimum stock level?,llm,"Bose QC Ultra and Logitech MX Master 3 share the minimum stock level, with 7 units each.",keyword_only,0.0,1.0,2,1,0.6696087133044739,1.0,1.0,59.43896484375,"Item: Apple iPhone 14 Pro, Shelf: Shelf A, Shelf ID: A, Location: (-0.151, 2.203, 0.001), Stock: 10, Price: $999.99, Category: Smartphones",False,nan,nan,nan,nan,nan,nan
Which two products share the minimum stock level?,llm,"Bose QC Ultra and Logitech MX Master 3 share the minimum stock level, with 7 units each.",keyword_only,0.0,1.0,3,2,0.5281787967212149,1.0,1.0,62.579872131347656,"Item: Apple iPhone 13, Shelf: Shelf A, Shelf ID: A, Location: (-0.151, 2.203, 0.001), Stock: 8, Price: $599.99, Category: Smartphones",False,nan,nan,nan,nan,nan,nan
Which two products share the minimum stock level?,llm,"Bose QC Ultra and Logitech MX Master 3 share the minimum stock level, with 7 units each.",keyword_only,0.0,1.0,4,3,0.7689039946920163,1.0,1.0,57.41299819946289,"Item: iPhone Charging Cable, Shelf: Shelf A, Shelf ID: A, Location: (-0.151, 2.203, 0.001), Stock: 45, Price: $19.99, Category: Accessories",False,nan,nan,nan,nan,nan,nan
Which two products share the minimum stock level?,llm,"Bose QC Ultra and Logitech MX Master 3 share the minimum stock level, with 7 units each.",keyword_only,0.0,1.0,5,4,0.7282011051364019,1.0,1.0,58.22682189941406,"Item: iPhone Screen Protector, Shelf: Shelf A, Shelf ID: A, Location: (-0.151, 2.203, 0.001), Stock: 32, Price: $9.99, Category: Accessories",False,nan,nan,nan,nan,nan,nan
Which two products share the minimum stock level?,llm,"Bose QC Ultra and Logitech MX Master 3 share the minimum stock level, with 7 units each.",hybrid_50_50,0.5,0.5,1,14,1.0,1.0,1.0,53.185691833496094,"Item: Sony Carrying Case, Shelf: Shelf C, Shelf ID: C, Location: (3.265, 2.080, 0.001), Stock: 42, Price: $19.99, Category: Accessories",False,nan,nan,nan,nan,nan,nan
Which two products share the minimum stock level?,llm,"Bose QC Ultra and Logitech MX Master 3 share the minimum stock level, with 7 units each.",hybrid_50_50,0.5,0.5,2,31,0.9057976734221612,1.0,0.9528988367110807,54.832763671875,"Item: PlayStation DualSense Controller, Shelf: Shelf G, Shelf ID: G, Location: (6.213, 3.981, 0.001), Stock: 45, Price: $69.99, Category: Controllers",False,nan,nan,nan,nan,nan,nan
Which two products share the minimum stock level?,llm,"Bose QC Ultra and Logitech MX Master 3 share the minimum stock level, with 7 units each.",hybrid_50_50,0.5,0.5,3,27,0.8843399725117584,1.0,0.9421699862558792,55.22203826904297,"Item: Logitech G Pro X Superlight, Shelf: Shelf F, Shelf ID: F, Location: (8.776, 2.159, 0.003), Stock: 22, Price: $149.99, Category: Gaming Mouse",False,nan,nan,nan,nan,nan,nan
Which two products share the minimum stock level?,llm,"Bose QC Ultra and Logitech MX Master 3 share the minimum stock level, with 7 units each.",hybrid_50_50,0.5,0.5,4,33,0.8761377682952219,1.0,0.938068884147611,55.372276306152344,"Item: PlayStation 5 Games Bundle, Shelf: Shelf G, Shelf ID: G, Location: (6.213, 3.981, 0.001), Stock: 6, Price: $59.99, Category: Software",False,nan,nan,nan,nan,nan,nan
Which two products share the minimum stock level?,llm,"Bose QC Ultra and Logitech MX Master 3 share the minimum stock level, with 7 units each.",hybrid_50_50,0.5,0.5,5,36,0.872660123081054,1.0,0.936330061540527,55.43621826171875,"Source: Safety Manual, Chunk 2
SECTION 2: INVENTORY HANDLING
-----------------------------
- Use handheld scanners for all inventory movements.
- Report discrepancies immediately to the Inventory Supervisor.
- Damaged goods must be placed in the “Inspection Zone” before tagging.
- Shelves are labeled using alphanumeric codes (e.g., A1-B3).",False,nan,nan,nan,nan,nan,nan
Which two products share the minimum stock level?,llm,"Bose QC Ultra and Logitech MX Master 3 share the minimum stock level, with 7 units each.",hybrid_60_40,0.6,0.4,1,14,1.0,1.0,1.0,53.185691833496094,"Item: Sony Carrying Case, Shelf: Shelf C, Shelf ID: C, Location: (3.265, 2.080, 0.001), Stock: 42, Price: $19.99, Category: Accessories",False,nan,nan,nan,nan,nan,nan
Which two products share the minimum stock level?,llm,"Bose QC Ultra and Logitech MX Master 3 share the minimum stock level, with 7 units each.",hybrid_60_40,0.6,0.4,2,31,0.9057976734221612,1.0,0.9434786040532968,54.832763671875,"Item: PlayStation DualSense Controller, Shelf: Shelf G, Shelf ID: G, Location: (6.213, 3.981, 0.001), Stock: 45, Price: $69.99, Category: Controllers",False,nan,nan,nan,nan,nan,nan
Which two products share the minimum stock level?,llm,"Bose QC Ultra and Logitech MX Master 3 share the minimum stock level, with 7 units each.",hybrid_60_40,0.6,0.4,3,27,0.8843399725117584,1.0,0.9306039835070551,55.22203826904297,"Item: Logitech G Pro X Superlight, Shelf: Shelf F, Shelf ID: F, Location: (8.776, 2.159, 0.003), Stock: 22, Price: $149.99, Category: Gaming Mouse",False,nan,nan,nan,nan,nan,nan
Which two products share the minimum stock level?,llm,"Bose QC Ultra and Logitech MX Master 3 share the minimum stock level, with 7 units each.",hybrid_60_40,0.6,0.4,4,33,0.8761377682952219,1.0,0.9256826609771331,55.372276306152344,"Item: PlayStation 5 Games Bundle, Shelf: Shelf G, Shelf ID: G, Location: (6.213, 3.981, 0.001), Stock: 6, Price: $59.99, Category: Software",False,nan,nan,nan,nan,nan,nan
Which two products share the minimum stock level?,llm,"Bose QC Ultra and Logitech MX Master 3 share the minimum stock level, with 7 units each.",hybrid_60_40,0.6,0.4,5,36,0.872660123081054,1.0,0.9235960738486324,55.43621826171875,"Source: Safety Manual, Chunk 2
SECTION 2: INVENTORY HANDLING
-----------------------------
- Use handheld scanners for all inventory movements.
- Report discrepancies immediately to the Inventory Supervisor.
- Damaged goods must be placed in the “Inspection Zone” before tagging.
- Shelves are labeled using alphanumeric codes (e.g., A1-B3).",False,nan,nan,nan,nan,nan,nan
Which two products share the minimum stock level?,llm,"Bose QC Ultra and Logitech MX Master 3 share the minimum stock level, with 7 units each.",hybrid_70_30,0.7,0.3,1,14,1.0,1.0,1.0,53.185691833496094,"Item: Sony Carrying Case, Shelf: Shelf C, Shelf ID: C, Location: (3.265, 2.080, 0.001), Stock: 42, Price: $19.99, Category: Accessories",False,nan,nan,nan,nan,nan,nan
Which two products share the minimum stock level?,llm,"Bose QC Ultra and Logitech MX Master 3 share the minimum stock level, with 7 units each.",hybrid_70_30,0.7,0.3,2,31,0.9057976734221612,1.0,0.9340583713955128,54.832763671875,"Item: PlayStation DualSense Controller, Shelf: Shelf G, Shelf ID: G, Location: (6.213, 3.981, 0.001), Stock: 45, Price: $69.99, Category: Controllers",False,nan,nan,nan,nan,nan,nan
Which two products share the minimum stock level?,llm,"Bose QC Ultra and Logitech MX Master 3 share the minimum stock level, with 7 units each.",hybrid_70_30,0.7,0.3,3,27,0.8843399725117584,1.0,0.919037980758231,55.22203826904297,"Item: Logitech G Pro X Superlight, Shelf: Shelf F, Shelf ID: F, Location: (8.776, 2.159, 0.003), Stock: 22, Price: $149.99, Category: Gaming Mouse",False,nan,nan,nan,nan,nan,nan
Which two products share the minimum stock level?,llm,"Bose QC Ultra and Logitech MX Master 3 share the minimum stock level, with 7 units each.",hybrid_70_30,0.7,0.3,4,33,0.8761377682952219,1.0,0.9132964378066553,55.372276306152344,"Item: PlayStation 5 Games Bundle, Shelf: Shelf G, Shelf ID: G, Location: (6.213, 3.981, 0.001), Stock: 6, Price: $59.99, Category: Software",False,nan,nan,nan,nan,nan,nan
Which two products share the minimum stock level?,llm,"Bose QC Ultra and Logitech MX Master 3 share the minimum stock level, with 7 units each.",hybrid_70_30,0.7,0.3,5,36,0.872660123081054,1.0,0.9108620861567378,55.43621826171875,"Source: Safety Manual, Chunk 2
SECTION 2: INVENTORY HANDLING
-----------------------------
- Use handheld scanners for all inventory movements.
- Report discrepancies immediately to the Inventory Supervisor.
- Damaged goods must be placed in the “Inspection Zone” before tagging.
- Shelves are labeled using alphanumeric codes (e.g., A1-B3).",False,nan,nan,nan,nan,nan,nan
Which two products share the minimum stock level?,llm,"Bose QC Ultra and Logitech MX Master 3 share the minimum stock level, with 7 units each.",hybrid_80_20,0.8,0.2,1,14,1.0,1.0,1.0,53.185691833496094,"Item: Sony Carrying Case, Shelf: Shelf C, Shelf ID: C, Location: (3.265, 2.080, 0.001), Stock: 42, Price: $19.99, Category: Accessories",False,nan,nan,nan,nan,nan,nan
Which two products share the minimum stock level?,llm,"Bose QC Ultra and Logitech MX Master 3 share the minimum stock level, with 7 units each.",hybrid_80_20,0.8,0.2,2,31,0.9057976734221612,1.0,0.9246381387377289,54.832763671875,"Item: PlayStation DualSense Controller, Shelf: Shelf G, Shelf ID: G, Location: (6.213, 3.981, 0.001), Stock: 45, Price: $69.99, Category: Controllers",False,nan,nan,nan,nan,nan,nan
Which two products share the minimum stock level?,llm,"Bose QC Ultra and Logitech MX Master 3 share the minimum stock level, with 7 units each.",hybrid_80_20,0.8,0.2,3,27,0.8843399725117584,1.0,0.9074719780094067,55.22203826904297,"Item: Logitech G Pro X Superlight, Shelf: Shelf F, Shelf ID: F, Location: (8.776, 2.159, 0.003), Stock: 22, Price: $149.99, Category: Gaming Mouse",False,nan,nan,nan,nan,nan,nan
Which two products share the minimum stock level?,llm,"Bose QC Ultra and Logitech MX Master 3 share the minimum stock level, with 7 units each.",hybrid_80_20,0.8,0.2,4,33,0.8761377682952219,1.0,0.9009102146361776,55.372276306152344,"Item: PlayStation 5 Games Bundle, Shelf: Shelf G, Shelf ID: G, Location: (6.213, 3.981, 0.001), Stock: 6, Price: $59.99, Category: Software",False,nan,nan,nan,nan,nan,nan
Which two products share the minimum stock level?,llm,"Bose QC Ultra and Logitech MX Master 3 share the minimum stock level, with 7 units each.",hybrid_80_20,0.8,0.2,5,36,0.872660123081054,1.0,0.8981280984648432,55.43621826171875,"Source: Safety Manual, Chunk 2
SECTION 2: INVENTORY HANDLING
-----------------------------
- Use handheld scanners for all inventory movements.
- Report discrepancies immediately to the Inventory Supervisor.
- Damaged goods must be placed in the “Inspection Zone” before tagging.
- Shelves are labeled using alphanumeric codes (e.g., A1-B3).",False,nan,nan,nan,nan,nan,nan
How many total units are stored on Shelves D and E together?,llm,"Shelf D has 109 units and Shelf E has 88 units, for a combined total of 197 units.",semantic_only,1.0,0.0,1,45,1.0,0.6666666666666666,1.0,41.880897521972656,"Source: Safety Manual, Chunk 11
SECTION 5: MATERIAL HANDLING AND STORAGE
Forklift operators must be certified and recertified every 2 years.
Do not exceed 1500 kg per shelving level unless labeled otherwise.
Use Class 2 ratchet straps for loads over 200 kg.
Hazardous chemicals must be stored in locked ventilated cabinets.",False,nan,nan,nan,nan,nan,nan
How many total units are stored on Shelves D and E together?,llm,"Shelf D has 109 units and Shelf E has 88 units, for a combined total of 197 units.",semantic_only,1.0,0.0,2,36,0.8564219883360232,1.0,0.8564219883360232,44.201934814453125,"Source: Safety Manual, Chunk 2
SECTION 2: INVENTORY HANDLING
-----------------------------
- Use handheld scanners for all inventory movements.
- Report discrepancies immediately to the Inventory Supervisor.
- Damaged goods must be placed in the “Inspection Zone” before tagging.
- Shelves are labeled using alphanumeric codes (e.g., A1-B3).",False,nan,nan,nan,nan,nan,nan
How many total units are stored on Shelves D and E together?,llm,"Shelf D has 109 units and Shelf E has 88 units, for a combined total of 197 units.",semantic_only,1.0,0.0,3,12,0.7332494299427635,0.0,0.7332494299427635,46.40309143066406,"Item: Sony WF-1000XM5, Shelf: Shelf C, Shelf ID: C, Location: (3.265, 2.080, 0.001), Stock: 18, Price: $299.99, Category: Earbuds",False,nan,nan,nan,nan,nan,nan
How many total units are stored on Shelves D and E together?,llm,"Shelf D has 109 units and Shelf E has 88 units, for a combined total of 197 units.",semantic_only,1.0,0.0,4,14,0.6729963302684412,0.0,0.6729963302684412,47.55983352661133,"Item: Sony Carrying Case, Shelf: Shelf C, Shelf ID: C, Location: (3.265, 2.080, 0.001), Stock: 42, Price: $19.99, Category: Accessories",False,nan,nan,nan,nan,nan,nan
How many total units are stored on Shelves D and E together?,llm,"Shelf D has 109 units and Shelf E has 88 units, for a combined total of 197 units.",semantic_only,1.0,0.0,5,10,0.666604184206352,0.0,0.666604184206352,47.68587112426758,"Item: Sony WH-1000XM5, Shelf: Shelf C, Shelf ID: C, Location: (3.265, 2.080, 0.001), Stock: 16, Price: $399.99, Category: Headphones",False,nan,nan,nan,nan,nan,nan
How many total units are stored on Shelves D and E together?,llm,"Shelf D has 109 units and Shelf E has 88 units, for a combined total of 197 units.",keyword_only,0.0,1.0,1,36,0.8564219883360232,1.0,1.0,44.201934814453125,"Source: Safety Manual, Chunk 2
SECTION 2: INVENTORY HANDLING
-----------------------------
- Use handheld scanners for all inventory movements.
- Report discrepancies immediately to the Inventory Supervisor.
- Damaged goods must be placed in the “Inspection Zone” before tagging.
- Shelves are labeled using alphanumeric codes (e.g., A1-B3).",False,nan,nan,nan,nan,nan,nan
How many total units are stored on Shelves D and E together?,llm,"Shelf D has 109 units and Shelf E has 88 units, for a combined total of 197 units.",keyword_only,0.0,1.0,2,38,0.5645389021797651,1.0,1.0,49.790809631347656,"Source: Safety Manual, Chunk 4
SECTION 4: CLEANLINESS & WASTE DISPOSAL
---------------------------------------
- Floors must be swept at the end of each shift.
- Spillages must be reported and cleaned immediately using absorbent pads.
- Recycling bins are color-coded:
  - Blue: Paper/Cardboard
  - Green: Plastic
  - Red: Hazardous waste
- All cleaning supplies are stored in Room C-14.",False,nan,nan,nan,nan,nan,nan
How many total units are stored on Shelves D and E together?,llm,"Shelf D has 109 units and Shelf E has 88 units, for a combined total of 197 units.",keyword_only,0.0,1.0,3,46,0.30699355726983885,1.0,1.0,56.01047134399414,"Source: Safety Manual, Chunk 12
SECTION 6: FIRST AID AND INCIDENT REPORTING
First Aid Kits must be:
Available every 30 meters.
Checked weekly by a safety officer.
Incident Reports:
Must be submitted within 2 hours using Form WHS-101.
Use the internal safety portal for submission.
Emergency contacts are listed on the main notice board and in Section 9.",False,nan,nan,nan,nan,nan,nan
How many total units are stored on Shelves D and E together?,llm,"Shelf D has 109 units and Shelf E has 88 units, for a combined total of 197 units.",keyword_only,0.0,1.0,4,45,1.0,0.6666666666666666,0.6666666666666666,41.880897521972656,"Source: Safety Manual, Chunk 11
SECTION 5: MATERIAL HANDLING AND STORAGE
Forklift operators must be certified and recertified every 2 years.
Do not exceed 1500 kg per shelving level unless labeled otherwise.
Use Class 2 ratchet straps for loads over 200 kg.
Hazardous chemicals must be stored in locked ventilated cabinets.",False,nan,nan,nan,nan,nan,nan
How many total units are stored on Shelves D and E together?,llm,"Shelf D has 109 units and Shelf E has 88 units, for a combined total of 197 units.",keyword_only,0.0,1.0,5,47,0.38368439658695974,0.6666666666666666,0.6666666666666666,54.00474548339844,"Source: Safety Manual, Chunk 13
SECTION 7: TRAINING AND CERTIFICATION
Safety Training is required:
Annually for all employees.
Immediately after any safety violation or accident.
Lockout/Tagout procedures must be reviewed every 12 months.


SECTION 8: EMERGENCY CONTACTS
Fire Department: 101
Police: 100
On-site Medical Officer: Ext. 221
Warehouse Safety Lead: Ext. 115",False,nan,nan,nan,nan,nan,nan
How many total units are stored on Shelves D and E together?,llm,"Shelf D has 109 units and Shelf E has 88 units, for a combined total of 197 units.",hybrid_50_50,0.5,0.5,1,36,0.8564219883360232,1.0,0.9282109941680117,44.201934814453125,"Source: Safety Manual, Chunk 2
SECTION 2: INVENTORY HANDLING
-----------------------------
- Use handheld scanners for all inventory movements.
- Report discrepancies immediately to the Inventory Supervisor.
- Damaged goods must be placed in the “Inspection Zone” before tagging.
- Shelves are labeled using alphanumeric codes (e.g., A1-B3).",False,nan,nan,nan,nan,nan,nan
How many total units are stored on Shelves D and E together?,llm,"Shelf D has 109 units and Shelf E has 88 units, for a combined total of 197 units.",hybrid_50_50,0.5,0.5,2,45,1.0,0.6666666666666666,0.8333333333333333,41.880897521972656,"Source: Safety Manual, Chunk 11
SECTION 5: MATERIAL HANDLING AND STORAGE
Forklift operators must be certified and recertified every 2 years.
Do not exceed 1500 kg per shelving level unless labeled otherwise.
Use Class 2 ratchet straps for loads over 200 kg.
Hazardous chemicals must be stored in locked ventilated cabinets.",False,nan,nan,nan,nan,nan,nan
How many total units are stored on Shelves D and E together?,llm,"Shelf D has 109 units and Shelf E has 88 units, for a combined total of 197 units.",hybrid_50_50,0.5,0.5,3,38,0.5645389021797651,1.0,0.7822694510898826,49.790809631347656,"Source: Safety Manual, Chunk 4
SECTION 4: CLEANLINESS & WASTE DISPOSAL
---------------------------------------
- Floors must be swept at the end of each shift.
- Spillages must be reported and cleaned immediately using absorbent pads.
- Recycling bins are color-coded:
  - Blue: Paper/Cardboard
  - Green: Plastic
  - Red: Hazardous waste
- All cleaning supplies are stored in Room C-14.",False,nan,nan,nan,nan,nan,nan
How many total units are stored on Shelves D and E together?,llm,"Shelf D has 109 units and Shelf E has 88 units, for a combined total of 197 units.",hybrid_50_50,0.5,0.5,4,46,0.30699355726983885,1.0,0.6534967786349194,56.01047134399414,"Source: Safety Manual, Chunk 12
SECTION 6: FIRST AID AND INCIDENT REPORTING
First Aid Kits must be:
Available every 30 meters.
Checked weekly by a safety officer.
Incident Reports:
Must be submitted within 2 hours using Form WHS-101.
Use the internal safety portal for submission.
Emergency contacts are listed on the main notice board and in Section 9.",False,nan,nan,nan,nan,nan,nan
How many total units are stored on Shelves D and E together?,llm,"Shelf D has 109 units and Shelf E has 88 units, for a combined total of 197 units.",hybrid_50_50,0.5,0.5,5,47,0.38368439658695974,0.6666666666666666,0.5251755316268132,54.00474548339844,"Source: Safety Manual, Chunk 13
SECTION 7: TRAINING AND CERTIFICATION
Safety Training is required:
Annually for all employees.
Immediately after any safety violation or accident.
Lockout/Tagout procedures must be reviewed every 12 months.


SECTION 8: EMERGENCY CONTACTS
Fire Department: 101
Police: 100
On-site Medical Officer: Ext. 221
Warehouse Safety Lead: Ext. 115",False,nan,nan,nan,nan,nan,nan
How many total units are stored on Shelves D and E together?,llm,"Shelf D has 109 units and Shelf E has 88 units, for a combined total of 197 units.",hybrid_60_40,0.6,0.4,1,36,0.8564219883360232,1.0,0.9138531930016139,44.201934814453125,"Source: Safety Manual, Chunk 2
SECTION 2: INVENTORY HANDLING
-----------------------------
- Use handheld scanners for all inventory movements.
- Report discrepancies immediately to the Inventory Supervisor.
- Damaged goods must be placed in the “Inspection Zone” before tagging.
- Shelves are labeled using alphanumeric codes (e.g., A1-B3).",False,nan,nan,nan,nan,nan,nan
How many total units are stored on Shelves D and E together?,llm,"Shelf D has 109 units and Shelf E has 88 units, for a combined total of 197 units.",hybrid_60_40,0.6,0.4,2,45,1.0,0.6666666666666666,0.8666666666666667,41.880897521972656,"Source: Safety Manual, Chunk 11
SECTION 5: MATERIAL HANDLING AND STORAGE
Forklift operators must be certified and recertified every 2 years.
Do not exceed 1500 kg per shelving level unless labeled otherwise.
Use Class 2 ratchet straps for loads over 200 kg.
Hazardous chemicals must be stored in locked ventilated cabinets.",False,nan,nan,nan,nan,nan,nan
How many total units are stored on Shelves D and E together?,llm,"Shelf D has 109 units and Shelf E has 88 units, for a combined total of 197 units.",hybrid_60_40,0.6,0.4,3,38,0.5645389021797651,1.0,0.7387233413078591,49.790809631347656,"Source: Safety Manual, Chunk 4
SECTION 4: CLEANLINESS & WASTE DISPOSAL
---------------------------------------
- Floors must be swept at the end of each shift.
- Spillages must be reported and cleaned immediately using absorbent pads.
- Recycling bins are color-coded:
  - Blue: Paper/Cardboard
  - Green: Plastic
  - Red: Hazardous waste
- All cleaning supplies are stored in Room C-14.",False,nan,nan,nan,nan,nan,nan
How many total units are stored on Shelves D and E together?,llm,"Shelf D has 109 units and Shelf E has 88 units, for a combined total of 197 units.",hybrid_60_40,0.6,0.4,4,46,0.30699355726983885,1.0,0.5841961343619033,56.01047134399414,"Source: Safety Manual, Chunk 12
SECTION 6: FIRST AID AND INCIDENT REPORTING
First Aid Kits must be:
Available every 30 meters.
Checked weekly by a safety officer.
Incident Reports:
Must be submitted within 2 hours using Form WHS-101.
Use the internal safety portal for submission.
Emergency contacts are listed on the main notice board and in Section 9.",False,nan,nan,nan,nan,nan,nan
How many total units are stored on Shelves D and E together?,llm,"Shelf D has 109 units and Shelf E has 88 units, for a combined total of 197 units.",hybrid_60_40,0.6,0.4,5,15,0.6527983000753154,0.3333333333333333,0.5250123133785225,47.96033477783203,"Item: Dell XPS 13, Shelf: Shelf D, Shelf ID: D, Location: (4.831, 2.309, -0.000), Stock: 45, Price: $1199.99, Category: Laptops",False,nan,nan,nan,nan,nan,nan
How many total units are stored on Shelves D and E together?,llm,"Shelf D has 109 units and Shelf E has 88 units, for a combined total of 197 units.",hybrid_70_30,0.7,0.3,1,45,1.0,0.6666666666666666,0.8999999999999999,41.880897521972656,"Source: Safety Manual, Chunk 11
SECTION 5: MATERIAL HANDLING AND STORAGE
Forklift operators must be certified and recertified every 2 years.
Do not exceed 1500 kg per shelving level unless labeled otherwise.
Use Class 2 ratchet straps for loads over 200 kg.
Hazardous chemicals must be stored in locked ventilated cabinets.",False,nan,nan,nan,nan,nan,nan
How many total units are stored on Shelves D and E together?,llm,"Shelf D has 109 units and Shelf E has 88 units, for a combined total of 197 units.",hybrid_70_30,0.7,0.3,2,36,0.8564219883360232,1.0,0.8994953918352162,44.201934814453125,"Source: Safety Manual, Chunk 2
SECTION 2: INVENTORY HANDLING
-----------------------------
- Use handheld scanners for all inventory movements.
- Report discrepancies immediately to the Inventory Supervisor.
- Damaged goods must be placed in the “Inspection Zone” before tagging.
- Shelves are labeled using alphanumeric codes (e.g., A1-B3).",False,nan,nan,nan,nan,nan,nan
How many total units are stored on Shelves D and E together?,llm,"Shelf D has 109 units and Shelf E has 88 units, for a combined total of 197 units.",hybrid_70_30,0.7,0.3,3,38,0.5645389021797651,1.0,0.6951772315258355,49.790809631347656,"Source: Safety Manual, Chunk 4
SECTION 4: CLEANLINESS & WASTE DISPOSAL
---------------------------------------
- Floors must be swept at the end of each shift.
- Spillages must be reported and cleaned immediately using absorbent pads.
- Recycling bins are color-coded:
  - Blue: Paper/Cardboard
  - Green: Plastic
  - Red: Hazardous waste
- All cleaning supplies are stored in Room C-14.",False,nan,nan,nan,nan,nan,nan
How many total units are stored on Shelves D and E together?,llm,"Shelf D has 109 units and Shelf E has 88 units, for a combined total of 197 units.",hybrid_70_30,0.7,0.3,4,15,0.6527983000753154,0.3333333333333333,0.5569588100527207,47.96033477783203,"Item: Dell XPS 13, Shelf: Shelf D, Shelf ID: D, Location: (4.831, 2.309, -0.000), Stock: 45, Price: $1199.99, Category: Laptops",False,nan,nan,nan,nan,nan,nan
How many total units are stored on Shelves D and E together?,llm,"Shelf D has 109 units and Shelf E has 88 units, for a combined total of 197 units.",hybrid_70_30,0.7,0.3,5,16,0.5952465599258482,0.3333333333333333,0.5166725919480937,49.138614654541016,"Item: Dell XPS 15, Shelf: Shelf D, Shelf ID: D, Location: (4.831, 2.309, -0.000), Stock: 8, Price: $1799.99, Category: Laptops",False,nan,nan,nan,nan,nan,nan
How many total units are stored on Shelves D and E together?,llm,"Shelf D has 109 units and Shelf E has 88 units, for a combined total of 197 units.",hybrid_80_20,0.8,0.2,1,45,1.0,0.6666666666666666,0.9333333333333333,41.880897521972656,"Source: Safety Manual, Chunk 11
SECTION 5: MATERIAL HANDLING AND STORAGE
Forklift operators must be certified and recertified every 2 years.
Do not exceed 1500 kg per shelving level unless labeled otherwise.
Use Class 2 ratchet straps for loads over 200 kg.
Hazardous chemicals must be stored in locked ventilated cabinets.",False,nan,nan,nan,nan,nan,nan
How many total units are stored on Shelves D and E together?,llm,"Shelf D has 109 units and Shelf E has 88 units, for a combined total of 197 units.",hybrid_80_20,0.8,0.2,2,36,0.8564219883360232,1.0,0.8851375906688186,44.201934814453125,"Source: Safety Manual, Chunk 2
SECTION 2: INVENTORY HANDLING
-----------------------------
- Use handheld scanners for all inventory movements.
- Report discrepancies immediately to the Inventory Supervisor.
- Damaged goods must be placed in the “Inspection Zone” before tagging.
- Shelves are labeled using alphanumeric codes (e.g., A1-B3).",False,nan,nan,nan,nan,nan,nan
How many total units are stored on Shelves D and E together?,llm,"Shelf D has 109 units and Shelf E has 88 units, for a combined total of 197 units.",hybrid_80_20,0.8,0.2,3,38,0.5645389021797651,1.0,0.6516311217438121,49.790809631347656,"Source: Safety Manual, Chunk 4
SECTION 4: CLEANLINESS & WASTE DISPOSAL
---------------------------------------
- Floors must be swept at the end of each shift.
- Spillages must be reported and cleaned immediately using absorbent pads.
- Recycling bins are color-coded:
  - Blue: Paper/Cardboard
  - Green: Plastic
  - Red: Hazardous waste
- All cleaning supplies are stored in Room C-14.",False,nan,nan,nan,nan,nan,nan
How many total units are stored on Shelves D and E together?,llm,"Shelf D has 109 units and Shelf E has 88 units, for a combined total of 197 units.",hybrid_80_20,0.8,0.2,4,15,0.6527983000753154,0.3333333333333333,0.588905306726919,47.96033477783203,"Item: Dell XPS 13, Shelf: Shelf D, Shelf ID: D, Location: (4.831, 2.309, -0.000), Stock: 45, Price: $1199.99, Category: Laptops",False,nan,nan,nan,nan,nan,nan
How many total units are stored on Shelves D and E together?,llm,"Shelf D has 109 units and Shelf E has 88 units, for a combined total of 197 units.",hybrid_80_20,0.8,0.2,5,12,0.7332494299427635,0.0,0.5865995439542109,46.40309143066406,"Item: Sony WF-1000XM5, Shelf: Shelf C, Shelf ID: C, Location: (3.265, 2.080, 0.001), Stock: 18, Price: $299.99, Category: Earbuds",False,nan,nan,nan,nan,nan,nan
Compare the inventory value of Dell XPS 13 with Dell XPS 15.,llm,"Dell XPS 13 inventory value is $53,999.55 (45 × $1,199.99). Dell XPS 15 inventory value is $14,399.92 (8 × $1,799.99). XPS 13 has $39,599.63 more total inventory value.",semantic_only,1.0,0.0,1,15,1.0,1.0,1.0,32.75507354736328,"Item: Dell XPS 13, Shelf: Shelf D, Shelf ID: D, Location: (4.831, 2.309, -0.000), Stock: 45, Price: $1199.99, Category: Laptops",False,nan,nan,nan,nan,nan,nan
Compare the inventory value of Dell XPS 13 with Dell XPS 15.,llm,"Dell XPS 13 inventory value is $53,999.55 (45 × $1,199.99). Dell XPS 15 inventory value is $14,399.92 (8 × $1,799.99). XPS 13 has $39,599.63 more total inventory value.",semantic_only,1.0,0.0,2,16,0.8952680305844694,1.0,0.8952680305844694,34.750999450683594,"Item: Dell XPS 15, Shelf: Shelf D, Shelf ID: D, Location: (4.831, 2.309, -0.000), Stock: 8, Price: $1799.99, Category: Laptops",False,nan,nan,nan,nan,nan,nan
Compare the inventory value of Dell XPS 13 with Dell XPS 15.,llm,"Dell XPS 13 inventory value is $53,999.55 (45 × $1,199.99). Dell XPS 15 inventory value is $14,399.92 (8 × $1,799.99). XPS 13 has $39,599.63 more total inventory value.",semantic_only,1.0,0.0,3,18,0.7654349374297172,0.33333333333333337,0.7654349374297172,37.578880310058594,"Item: Dell Laptop Charger, Shelf: Shelf D, Shelf ID: D, Location: (4.831, 2.309, -0.000), Stock: 23, Price: $89.99, Category: Accessories",False,nan,nan,nan,nan,nan,nan
Compare the inventory value of Dell XPS 13 with Dell XPS 15.,llm,"Dell XPS 13 inventory value is $53,999.55 (45 × $1,199.99). Dell XPS 15 inventory value is $14,399.92 (8 × $1,799.99). XPS 13 has $39,599.63 more total inventory value.",semantic_only,1.0,0.0,4,17,0.7254534262496868,0.33333333333333337,0.7254534262496868,38.542057037353516,"Item: Dell Inspiron 14, Shelf: Shelf D, Shelf ID: D, Location: (4.831, 2.309, -0.000), Stock: 14, Price: $699.99, Category: Laptops",False,nan,nan,nan,nan,nan,nan
Compare the inventory value of Dell XPS 13 with Dell XPS 15.,llm,"Dell XPS 13 inventory value is $53,999.55 (45 × $1,199.99). Dell XPS 15 inventory value is $14,399.92 (8 × $1,799.99). XPS 13 has $39,599.63 more total inventory value.",semantic_only,1.0,0.0,5,19,0.6898862137485289,0.33333333333333337,0.6898862137485289,39.44023132324219,"Item: Dell Laptop Bag, Shelf: Shelf D, Shelf ID: D, Location: (4.831, 2.309, -0.000), Stock: 19, Price: $49.99, Category: Accessories",False,nan,nan,nan,nan,nan,nan
Compare the inventory value of Dell XPS 13 with Dell XPS 15.,llm,"Dell XPS 13 inventory value is $53,999.55 (45 × $1,199.99). Dell XPS 15 inventory value is $14,399.92 (8 × $1,799.99). XPS 13 has $39,599.63 more total inventory value.",keyword_only,0.0,1.0,1,15,1.0,1.0,1.0,32.75507354736328,"Item: Dell XPS 13, Shelf: Shelf D, Shelf ID: D, Location: (4.831, 2.309, -0.000), Stock: 45, Price: $1199.99, Category: Laptops",False,nan,nan,nan,nan,nan,nan
Compare the inventory value of Dell XPS 13 with Dell XPS 15.,llm,"Dell XPS 13 inventory value is $53,999.55 (45 × $1,199.99). Dell XPS 15 inventory value is $14,399.92 (8 × $1,799.99). XPS 13 has $39,599.63 more total inventory value.",keyword_only,0.0,1.0,2,16,0.8952680305844694,1.0,1.0,34.750999450683594,"Item: Dell XPS 15, Shelf: Shelf D, Shelf ID: D, Location: (4.831, 2.309, -0.000), Stock: 8, Price: $1799.99, Category: Laptops",False,nan,nan,nan,nan,nan,nan
Compare the inventory value of Dell XPS 13 with Dell XPS 15.,llm,"Dell XPS 13 inventory value is $53,999.55 (45 × $1,199.99). Dell XPS 15 inventory value is $14,399.92 (8 × $1,799.99). XPS 13 has $39,599.63 more total inventory value.",keyword_only,0.0,1.0,3,35,0.0,0.6666666666666667,0.6666666666666667,71.29012298583984,"Source: Safety Manual, Chunk 1
WAREHOUSE DAILY OPERATIONS GUIDE (2024)
========================================

SECTION 1: SHIFT SCHEDULES & WORKFLOW
-------------------------------------
- Morning Shift: 6:00 AM – 2:00 PM
- Afternoon Shift: 2:00 PM – 10:00 PM
- Night Shift: 10:00 PM – 6:00 AM
- All workers must sign in 10 minutes before their shift and attend the team briefing.
- Daily workload is divided into receiving, inventory update, picking, packing, and dispatch.",False,nan,nan,nan,nan,nan,nan
Compare the inventory value of Dell XPS 13 with Dell XPS 15.,llm,"Dell XPS 13 inventory value is $53,999.55 (45 × $1,199.99). Dell XPS 15 inventory value is $14,399.92 (8 × $1,799.99). XPS 13 has $39,599.63 more total inventory value.",keyword_only,0.0,1.0,4,36,0.5338405448422413,0.6666666666666667,0.6666666666666667,43.916419982910156,"Source: Safety Manual, Chunk 2
SECTION 2: INVENTORY HANDLING
-----------------------------
- Use handheld scanners for all inventory movements.
- Report discrepancies immediately to the Inventory Supervisor.
- Damaged goods must be placed in the “Inspection Zone” before tagging.
- Shelves are labeled using alphanumeric codes (e.g., A1-B3).",False,nan,nan,nan,nan,nan,nan
Compare the inventory value of Dell XPS 13 with Dell XPS 15.,llm,"Dell XPS 13 inventory value is $53,999.55 (45 × $1,199.99). Dell XPS 15 inventory value is $14,399.92 (8 × $1,799.99). XPS 13 has $39,599.63 more total inventory value.",keyword_only,0.0,1.0,5,38,0.19073436798328866,0.6666666666666667,0.6666666666666667,58.363983154296875,"Source: Safety Manual, Chunk 4
SECTION 4: CLEANLINESS & WASTE DISPOSAL
---------------------------------------
- Floors must be swept at the end of each shift.
- Spillages must be reported and cleaned immediately using absorbent pads.
- Recycling bins are color-coded:
  - Blue: Paper/Cardboard
  - Green: Plastic
  - Red: Hazardous waste
- All cleaning supplies are stored in Room C-14.",False,nan,nan,nan,nan,nan,nan
Compare the inventory value of Dell XPS 13 with Dell XPS 15.,llm,"Dell XPS 13 inventory value is $53,999.55 (45 × $1,199.99). Dell XPS 15 inventory value is $14,399.92 (8 × $1,799.99). XPS 13 has $39,599.63 more total inventory value.",hybrid_50_50,0.5,0.5,1,15,1.0,1.0,1.0,32.75507354736328,"Item: Dell XPS 13, Shelf: Shelf D, Shelf ID: D, Location: (4.831, 2.309, -0.000), Stock: 45, Price: $1199.99, Category: Laptops",False,nan,nan,nan,nan,nan,nan
Compare the inventory value of Dell XPS 13 with Dell XPS 15.,llm,"Dell XPS 13 inventory value is $53,999.55 (45 × $1,199.99). Dell XPS 15 inventory value is $14,399.92 (8 × $1,799.99). XPS 13 has $39,599.63 more total inventory value.",hybrid_50_50,0.5,0.5,2,16,0.8952680305844694,1.0,0.9476340152922347,34.750999450683594,"Item: Dell XPS 15, Shelf: Shelf D, Shelf ID: D, Location: (4.831, 2.309, -0.000), Stock: 8, Price: $1799.99, Category: Laptops",False,nan,nan,nan,nan,nan,nan
Compare the inventory value of Dell XPS 13 with Dell XPS 15.,llm,"Dell XPS 13 inventory value is $53,999.55 (45 × $1,199.99). Dell XPS 15 inventory value is $14,399.92 (8 × $1,799.99). XPS 13 has $39,599.63 more total inventory value.",hybrid_50_50,0.5,0.5,3,36,0.5338405448422413,0.6666666666666667,0.6002536057544541,43.916419982910156,"Source: Safety Manual, Chunk 2
SECTION 2: INVENTORY HANDLING
-----------------------------
- Use handheld scanners for all inventory movements.
- Report discrepancies immediately to the Inventory Supervisor.
- Damaged goods must be placed in the “Inspection Zone” before tagging.
- Shelves are labeled using alphanumeric codes (e.g., A1-B3).",False,nan,nan,nan,nan,nan,nan
Compare the inventory value of Dell XPS 13 with Dell XPS 15.,llm,"Dell XPS 13 inventory value is $53,999.55 (45 × $1,199.99). Dell XPS 15 inventory value is $14,399.92 (8 × $1,799.99). XPS 13 has $39,599.63 more total inventory value.",hybrid_50_50,0.5,0.5,4,18,0.7654349374297172,0.33333333333333337,0.5493841353815253,37.578880310058594,"Item: Dell Laptop Charger, Shelf: Shelf D, Shelf ID: D, Location: (4.831, 2.309, -0.000), Stock: 23, Price: $89.99, Category: Accessories",False,nan,nan,nan,nan,nan,nan
Compare the inventory value of Dell XPS 13 with Dell XPS 15.,llm,"Dell XPS 13 inventory value is $53,999.55 (45 × $1,199.99). Dell XPS 15 inventory value is $14,399.92 (8 × $1,799.99). XPS 13 has $39,599.63 more total inventory value.",hybrid_50_50,0.5,0.5,5,17,0.7254534262496868,0.33333333333333337,0.52939337979151,38.542057037353516,"Item: Dell Inspiron 14, Shelf: Shelf D, Shelf ID: D, Location: (4.831, 2.309, -0.000), Stock: 14, Price: $699.99, Category: Laptops",False,nan,nan,nan,nan,nan,nan
Compare the inventory value of Dell XPS 13 with Dell XPS 15.,llm,"Dell XPS 13 inventory value is $53,999.55 (45 × $1,199.99). Dell XPS 15 inventory value is $14,399.92 (8 × $1,799.99). XPS 13 has $39,599.63 more total inventory value.",hybrid_60_40,0.6,0.4,1,15,1.0,1.0,1.0,32.75507354736328,"Item: Dell XPS 13, Shelf: Shelf D, Shelf ID: D, Location: (4.831, 2.309, -0.000), Stock: 45, Price: $1199.99, Category: Laptops",False,nan,nan,nan,nan,nan,nan
Compare the inventory value of Dell XPS 13 with Dell XPS 15.,llm,"Dell XPS 13 inventory value is $53,999.55 (45 × $1,199.99). Dell XPS 15 inventory value is $14,399.92 (8 × $1,799.99). XPS 13 has $39,599.63 more total inventory value.",hybrid_60_40,0.6,0.4,2,16,0.8952680305844694,1.0,0.9371608183506817,34.750999450683594,"Item: Dell XPS 15, Shelf: Shelf D, Shelf ID: D, Location: (4.831, 2.309, -0.000), Stock: 8, Price: $1799.99, Category: Laptops",False,nan,nan,nan,nan,nan,nan
Compare the inventory value of Dell XPS 13 with Dell XPS 15.,llm,"Dell XPS 13 inventory value is $53,999.55 (45 × $1,199.99). Dell XPS 15 inventory value is $14,399.92 (8 × $1,799.99). XPS 13 has $39,599.63 more total inventory value.",hybrid_60_40,0.6,0.4,3,18,0.7654349374297172,0.33333333333333337,0.5925942957911636,37.578880310058594,"Item: Dell Laptop Charger, Shelf: Shelf D, Shelf ID: D, Location: (4.831, 2.309, -0.000), Stock: 23, Price: $89.99, Category: Accessories",False,nan,nan,nan,nan,nan,nan
Compare the inventory value of Dell XPS 13 with Dell XPS 15.,llm,"Dell XPS 13 inventory value is $53,999.55 (45 × $1,199.99). Dell XPS 15 inventory value is $14,399.92 (8 × $1,799.99). XPS 13 has $39,599.63 more total inventory value.",hybrid_60_40,0.6,0.4,4,36,0.5338405448422413,0.6666666666666667,0.5869709935720115,43.916419982910156,"Source: Safety Manual, Chunk 2
SECTION 2: INVENTORY HANDLING
-----------------------------
- Use handheld scanners for all inventory movements.
- Report discrepancies immediately to the Inventory Supervisor.
- Damaged goods must be placed in the “Inspection Zone” before tagging.
- Shelves are labeled using alphanumeric codes (e.g., A1-B3).",False,nan,nan,nan,nan,nan,nan
Compare the inventory value of Dell XPS 13 with Dell XPS 15.,llm,"Dell XPS 13 inventory value is $53,999.55 (45 × $1,199.99). Dell XPS 15 inventory value is $14,399.92 (8 × $1,799.99). XPS 13 has $39,599.63 more total inventory value.",hybrid_60_40,0.6,0.4,5,17,0.7254534262496868,0.33333333333333337,0.5686053890831454,38.542057037353516,"Item: Dell Inspiron 14, Shelf: Shelf D, Shelf ID: D, Location: (4.831, 2.309, -0.000), Stock: 14, Price: $699.99, Category: Laptops",False,nan,nan,nan,nan,nan,nan
Compare the inventory value of Dell XPS 13 with Dell XPS 15.,llm,"Dell XPS 13 inventory value is $53,999.55 (45 × $1,199.99). Dell XPS 15 inventory value is $14,399.92 (8 × $1,799.99). XPS 13 has $39,599.63 more total inventory value.",hybrid_70_30,0.7,0.3,1,15,1.0,1.0,1.0,32.75507354736328,"Item: Dell XPS 13, Shelf: Shelf D, Shelf ID: D, Location: (4.831, 2.309, -0.000), Stock: 45, Price: $1199.99, Category: Laptops",False,nan,nan,nan,nan,nan,nan
Compare the inventory value of Dell XPS 13 with Dell XPS 15.,llm,"Dell XPS 13 inventory value is $53,999.55 (45 × $1,199.99). Dell XPS 15 inventory value is $14,399.92 (8 × $1,799.99). XPS 13 has $39,599.63 more total inventory value.",hybrid_70_30,0.7,0.3,2,16,0.8952680305844694,1.0,0.9266876214091284,34.750999450683594,"Item: Dell XPS 15, Shelf: Shelf D, Shelf ID: D, Location: (4.831, 2.309, -0.000), Stock: 8, Price: $1799.99, Category: Laptops",False,nan,nan,nan,nan,nan,nan
Compare the inventory value of Dell XPS 13 with Dell XPS 15.,llm,"Dell XPS 13 inventory value is $53,999.55 (45 × $1,199.99). Dell XPS 15 inventory value is $14,399.92 (8 × $1,799.99). XPS 13 has $39,599.63 more total inventory value.",hybrid_70_30,0.7,0.3,3,18,0.7654349374297172,0.33333333333333337,0.6358044562008021,37.578880310058594,"Item: Dell Laptop Charger, Shelf: Shelf D, Shelf ID: D, Location: (4.831, 2.309, -0.000), Stock: 23, Price: $89.99, Category: Accessories",False,nan,nan,nan,nan,nan,nan
Compare the inventory value of Dell XPS 13 with Dell XPS 15.,llm,"Dell XPS 13 inventory value is $53,999.55 (45 × $1,199.99). Dell XPS 15 inventory value is $14,399.92 (8 × $1,799.99). XPS 13 has $39,599.63 more total inventory value.",hybrid_70_30,0.7,0.3,4,17,0.7254534262496868,0.33333333333333337,0.6078173983747807,38.542057037353516,"Item: Dell Inspiron 14, Shelf: Shelf D, Shelf ID: D, Location: (4.831, 2.309, -0.000), Stock: 14, Price: $699.99, Category: Laptops",False,nan,nan,nan,nan,nan,nan
Compare the inventory value of Dell XPS 13 with Dell XPS 15.,llm,"Dell XPS 13 inventory value is $53,999.55 (45 × $1,199.99). Dell XPS 15 inventory value is $14,399.92 (8 × $1,799.99). XPS 13 has $39,599.63 more total inventory value.",hybrid_70_30,0.7,0.3,5,19,0.6898862137485289,0.33333333333333337,0.5829203496239702,39.44023132324219,"Item: Dell Laptop Bag, Shelf: Shelf D, Shelf ID: D, Location: (4.831, 2.309, -0.000), Stock: 19, Price: $49.99, Category: Accessories",False,nan,nan,nan,nan,nan,nan
Compare the inventory value of Dell XPS 13 with Dell XPS 15.,llm,"Dell XPS 13 inventory value is $53,999.55 (45 × $1,199.99). Dell XPS 15 inventory value is $14,399.92 (8 × $1,799.99). XPS 13 has $39,599.63 more total inventory value.",hybrid_80_20,0.8,0.2,1,15,1.0,1.0,1.0,32.75507354736328,"Item: Dell XPS 13, Shelf: Shelf D, Shelf ID: D, Location: (4.831, 2.309, -0.000), Stock: 45, Price: $1199.99, Category: Laptops",False,nan,nan,nan,nan,nan,nan
Compare the inventory value of Dell XPS 13 with Dell XPS 15.,llm,"Dell XPS 13 inventory value is $53,999.55 (45 × $1,199.99). Dell XPS 15 inventory value is $14,399.92 (8 × $1,799.99). XPS 13 has $39,599.63 more total inventory value.",hybrid_80_20,0.8,0.2,2,16,0.8952680305844694,1.0,0.9162144244675756,34.750999450683594,"Item: Dell XPS 15, Shelf: Shelf D, Shelf ID: D, Location: (4.831, 2.309, -0.000), Stock: 8, Price: $1799.99, Category: Laptops",False,nan,nan,nan,nan,nan,nan
Compare the inventory value of Dell XPS 13 with Dell XPS 15.,llm,"Dell XPS 13 inventory value is $53,999.55 (45 × $1,199.99). Dell XPS 15 inventory value is $14,399.92 (8 × $1,799.99). XPS 13 has $39,599.63 more total inventory value.",hybrid_80_20,0.8,0.2,3,18,0.7654349374297172,0.33333333333333337,0.6790146166104405,37.578880310058594,"Item: Dell Laptop Charger, Shelf: Shelf D, Shelf ID: D, Location: (4.831, 2.309, -0.000), Stock: 23, Price: $89.99, Category: Accessories",False,nan,nan,nan,nan,nan,nan
Compare the inventory value of Dell XPS 13 with Dell XPS 15.,llm,"Dell XPS 13 inventory value is $53,999.55 (45 × $1,199.99). Dell XPS 15 inventory value is $14,399.92 (8 × $1,799.99). XPS 13 has $39,599.63 more total inventory value.",hybrid_80_20,0.8,0.2,4,17,0.7254534262496868,0.33333333333333337,0.6470294076664161,38.542057037353516,"Item: Dell Inspiron 14, Shelf: Shelf D, Shelf ID: D, Location: (4.831, 2.309, -0.000), Stock: 14, Price: $699.99, Category: Laptops",False,nan,nan,nan,nan,nan,nan
Compare the inventory value of Dell XPS 13 with Dell XPS 15.,llm,"Dell XPS 13 inventory value is $53,999.55 (45 × $1,199.99). Dell XPS 15 inventory value is $14,399.92 (8 × $1,799.99). XPS 13 has $39,599.63 more total inventory value.",hybrid_80_20,0.8,0.2,5,19,0.6898862137485289,0.33333333333333337,0.6185756376654897,39.44023132324219,"Item: Dell Laptop Bag, Shelf: Shelf D, Shelf ID: D, Location: (4.831, 2.309, -0.000), Stock: 19, Price: $49.99, Category: Accessories",False,nan,nan,nan,nan,nan,nan
What is the combined stock of all Bose products?,llm,All Bose products are on Shelf E and have a combined stock of 88 units.,semantic_only,1.0,0.0,1,24,1.0,0.6666666666666666,1.0,42.50261688232422,"Item: Bose Replacement Ear Pads, Shelf: Shelf E, Shelf ID: E, Location: (6.865, 2.080, 0.000), Stock: 36, Price: $29.99, Category: Accessories",False,nan,nan,nan,nan,nan,nan
What is the combined stock of all Bose products?,llm,All Bose products are on Shelf E and have a combined stock of 88 units.,semantic_only,1.0,0.0,2,20,0.9448478538274389,0.6666666666666666,0.9448478538274389,43.743019104003906,"Item: Bose QuietComfort 45, Shelf: Shelf E, Shelf ID: E, Location: (6.865, 2.080, 0.000), Stock: 11, Price: $329.99, Category: Headphones",False,nan,nan,nan,nan,nan,nan
What is the combined stock of all Bose products?,llm,All Bose products are on Shelf E and have a combined stock of 88 units.,semantic_only,1.0,0.0,3,21,0.9353637101612156,0.6666666666666666,0.9353637101612156,43.96348571777344,"Item: Bose QuietComfort Ultra, Shelf: Shelf E, Shelf ID: E, Location: (6.865, 2.080, 0.000), Stock: 7, Price: $429.99, Category: Headphones",False,nan,nan,nan,nan,nan,nan
What is the combined stock of all Bose products?,llm,All Bose products are on Shelf E and have a combined stock of 88 units.,semantic_only,1.0,0.0,4,22,0.7312415935182606,0.6666666666666666,0.7312415935182606,49.297523498535156,"Item: Bose SoundLink Flex, Shelf: Shelf E, Shelf ID: E, Location: (6.865, 2.080, 0.000), Stock: 25, Price: $149.99, Category: Speakers",False,nan,nan,nan,nan,nan,nan
What is the combined stock of all Bose products?,llm,All Bose products are on Shelf E and have a combined stock of 88 units.,semantic_only,1.0,0.0,5,23,0.6916949950317768,0.6666666666666666,0.6916949950317768,50.48072814941406,"Item: Bose Soundbar 600, Shelf: Shelf E, Shelf ID: E, Location: (6.865, 2.080, 0.000), Stock: 9, Price: $399.99, Category: Home Audio",False,nan,nan,nan,nan,nan,nan
What is the combined stock of all Bose products?,llm,All Bose products are on Shelf E and have a combined stock of 88 units.,keyword_only,0.0,1.0,1,35,0.011242569135264086,1.0,1.0,85.48793029785156,"Source: Safety Manual, Chunk 1
WAREHOUSE DAILY OPERATIONS GUIDE (2024)
========================================

SECTION 1: SHIFT SCHEDULES & WORKFLOW
-------------------------------------
- Morning Shift: 6:00 AM – 2:00 PM
- Afternoon Shift: 2:00 PM – 10:00 PM
- Night Shift: 10:00 PM – 6:00 AM
- All workers must sign in 10 minutes before their shift and attend the team briefing.
- Daily workload is divided into receiving, inventory update, picking, packing, and dispatch.",False,nan,nan,nan,nan,nan,nan
What is the combined stock of all Bose products?,llm,All Bose products are on Shelf E and have a combined stock of 88 units.,keyword_only,0.0,1.0,2,38,0.1828747662146941,1.0,1.0,72.82542419433594,"Source: Safety Manual, Chunk 4
SECTION 4: CLEANLINESS & WASTE DISPOSAL
---------------------------------------
- Floors must be swept at the end of each shift.
- Spillages must be reported and cleaned immediately using absorbent pads.
- Recycling bins are color-coded:
  - Blue: Paper/Cardboard
  - Green: Plastic
  - Red: Hazardous waste
- All cleaning supplies are stored in Room C-14.",False,nan,nan,nan,nan,nan,nan
What is the combined stock of all Bose products?,llm,All Bose products are on Shelf E and have a combined stock of 88 units.,keyword_only,0.0,1.0,3,39,0.13502520456789902,1.0,1.0,75.96700286865234,"Source: Safety Manual, Chunk 5
SECTION 5: SECURITY & ACCESS CONTROL
-------------------------------------
- Entry to the warehouse requires ID badge scans.
- All doors auto-lock after 8:00 PM.
- Visitors must be logged in at the front desk and accompanied at all times.
- Security footage is retained for 30 days and reviewed weekly.",False,nan,nan,nan,nan,nan,nan
What is the combined stock of all Bose products?,llm,All Bose products are on Shelf E and have a combined stock of 88 units.,keyword_only,0.0,1.0,4,44,0.10481555801834944,1.0,1.0,78.0919189453125,"Source: Safety Manual, Chunk 10
SECTION 4: VISITOR PROTOCOL
All visitors must sign in at the security desk and wear visitor badges.
Visitors must be escorted by a warehouse employee at all times.
PPE is required for visitors entering the warehouse floor.
Visits should be scheduled at least 24 hours in advance.",False,nan,nan,nan,nan,nan,nan
What is the combined stock of all Bose products?,llm,All Bose products are on Shelf E and have a combined stock of 88 units.,keyword_only,0.0,1.0,5,20,0.9448478538274389,0.6666666666666666,0.6666666666666666,43.743019104003906,"Item: Bose QuietComfort 45, Shelf: Shelf E, Shelf ID: E, Location: (6.865, 2.080, 0.000), Stock: 11, Price: $329.99, Category: Headphones",False,nan,nan,nan,nan,nan,nan
What is the combined stock of all Bose products?,llm,All Bose products are on Shelf E and have a combined stock of 88 units.,hybrid_50_50,0.5,0.5,1,24,1.0,0.6666666666666666,0.8333333333333333,42.50261688232422,"Item: Bose Replacement Ear Pads, Shelf: Shelf E, Shelf ID: E, Location: (6.865, 2.080, 0.000), Stock: 36, Price: $29.99, Category: Accessories",False,nan,nan,nan,nan,nan,nan
What is the combined stock of all Bose products?,llm,All Bose products are on Shelf E and have a combined stock of 88 units.,hybrid_50_50,0.5,0.5,2,20,0.9448478538274389,0.6666666666666666,0.8057572602470527,43.743019104003906,"Item: Bose QuietComfort 45, Shelf: Shelf E, Shelf ID: E, Location: (6.865, 2.080, 0.000), Stock: 11, Price: $329.99, Category: Headphones",False,nan,nan,nan,nan,nan,nan
What is the combined stock of all Bose products?,llm,All Bose products are on Shelf E and have a combined stock of 88 units.,hybrid_50_50,0.5,0.5,3,21,0.9353637101612156,0.6666666666666666,0.8010151884139411,43.96348571777344,"Item: Bose QuietComfort Ultra, Shelf: Shelf E, Shelf ID: E, Location: (6.865, 2.080, 0.000), Stock: 7, Price: $429.99, Category: Headphones",False,nan,nan,nan,nan,nan,nan
What is the combined stock of all Bose products?,llm,All Bose products are on Shelf E and have a combined stock of 88 units.,hybrid_50_50,0.5,0.5,4,22,0.7312415935182606,0.6666666666666666,0.6989541300924635,49.297523498535156,"Item: Bose SoundLink Flex, Shelf: Shelf E, Shelf ID: E, Location: (6.865, 2.080, 0.000), Stock: 25, Price: $149.99, Category: Speakers",False,nan,nan,nan,nan,nan,nan
What is the combined stock of all Bose products?,llm,All Bose products are on Shelf E and have a combined stock of 88 units.,hybrid_50_50,0.5,0.5,5,23,0.6916949950317768,0.6666666666666666,0.6791808308492218,50.48072814941406,"Item: Bose Soundbar 600, Shelf: Shelf E, Shelf ID: E, Location: (6.865, 2.080, 0.000), Stock: 9, Price: $399.99, Category: Home Audio",False,nan,nan,nan,nan,nan,nan
What is the combined stock of all Bose products?,llm,All Bose products are on Shelf E and have a combined stock of 88 units.,hybrid_60_40,0.6,0.4,1,24,1.0,0.6666666666666666,0.8666666666666667,42.50261688232422,"Item: Bose Replacement Ear Pads, Shelf: Shelf E, Shelf ID: E, Location: (6.865, 2.080, 0.000), Stock: 36, Price: $29.99, Category: Accessories",False,nan,nan,nan,nan,nan,nan
What is the combined stock of all Bose products?,llm,All Bose products are on Shelf E and have a combined stock of 88 units.,hybrid_60_40,0.6,0.4,2,20,0.9448478538274389,0.6666666666666666,0.8335753789631299,43.743019104003906,"Item: Bose QuietComfort 45, Shelf: Shelf E, Shelf ID: E, Location: (6.865, 2.080, 0.000), Stock: 11, Price: $329.99, Category: Headphones",False,nan,nan,nan,nan,nan,nan
What is the combined stock of all Bose products?,llm,All Bose products are on Shelf E and have a combined stock of 88 units.,hybrid_60_40,0.6,0.4,3,21,0.9353637101612156,0.6666666666666666,0.8278848927633959,43.96348571777344,"Item: Bose QuietComfort Ultra, Shelf: Shelf E, Shelf ID: E, Location: (6.865, 2.080, 0.000), Stock: 7, Price: $429.99, Category: Headphones",False,nan,nan,nan,nan,nan,nan
What is the combined stock of all Bose products?,llm,All Bose products are on Shelf E and have a combined stock of 88 units.,hybrid_60_40,0.6,0.4,4,22,0.7312415935182606,0.6666666666666666,0.705411622777623,49.297523498535156,"Item: Bose SoundLink Flex, Shelf: Shelf E, Shelf ID: E, Location: (6.865, 2.080, 0.000), Stock: 25, Price: $149.99, Category: Speakers",False,nan,nan,nan,nan,nan,nan
What is the combined stock of all Bose products?,llm,All Bose products are on Shelf E and have a combined stock of 88 units.,hybrid_60_40,0.6,0.4,5,23,0.6916949950317768,0.6666666666666666,0.6816836636857327,50.48072814941406,"Item: Bose Soundbar 600, Shelf: Shelf E, Shelf ID: E, Location: (6.865, 2.080, 0.000), Stock: 9, Price: $399.99, Category: Home Audio",False,nan,nan,nan,nan,nan,nan
What is the combined stock of all Bose products?,llm,All Bose products are on Shelf E and have a combined stock of 88 units.,hybrid_70_30,0.7,0.3,1,24,1.0,0.6666666666666666,0.8999999999999999,42.50261688232422,"Item: Bose Replacement Ear Pads, Shelf: Shelf E, Shelf ID: E, Location: (6.865, 2.080, 0.000), Stock: 36, Price: $29.99, Category: Accessories",False,nan,nan,nan,nan,nan,nan
What is the combined stock of all Bose products?,llm,All Bose products are on Shelf E and have a combined stock of 88 units.,hybrid_70_30,0.7,0.3,2,20,0.9448478538274389,0.6666666666666666,0.8613934976792071,43.743019104003906,"Item: Bose QuietComfort 45, Shelf: Shelf E, Shelf ID: E, Location: (6.865, 2.080, 0.000), Stock: 11, Price: $329.99, Category: Headphones",False,nan,nan,nan,nan,nan,nan
What is the combined stock of all Bose products?,llm,All Bose products are on Shelf E and have a combined stock of 88 units.,hybrid_70_30,0.7,0.3,3,21,0.9353637101612156,0.6666666666666666,0.8547545971128508,43.96348571777344,"Item: Bose QuietComfort Ultra, Shelf: Shelf E, Shelf ID: E, Location: (6.865, 2.080, 0.000), Stock: 7, Price: $429.99, Category: Headphones",False,nan,nan,nan,nan,nan,nan
What is the combined stock of all Bose products?,llm,All Bose products are on Shelf E and have a combined stock of 88 units.,hybrid_70_30,0.7,0.3,4,22,0.7312415935182606,0.6666666666666666,0.7118691154627823,49.297523498535156,"Item: Bose SoundLink Flex, Shelf: Shelf E, Shelf ID: E, Location: (6.865, 2.080, 0.000), Stock: 25, Price: $149.99, Category: Speakers",False,nan,nan,nan,nan,nan,nan
What is the combined stock of all Bose products?,llm,All Bose products are on Shelf E and have a combined stock of 88 units.,hybrid_70_30,0.7,0.3,5,23,0.6916949950317768,0.6666666666666666,0.6841864965222437,50.48072814941406,"Item: Bose Soundbar 600, Shelf: Shelf E, Shelf ID: E, Location: (6.865, 2.080, 0.000), Stock: 9, Price: $399.99, Category: Home Audio",False,nan,nan,nan,nan,nan,nan
What is the combined stock of all Bose products?,llm,All Bose products are on Shelf E and have a combined stock of 88 units.,hybrid_80_20,0.8,0.2,1,24,1.0,0.6666666666666666,0.9333333333333333,42.50261688232422,"Item: Bose Replacement Ear Pads, Shelf: Shelf E, Shelf ID: E, Location: (6.865, 2.080, 0.000), Stock: 36, Price: $29.99, Category: Accessories",False,nan,nan,nan,nan,nan,nan
What is the combined stock of all Bose products?,llm,All Bose products are on Shelf E and have a combined stock of 88 units.,hybrid_80_20,0.8,0.2,2,20,0.9448478538274389,0.6666666666666666,0.8892116163952845,43.743019104003906,"Item: Bose QuietComfort 45, Shelf: Shelf E, Shelf ID: E, Location: (6.865, 2.080, 0.000), Stock: 11, Price: $329.99, Category: Headphones",False,nan,nan,nan,nan,nan,nan
What is the combined stock of all Bose products?,llm,All Bose products are on Shelf E and have a combined stock of 88 units.,hybrid_80_20,0.8,0.2,3,21,0.9353637101612156,0.6666666666666666,0.8816243014623057,43.96348571777344,"Item: Bose QuietComfort Ultra, Shelf: Shelf E, Shelf ID: E, Location: (6.865, 2.080, 0.000), Stock: 7, Price: $429.99, Category: Headphones",False,nan,nan,nan,nan,nan,nan
What is the combined stock of all Bose products?,llm,All Bose products are on Shelf E and have a combined stock of 88 units.,hybrid_80_20,0.8,0.2,4,22,0.7312415935182606,0.6666666666666666,0.7183266081479418,49.297523498535156,"Item: Bose SoundLink Flex, Shelf: Shelf E, Shelf ID: E, Location: (6.865, 2.080, 0.000), Stock: 25, Price: $149.99, Category: Speakers",False,nan,nan,nan,nan,nan,nan
What is the combined stock of all Bose products?,llm,All Bose products are on Shelf E and have a combined stock of 88 units.,hybrid_80_20,0.8,0.2,5,23,0.6916949950317768,0.6666666666666666,0.6866893293587547,50.48072814941406,"Item: Bose Soundbar 600, Shelf: Shelf E, Shelf ID: E, Location: (6.865, 2.080, 0.000), Stock: 9, Price: $399.99, Category: Home Audio",False,nan,nan,nan,nan,nan,nan
Which Samsung product contributes the most units to Shelf B?,llm,"Samsung Galaxy S23 contributes the most units to Shelf B, with 196 units.",semantic_only,1.0,0.0,1,9,1.0,1.0,1.0,31.72126007080078,"Item: Samsung Fast Charger, Shelf: Shelf B, Shelf ID: B, Location: (1.430, 2.184, 0.000), Stock: 66, Price: $29.99, Category: Accessories",False,nan,nan,nan,nan,nan,nan
Which Samsung product contributes the most units to Shelf B?,llm,"Samsung Galaxy S23 contributes the most units to Shelf B, with 196 units.",semantic_only,1.0,0.0,2,6,0.9308443698004855,1.0,0.9308443698004855,33.10831069946289,"Item: Samsung Galaxy S24, Shelf: Shelf B, Shelf ID: B, Location: (1.430, 2.184, 0.000), Stock: 22, Price: $899.99, Category: Smartphones",False,nan,nan,nan,nan,nan,nan
Which Samsung product contributes the most units to Shelf B?,llm,"Samsung Galaxy S23 contributes the most units to Shelf B, with 196 units.",semantic_only,1.0,0.0,3,5,0.8324926293561782,1.0,0.8324926293561782,35.29648208618164,"Item: Samsung Galaxy S23, Shelf: Shelf B, Shelf ID: B, Location: (1.430, 2.184, 0.000), Stock: 196, Price: $749.99, Category: Smartphones",False,nan,nan,nan,nan,nan,nan
Which Samsung product contributes the most units to Shelf B?,llm,"Samsung Galaxy S23 contributes the most units to Shelf B, with 196 units.",semantic_only,1.0,0.0,4,7,0.8318534003906313,1.0,0.8318534003906313,35.311622619628906,"Item: Samsung Galaxy Tab S9, Shelf: Shelf B, Shelf ID: B, Location: (1.430, 2.184, 0.000), Stock: 15, Price: $699.99, Category: Tablets",False,nan,nan,nan,nan,nan,nan
Which Samsung product contributes the most units to Shelf B?,llm,"Samsung Galaxy S23 contributes the most units to Shelf B, with 196 units.",semantic_only,1.0,0.0,5,14,0.5714185423628059,0.33333333333333337,0.5714185423628059,42.74626922607422,"Item: Sony Carrying Case, Shelf: Shelf C, Shelf ID: C, Location: (3.265, 2.080, 0.001), Stock: 42, Price: $19.99, Category: Accessories",False,nan,nan,nan,nan,nan,nan
Which Samsung product contributes the most units to Shelf B?,llm,"Samsung Galaxy S23 contributes the most units to Shelf B, with 196 units.",keyword_only,0.0,1.0,1,5,0.8324926293561782,1.0,1.0,35.29648208618164,"Item: Samsung Galaxy S23, Shelf: Shelf B, Shelf ID: B, Location: (1.430, 2.184, 0.000), Stock: 196, Price: $749.99, Category: Smartphones",False,nan,nan,nan,nan,nan,nan
Which Samsung product contributes the most units to Shelf B?,llm,"Samsung Galaxy S23 contributes the most units to Shelf B, with 196 units.",keyword_only,0.0,1.0,2,6,0.9308443698004855,1.0,1.0,33.10831069946289,"Item: Samsung Galaxy S24, Shelf: Shelf B, Shelf ID: B, Location: (1.430, 2.184, 0.000), Stock: 22, Price: $899.99, Category: Smartphones",False,nan,nan,nan,nan,nan,nan
Which Samsung product contributes the most units to Shelf B?,llm,"Samsung Galaxy S23 contributes the most units to Shelf B, with 196 units.",keyword_only,0.0,1.0,3,7,0.8318534003906313,1.0,1.0,35.311622619628906,"Item: Samsung Galaxy Tab S9, Shelf: Shelf B, Shelf ID: B, Location: (1.430, 2.184, 0.000), Stock: 15, Price: $699.99, Category: Tablets",False,nan,nan,nan,nan,nan,nan
Which Samsung product contributes the most units to Shelf B?,llm,"Samsung Galaxy S23 contributes the most units to Shelf B, with 196 units.",keyword_only,0.0,1.0,4,8,0.521435483972819,1.0,1.0,44.53559494018555,"Item: Samsung Wireless Earbuds, Shelf: Shelf B, Shelf ID: B, Location: (1.430, 2.184, 0.000), Stock: 27, Price: $129.99, Category: Audio",False,nan,nan,nan,nan,nan,nan
Which Samsung product contributes the most units to Shelf B?,llm,"Samsung Galaxy S23 contributes the most units to Shelf B, with 196 units.",keyword_only,0.0,1.0,5,9,1.0,1.0,1.0,31.72126007080078,"Item: Samsung Fast Charger, Shelf: Shelf B, Shelf ID: B, Location: (1.430, 2.184, 0.000), Stock: 66, Price: $29.99, Category: Accessories",False,nan,nan,nan,nan,nan,nan
Which Samsung product contributes the most units to Shelf B?,llm,"Samsung Galaxy S23 contributes the most units to Shelf B, with 196 units.",hybrid_50_50,0.5,0.5,1,9,1.0,1.0,1.0,31.72126007080078,"Item: Samsung Fast Charger, Shelf: Shelf B, Shelf ID: B, Location: (1.430, 2.184, 0.000), Stock: 66, Price: $29.99, Category: Accessories",False,nan,nan,nan,nan,nan,nan
Which Samsung product contributes the most units to Shelf B?,llm,"Samsung Galaxy S23 contributes the most units to Shelf B, with 196 units.",hybrid_50_50,0.5,0.5,2,6,0.9308443698004855,1.0,0.9654221849002427,33.10831069946289,"Item: Samsung Galaxy S24, Shelf: Shelf B, Shelf ID: B, Location: (1.430, 2.184, 0.000), Stock: 22, Price: $899.99, Category: Smartphones",False,nan,nan,nan,nan,nan,nan
Which Samsung product contributes the most units to Shelf B?,llm,"Samsung Galaxy S23 contributes the most units to Shelf B, with 196 units.",hybrid_50_50,0.5,0.5,3,5,0.8324926293561782,1.0,0.916246314678089,35.29648208618164,"Item: Samsung Galaxy S23, Shelf: Shelf B, Shelf ID: B, Location: (1.430, 2.184, 0.000), Stock: 196, Price: $749.99, Category: Smartphones",False,nan,nan,nan,nan,nan,nan
Which Samsung product contributes the most units to Shelf B?,llm,"Samsung Galaxy S23 contributes the most units to Shelf B, with 196 units.",hybrid_50_50,0.5,0.5,4,7,0.8318534003906313,1.0,0.9159267001953156,35.311622619628906,"Item: Samsung Galaxy Tab S9, Shelf: Shelf B, Shelf ID: B, Location: (1.430, 2.184, 0.000), Stock: 15, Price: $699.99, Category: Tablets",False,nan,nan,nan,nan,nan,nan
Which Samsung product contributes the most units to Shelf B?,llm,"Samsung Galaxy S23 contributes the most units to Shelf B, with 196 units.",hybrid_50_50,0.5,0.5,5,8,0.521435483972819,1.0,0.7607177419864095,44.53559494018555,"Item: Samsung Wireless Earbuds, Shelf: Shelf B, Shelf ID: B, Location: (1.430, 2.184, 0.000), Stock: 27, Price: $129.99, Category: Audio",False,nan,nan,nan,nan,nan,nan
Which Samsung product contributes the most units to Shelf B?,llm,"Samsung Galaxy S23 contributes the most units to Shelf B, with 196 units.",hybrid_60_40,0.6,0.4,1,9,1.0,1.0,1.0,31.72126007080078,"Item: Samsung Fast Charger, Shelf: Shelf B, Shelf ID: B, Location: (1.430, 2.184, 0.000), Stock: 66, Price: $29.99, Category: Accessories",False,nan,nan,nan,nan,nan,nan
Which Samsung product contributes the most units to Shelf B?,llm,"Samsung Galaxy S23 contributes the most units to Shelf B, with 196 units.",hybrid_60_40,0.6,0.4,2,6,0.9308443698004855,1.0,0.9585066218802912,33.10831069946289,"Item: Samsung Galaxy S24, Shelf: Shelf B, Shelf ID: B, Location: (1.430, 2.184, 0.000), Stock: 22, Price: $899.99, Category: Smartphones",False,nan,nan,nan,nan,nan,nan
Which Samsung product contributes the most units to Shelf B?,llm,"Samsung Galaxy S23 contributes the most units to Shelf B, with 196 units.",hybrid_60_40,0.6,0.4,3,5,0.8324926293561782,1.0,0.8994955776137069,35.29648208618164,"Item: Samsung Galaxy S23, Shelf: Shelf B, Shelf ID: B, Location: (1.430, 2.184, 0.000), Stock: 196, Price: $749.99, Category: Smartphones",False,nan,nan,nan,nan,nan,nan
Which Samsung product contributes the most units to Shelf B?,llm,"Samsung Galaxy S23 contributes the most units to Shelf B, with 196 units.",hybrid_60_40,0.6,0.4,4,7,0.8318534003906313,1.0,0.8991120402343787,35.311622619628906,"Item: Samsung Galaxy Tab S9, Shelf: Shelf B, Shelf ID: B, Location: (1.430, 2.184, 0.000), Stock: 15, Price: $699.99, Category: Tablets",False,nan,nan,nan,nan,nan,nan
Which Samsung product contributes the most units to Shelf B?,llm,"Samsung Galaxy S23 contributes the most units to Shelf B, with 196 units.",hybrid_60_40,0.6,0.4,5,8,0.521435483972819,1.0,0.7128612903836915,44.53559494018555,"Item: Samsung Wireless Earbuds, Shelf: Shelf B, Shelf ID: B, Location: (1.430, 2.184, 0.000), Stock: 27, Price: $129.99, Category: Audio",False,nan,nan,nan,nan,nan,nan
Which Samsung product contributes the most units to Shelf B?,llm,"Samsung Galaxy S23 contributes the most units to Shelf B, with 196 units.",hybrid_70_30,0.7,0.3,1,9,1.0,1.0,1.0,31.72126007080078,"Item: Samsung Fast Charger, Shelf: Shelf B, Shelf ID: B, Location: (1.430, 2.184, 0.000), Stock: 66, Price: $29.99, Category: Accessories",False,nan,nan,nan,nan,nan,nan
Which Samsung product contributes the most units to Shelf B?,llm,"Samsung Galaxy S23 contributes the most units to Shelf B, with 196 units.",hybrid_70_30,0.7,0.3,2,6,0.9308443698004855,1.0,0.9515910588603398,33.10831069946289,"Item: Samsung Galaxy S24, Shelf: Shelf B, Shelf ID: B, Location: (1.430, 2.184, 0.000), Stock: 22, Price: $899.99, Category: Smartphones",False,nan,nan,nan,nan,nan,nan
Which Samsung product contributes the most units to Shelf B?,llm,"Samsung Galaxy S23 contributes the most units to Shelf B, with 196 units.",hybrid_70_30,0.7,0.3,3,5,0.8324926293561782,1.0,0.8827448405493248,35.29648208618164,"Item: Samsung Galaxy S23, Shelf: Shelf B, Shelf ID: B, Location: (1.430, 2.184, 0.000), Stock: 196, Price: $749.99, Category: Smartphones",False,nan,nan,nan,nan,nan,nan
Which Samsung product contributes the most units to Shelf B?,llm,"Samsung Galaxy S23 contributes the most units to Shelf B, with 196 units.",hybrid_70_30,0.7,0.3,4,7,0.8318534003906313,1.0,0.8822973802734417,35.311622619628906,"Item: Samsung Galaxy Tab S9, Shelf: Shelf B, Shelf ID: B, Location: (1.430, 2.184, 0.000), Stock: 15, Price: $699.99, Category: Tablets",False,nan,nan,nan,nan,nan,nan
Which Samsung product contributes the most units to Shelf B?,llm,"Samsung Galaxy S23 contributes the most units to Shelf B, with 196 units.",hybrid_70_30,0.7,0.3,5,8,0.521435483972819,1.0,0.6650048387809733,44.53559494018555,"Item: Samsung Wireless Earbuds, Shelf: Shelf B, Shelf ID: B, Location: (1.430, 2.184, 0.000), Stock: 27, Price: $129.99, Category: Audio",False,nan,nan,nan,nan,nan,nan
Which Samsung product contributes the most units to Shelf B?,llm,"Samsung Galaxy S23 contributes the most units to Shelf B, with 196 units.",hybrid_80_20,0.8,0.2,1,9,1.0,1.0,1.0,31.72126007080078,"Item: Samsung Fast Charger, Shelf: Shelf B, Shelf ID: B, Location: (1.430, 2.184, 0.000), Stock: 66, Price: $29.99, Category: Accessories",False,nan,nan,nan,nan,nan,nan
Which Samsung product contributes the most units to Shelf B?,llm,"Samsung Galaxy S23 contributes the most units to Shelf B, with 196 units.",hybrid_80_20,0.8,0.2,2,6,0.9308443698004855,1.0,0.9446754958403885,33.10831069946289,"Item: Samsung Galaxy S24, Shelf: Shelf B, Shelf ID: B, Location: (1.430, 2.184, 0.000), Stock: 22, Price: $899.99, Category: Smartphones",False,nan,nan,nan,nan,nan,nan
Which Samsung product contributes the most units to Shelf B?,llm,"Samsung Galaxy S23 contributes the most units to Shelf B, with 196 units.",hybrid_80_20,0.8,0.2,3,5,0.8324926293561782,1.0,0.8659941034849425,35.29648208618164,"Item: Samsung Galaxy S23, Shelf: Shelf B, Shelf ID: B, Location: (1.430, 2.184, 0.000), Stock: 196, Price: $749.99, Category: Smartphones",False,nan,nan,nan,nan,nan,nan
Which Samsung product contributes the most units to Shelf B?,llm,"Samsung Galaxy S23 contributes the most units to Shelf B, with 196 units.",hybrid_80_20,0.8,0.2,4,7,0.8318534003906313,1.0,0.8654827203125051,35.311622619628906,"Item: Samsung Galaxy Tab S9, Shelf: Shelf B, Shelf ID: B, Location: (1.430, 2.184, 0.000), Stock: 15, Price: $699.99, Category: Tablets",False,nan,nan,nan,nan,nan,nan
Which Samsung product contributes the most units to Shelf B?,llm,"Samsung Galaxy S23 contributes the most units to Shelf B, with 196 units.",hybrid_80_20,0.8,0.2,5,8,0.521435483972819,1.0,0.6171483871782553,44.53559494018555,"Item: Samsung Wireless Earbuds, Shelf: Shelf B, Shelf ID: B, Location: (1.430, 2.184, 0.000), Stock: 27, Price: $129.99, Category: Audio",False,nan,nan,nan,nan,nan,nan
"Order Shelves D, E, and G from lowest to highest total stock.",llm,"From lowest to highest: Shelf E = 88, Shelf D = 109, Shelf G = 191.",semantic_only,1.0,0.0,1,36,1.0,1.0,1.0,40.7762336730957,"Source: Safety Manual, Chunk 2
SECTION 2: INVENTORY HANDLING
-----------------------------
- Use handheld scanners for all inventory movements.
- Report discrepancies immediately to the Inventory Supervisor.
- Damaged goods must be placed in the “Inspection Zone” before tagging.
- Shelves are labeled using alphanumeric codes (e.g., A1-B3).",False,nan,nan,nan,nan,nan,nan
"Order Shelves D, E, and G from lowest to highest total stock.",llm,"From lowest to highest: Shelf E = 88, Shelf D = 109, Shelf G = 191.",semantic_only,1.0,0.0,2,15,0.9392551242190462,0.5,0.9392551242190462,41.785560607910156,"Item: Dell XPS 13, Shelf: Shelf D, Shelf ID: D, Location: (4.831, 2.309, -0.000), Stock: 45, Price: $1199.99, Category: Laptops",False,nan,nan,nan,nan,nan,nan
"Order Shelves D, E, and G from lowest to highest total stock.",llm,"From lowest to highest: Shelf E = 88, Shelf D = 109, Shelf G = 191.",semantic_only,1.0,0.0,3,19,0.9123676477774589,0.5,0.9123676477774589,42.2480583190918,"Item: Dell Laptop Bag, Shelf: Shelf D, Shelf ID: D, Location: (4.831, 2.309, -0.000), Stock: 19, Price: $49.99, Category: Accessories",False,nan,nan,nan,nan,nan,nan
"Order Shelves D, E, and G from lowest to highest total stock.",llm,"From lowest to highest: Shelf E = 88, Shelf D = 109, Shelf G = 191.",semantic_only,1.0,0.0,4,16,0.9083374985564078,0.5,0.9083374985564078,42.31824493408203,"Item: Dell XPS 15, Shelf: Shelf D, Shelf ID: D, Location: (4.831, 2.309, -0.000), Stock: 8, Price: $1799.99, Category: Laptops",False,nan,nan,nan,nan,nan,nan
"Order Shelves D, E, and G from lowest to highest total stock.",llm,"From lowest to highest: Shelf E = 88, Shelf D = 109, Shelf G = 191.",semantic_only,1.0,0.0,5,27,0.8889195877874727,0.5,0.8889195877874727,42.65963363647461,"Item: Logitech G Pro X Superlight, Shelf: Shelf F, Shelf ID: F, Location: (8.776, 2.159, 0.003), Stock: 22, Price: $149.99, Category: Gaming Mouse",False,nan,nan,nan,nan,nan,nan
"Order Shelves D, E, and G from lowest to highest total stock.",llm,"From lowest to highest: Shelf E = 88, Shelf D = 109, Shelf G = 191.",keyword_only,0.0,1.0,1,36,1.0,1.0,1.0,40.7762336730957,"Source: Safety Manual, Chunk 2
SECTION 2: INVENTORY HANDLING
-----------------------------
- Use handheld scanners for all inventory movements.
- Report discrepancies immediately to the Inventory Supervisor.
- Damaged goods must be placed in the “Inspection Zone” before tagging.
- Shelves are labeled using alphanumeric codes (e.g., A1-B3).",False,nan,nan,nan,nan,nan,nan
"Order Shelves D, E, and G from lowest to highest total stock.",llm,"From lowest to highest: Shelf E = 88, Shelf D = 109, Shelf G = 191.",keyword_only,0.0,1.0,2,15,0.9392551242190462,0.5,0.5,41.785560607910156,"Item: Dell XPS 13, Shelf: Shelf D, Shelf ID: D, Location: (4.831, 2.309, -0.000), Stock: 45, Price: $1199.99, Category: Laptops",False,nan,nan,nan,nan,nan,nan
"Order Shelves D, E, and G from lowest to highest total stock.",llm,"From lowest to highest: Shelf E = 88, Shelf D = 109, Shelf G = 191.",keyword_only,0.0,1.0,3,16,0.9083374985564078,0.5,0.5,42.31824493408203,"Item: Dell XPS 15, Shelf: Shelf D, Shelf ID: D, Location: (4.831, 2.309, -0.000), Stock: 8, Price: $1799.99, Category: Laptops",False,nan,nan,nan,nan,nan,nan
"Order Shelves D, E, and G from lowest to highest total stock.",llm,"From lowest to highest: Shelf E = 88, Shelf D = 109, Shelf G = 191.",keyword_only,0.0,1.0,4,17,0.8387322227074762,0.5,0.5,43.56742858886719,"Item: Dell Inspiron 14, Shelf: Shelf D, Shelf ID: D, Location: (4.831, 2.309, -0.000), Stock: 14, Price: $699.99, Category: Laptops",False,nan,nan,nan,nan,nan,nan
"Order Shelves D, E, and G from lowest to highest total stock.",llm,"From lowest to highest: Shelf E = 88, Shelf D = 109, Shelf G = 191.",keyword_only,0.0,1.0,5,18,0.573088727438169,0.5,0.5,49.078895568847656,"Item: Dell Laptop Charger, Shelf: Shelf D, Shelf ID: D, Location: (4.831, 2.309, -0.000), Stock: 23, Price: $89.99, Category: Accessories",False,nan,nan,nan,nan,nan,nan
"Order Shelves D, E, and G from lowest to highest total stock.",llm,"From lowest to highest: Shelf E = 88, Shelf D = 109, Shelf G = 191.",hybrid_50_50,0.5,0.5,1,36,1.0,1.0,1.0,40.7762336730957,"Source: Safety Manual, Chunk 2
SECTION 2: INVENTORY HANDLING
-----------------------------
- Use handheld scanners for all inventory movements.
- Report discrepancies immediately to the Inventory Supervisor.
- Damaged goods must be placed in the “Inspection Zone” before tagging.
- Shelves are labeled using alphanumeric codes (e.g., A1-B3).",False,nan,nan,nan,nan,nan,nan
"Order Shelves D, E, and G from lowest to highest total stock.",llm,"From lowest to highest: Shelf E = 88, Shelf D = 109, Shelf G = 191.",hybrid_50_50,0.5,0.5,2,15,0.9392551242190462,0.5,0.7196275621095232,41.785560607910156,"Item: Dell XPS 13, Shelf: Shelf D, Shelf ID: D, Location: (4.831, 2.309, -0.000), Stock: 45, Price: $1199.99, Category: Laptops",False,nan,nan,nan,nan,nan,nan
"Order Shelves D, E, and G from lowest to highest total stock.",llm,"From lowest to highest: Shelf E = 88, Shelf D = 109, Shelf G = 191.",hybrid_50_50,0.5,0.5,3,19,0.9123676477774589,0.5,0.7061838238887295,42.2480583190918,"Item: Dell Laptop Bag, Shelf: Shelf D, Shelf ID: D, Location: (4.831, 2.309, -0.000), Stock: 19, Price: $49.99, Category: Accessories",False,nan,nan,nan,nan,nan,nan
"Order Shelves D, E, and G from lowest to highest total stock.",llm,"From lowest to highest: Shelf E = 88, Shelf D = 109, Shelf G = 191.",hybrid_50_50,0.5,0.5,4,16,0.9083374985564078,0.5,0.7041687492782038,42.31824493408203,"Item: Dell XPS 15, Shelf: Shelf D, Shelf ID: D, Location: (4.831, 2.309, -0.000), Stock: 8, Price: $1799.99, Category: Laptops",False,nan,nan,nan,nan,nan,nan
"Order Shelves D, E, and G from lowest to highest total stock.",llm,"From lowest to highest: Shelf E = 88, Shelf D = 109, Shelf G = 191.",hybrid_50_50,0.5,0.5,5,27,0.8889195877874727,0.5,0.6944597938937364,42.65963363647461,"Item: Logitech G Pro X Superlight, Shelf: Shelf F, Shelf ID: F, Location: (8.776, 2.159, 0.003), Stock: 22, Price: $149.99, Category: Gaming Mouse",False,nan,nan,nan,nan,nan,nan
"Order Shelves D, E, and G from lowest to highest total stock.",llm,"From lowest to highest: Shelf E = 88, Shelf D = 109, Shelf G = 191.",hybrid_60_40,0.6,0.4,1,36,1.0,1.0,1.0,40.7762336730957,"Source: Safety Manual, Chunk 2
SECTION 2: INVENTORY HANDLING
-----------------------------
- Use handheld scanners for all inventory movements.
- Report discrepancies immediately to the Inventory Supervisor.
- Damaged goods must be placed in the “Inspection Zone” before tagging.
- Shelves are labeled using alphanumeric codes (e.g., A1-B3).",False,nan,nan,nan,nan,nan,nan
"Order Shelves D, E, and G from lowest to highest total stock.",llm,"From lowest to highest: Shelf E = 88, Shelf D = 109, Shelf G = 191.",hybrid_60_40,0.6,0.4,2,15,0.9392551242190462,0.5,0.7635530745314276,41.785560607910156,"Item: Dell XPS 13, Shelf: Shelf D, Shelf ID: D, Location: (4.831, 2.309, -0.000), Stock: 45, Price: $1199.99, Category: Laptops",False,nan,nan,nan,nan,nan,nan
"Order Shelves D, E, and G from lowest to highest total stock.",llm,"From lowest to highest: Shelf E = 88, Shelf D = 109, Shelf G = 191.",hybrid_60_40,0.6,0.4,3,19,0.9123676477774589,0.5,0.7474205886664753,42.2480583190918,"Item: Dell Laptop Bag, Shelf: Shelf D, Shelf ID: D, Location: (4.831, 2.309, -0.000), Stock: 19, Price: $49.99, Category: Accessories",False,nan,nan,nan,nan,nan,nan
"Order Shelves D, E, and G from lowest to highest total stock.",llm,"From lowest to highest: Shelf E = 88, Shelf D = 109, Shelf G = 191.",hybrid_60_40,0.6,0.4,4,16,0.9083374985564078,0.5,0.7450024991338446,42.31824493408203,"Item: Dell XPS 15, Shelf: Shelf D, Shelf ID: D, Location: (4.831, 2.309, -0.000), Stock: 8, Price: $1799.99, Category: Laptops",False,nan,nan,nan,nan,nan,nan
"Order Shelves D, E, and G from lowest to highest total stock.",llm,"From lowest to highest: Shelf E = 88, Shelf D = 109, Shelf G = 191.",hybrid_60_40,0.6,0.4,5,27,0.8889195877874727,0.5,0.7333517526724835,42.65963363647461,"Item: Logitech G Pro X Superlight, Shelf: Shelf F, Shelf ID: F, Location: (8.776, 2.159, 0.003), Stock: 22, Price: $149.99, Category: Gaming Mouse",False,nan,nan,nan,nan,nan,nan
"Order Shelves D, E, and G from lowest to highest total stock.",llm,"From lowest to highest: Shelf E = 88, Shelf D = 109, Shelf G = 191.",hybrid_70_30,0.7,0.3,1,36,1.0,1.0,1.0,40.7762336730957,"Source: Safety Manual, Chunk 2
SECTION 2: INVENTORY HANDLING
-----------------------------
- Use handheld scanners for all inventory movements.
- Report discrepancies immediately to the Inventory Supervisor.
- Damaged goods must be placed in the “Inspection Zone” before tagging.
- Shelves are labeled using alphanumeric codes (e.g., A1-B3).",False,nan,nan,nan,nan,nan,nan
"Order Shelves D, E, and G from lowest to highest total stock.",llm,"From lowest to highest: Shelf E = 88, Shelf D = 109, Shelf G = 191.",hybrid_70_30,0.7,0.3,2,15,0.9392551242190462,0.5,0.8074785869533323,41.785560607910156,"Item: Dell XPS 13, Shelf: Shelf D, Shelf ID: D, Location: (4.831, 2.309, -0.000), Stock: 45, Price: $1199.99, Category: Laptops",False,nan,nan,nan,nan,nan,nan
"Order Shelves D, E, and G from lowest to highest total stock.",llm,"From lowest to highest: Shelf E = 88, Shelf D = 109, Shelf G = 191.",hybrid_70_30,0.7,0.3,3,19,0.9123676477774589,0.5,0.7886573534442213,42.2480583190918,"Item: Dell Laptop Bag, Shelf: Shelf D, Shelf ID: D, Location: (4.831, 2.309, -0.000), Stock: 19, Price: $49.99, Category: Accessories",False,nan,nan,nan,nan,nan,nan
"Order Shelves D, E, and G from lowest to highest total stock.",llm,"From lowest to highest: Shelf E = 88, Shelf D = 109, Shelf G = 191.",hybrid_70_30,0.7,0.3,4,16,0.9083374985564078,0.5,0.7858362489894855,42.31824493408203,"Item: Dell XPS 15, Shelf: Shelf D, Shelf ID: D, Location: (4.831, 2.309, -0.000), Stock: 8, Price: $1799.99, Category: Laptops",False,nan,nan,nan,nan,nan,nan
"Order Shelves D, E, and G from lowest to highest total stock.",llm,"From lowest to highest: Shelf E = 88, Shelf D = 109, Shelf G = 191.",hybrid_70_30,0.7,0.3,5,27,0.8889195877874727,0.5,0.7722437114512308,42.65963363647461,"Item: Logitech G Pro X Superlight, Shelf: Shelf F, Shelf ID: F, Location: (8.776, 2.159, 0.003), Stock: 22, Price: $149.99, Category: Gaming Mouse",False,nan,nan,nan,nan,nan,nan
"Order Shelves D, E, and G from lowest to highest total stock.",llm,"From lowest to highest: Shelf E = 88, Shelf D = 109, Shelf G = 191.",hybrid_80_20,0.8,0.2,1,36,1.0,1.0,1.0,40.7762336730957,"Source: Safety Manual, Chunk 2
SECTION 2: INVENTORY HANDLING
-----------------------------
- Use handheld scanners for all inventory movements.
- Report discrepancies immediately to the Inventory Supervisor.
- Damaged goods must be placed in the “Inspection Zone” before tagging.
- Shelves are labeled using alphanumeric codes (e.g., A1-B3).",False,nan,nan,nan,nan,nan,nan
"Order Shelves D, E, and G from lowest to highest total stock.",llm,"From lowest to highest: Shelf E = 88, Shelf D = 109, Shelf G = 191.",hybrid_80_20,0.8,0.2,2,15,0.9392551242190462,0.5,0.851404099375237,41.785560607910156,"Item: Dell XPS 13, Shelf: Shelf D, Shelf ID: D, Location: (4.831, 2.309, -0.000), Stock: 45, Price: $1199.99, Category: Laptops",False,nan,nan,nan,nan,nan,nan
"Order Shelves D, E, and G from lowest to highest total stock.",llm,"From lowest to highest: Shelf E = 88, Shelf D = 109, Shelf G = 191.",hybrid_80_20,0.8,0.2,3,19,0.9123676477774589,0.5,0.8298941182219671,42.2480583190918,"Item: Dell Laptop Bag, Shelf: Shelf D, Shelf ID: D, Location: (4.831, 2.309, -0.000), Stock: 19, Price: $49.99, Category: Accessories",False,nan,nan,nan,nan,nan,nan
"Order Shelves D, E, and G from lowest to highest total stock.",llm,"From lowest to highest: Shelf E = 88, Shelf D = 109, Shelf G = 191.",hybrid_80_20,0.8,0.2,4,16,0.9083374985564078,0.5,0.8266699988451263,42.31824493408203,"Item: Dell XPS 15, Shelf: Shelf D, Shelf ID: D, Location: (4.831, 2.309, -0.000), Stock: 8, Price: $1799.99, Category: Laptops",False,nan,nan,nan,nan,nan,nan
"Order Shelves D, E, and G from lowest to highest total stock.",llm,"From lowest to highest: Shelf E = 88, Shelf D = 109, Shelf G = 191.",hybrid_80_20,0.8,0.2,5,27,0.8889195877874727,0.5,0.8111356702299782,42.65963363647461,"Item: Logitech G Pro X Superlight, Shelf: Shelf F, Shelf ID: F, Location: (8.776, 2.159, 0.003), Stock: 22, Price: $149.99, Category: Gaming Mouse",False,nan,nan,nan,nan,nan,nan
What fraction of Shelf G stock is Sony PlayStation 5?,llm,"Sony PlayStation 5 accounts for 99 of Shelf G's 191 units, which is approximately 51.83%.",semantic_only,1.0,0.0,1,30,1.0,1.0,1.0,19.56610107421875,"Item: Sony PlayStation 5, Shelf: Shelf G, Shelf ID: G, Location: (6.213, 3.981, 0.001), Stock: 99, Price: $499.99, Category: Gaming Consoles",False,nan,nan,nan,nan,nan,nan
What fraction of Shelf G stock is Sony PlayStation 5?,llm,"Sony PlayStation 5 accounts for 99 of Shelf G's 191 units, which is approximately 51.83%.",semantic_only,1.0,0.0,2,33,0.7982653705147834,0.8333333333333334,0.7982653705147834,23.264976501464844,"Item: PlayStation 5 Games Bundle, Shelf: Shelf G, Shelf ID: G, Location: (6.213, 3.981, 0.001), Stock: 6, Price: $59.99, Category: Software",False,nan,nan,nan,nan,nan,nan
What fraction of Shelf G stock is Sony PlayStation 5?,llm,"Sony PlayStation 5 accounts for 99 of Shelf G's 191 units, which is approximately 51.83%.",semantic_only,1.0,0.0,3,31,0.527030007489538,0.6666666666666667,0.527030007489538,31.004039764404297,"Item: PlayStation DualSense Controller, Shelf: Shelf G, Shelf ID: G, Location: (6.213, 3.981, 0.001), Stock: 45, Price: $69.99, Category: Controllers",False,nan,nan,nan,nan,nan,nan
What fraction of Shelf G stock is Sony PlayStation 5?,llm,"Sony PlayStation 5 accounts for 99 of Shelf G's 191 units, which is approximately 51.83%.",semantic_only,1.0,0.0,4,34,0.5259483886683484,0.6666666666666667,0.5259483886683484,31.044795989990234,"Item: PlayStation Charging Station, Shelf: Shelf G, Shelf ID: G, Location: (6.213, 3.981, 0.001), Stock: 27, Price: $29.99, Category: Accessories",False,nan,nan,nan,nan,nan,nan
What fraction of Shelf G stock is Sony PlayStation 5?,llm,"Sony PlayStation 5 accounts for 99 of Shelf G's 191 units, which is approximately 51.83%.",semantic_only,1.0,0.0,5,32,0.5050164031845298,0.6666666666666667,0.5050164031845298,31.854488372802734,"Item: PlayStation VR2, Shelf: Shelf G, Shelf ID: G, Location: (6.213, 3.981, 0.001), Stock: 12, Price: $549.99, Category: Virtual Reality",False,nan,nan,nan,nan,nan,nan
What fraction of Shelf G stock is Sony PlayStation 5?,llm,"Sony PlayStation 5 accounts for 99 of Shelf G's 191 units, which is approximately 51.83%.",keyword_only,0.0,1.0,1,30,1.0,1.0,1.0,19.56610107421875,"Item: Sony PlayStation 5, Shelf: Shelf G, Shelf ID: G, Location: (6.213, 3.981, 0.001), Stock: 99, Price: $499.99, Category: Gaming Consoles",False,nan,nan,nan,nan,nan,nan
What fraction of Shelf G stock is Sony PlayStation 5?,llm,"Sony PlayStation 5 accounts for 99 of Shelf G's 191 units, which is approximately 51.83%.",keyword_only,0.0,1.0,2,33,0.7982653705147834,0.8333333333333334,0.8333333333333334,23.264976501464844,"Item: PlayStation 5 Games Bundle, Shelf: Shelf G, Shelf ID: G, Location: (6.213, 3.981, 0.001), Stock: 6, Price: $59.99, Category: Software",False,nan,nan,nan,nan,nan,nan
What fraction of Shelf G stock is Sony PlayStation 5?,llm,"Sony PlayStation 5 accounts for 99 of Shelf G's 191 units, which is approximately 51.83%.",keyword_only,0.0,1.0,3,31,0.527030007489538,0.6666666666666667,0.6666666666666667,31.004039764404297,"Item: PlayStation DualSense Controller, Shelf: Shelf G, Shelf ID: G, Location: (6.213, 3.981, 0.001), Stock: 45, Price: $69.99, Category: Controllers",False,nan,nan,nan,nan,nan,nan
What fraction of Shelf G stock is Sony PlayStation 5?,llm,"Sony PlayStation 5 accounts for 99 of Shelf G's 191 units, which is approximately 51.83%.",keyword_only,0.0,1.0,4,32,0.5050164031845298,0.6666666666666667,0.6666666666666667,31.854488372802734,"Item: PlayStation VR2, Shelf: Shelf G, Shelf ID: G, Location: (6.213, 3.981, 0.001), Stock: 12, Price: $549.99, Category: Virtual Reality",False,nan,nan,nan,nan,nan,nan
What fraction of Shelf G stock is Sony PlayStation 5?,llm,"Sony PlayStation 5 accounts for 99 of Shelf G's 191 units, which is approximately 51.83%.",keyword_only,0.0,1.0,5,34,0.5259483886683484,0.6666666666666667,0.6666666666666667,31.044795989990234,"Item: PlayStation Charging Station, Shelf: Shelf G, Shelf ID: G, Location: (6.213, 3.981, 0.001), Stock: 27, Price: $29.99, Category: Accessories",False,nan,nan,nan,nan,nan,nan
What fraction of Shelf G stock is Sony PlayStation 5?,llm,"Sony PlayStation 5 accounts for 99 of Shelf G's 191 units, which is approximately 51.83%.",hybrid_50_50,0.5,0.5,1,30,1.0,1.0,1.0,19.56610107421875,"Item: Sony PlayStation 5, Shelf: Shelf G, Shelf ID: G, Location: (6.213, 3.981, 0.001), Stock: 99, Price: $499.99, Category: Gaming Consoles",False,nan,nan,nan,nan,nan,nan
What fraction of Shelf G stock is Sony PlayStation 5?,llm,"Sony PlayStation 5 accounts for 99 of Shelf G's 191 units, which is approximately 51.83%.",hybrid_50_50,0.5,0.5,2,33,0.7982653705147834,0.8333333333333334,0.8157993519240584,23.264976501464844,"Item: PlayStation 5 Games Bundle, Shelf: Shelf G, Shelf ID: G, Location: (6.213, 3.981, 0.001), Stock: 6, Price: $59.99, Category: Software",False,nan,nan,nan,nan,nan,nan
What fraction of Shelf G stock is Sony PlayStation 5?,llm,"Sony PlayStation 5 accounts for 99 of Shelf G's 191 units, which is approximately 51.83%.",hybrid_50_50,0.5,0.5,3,31,0.527030007489538,0.6666666666666667,0.5968483370781024,31.004039764404297,"Item: PlayStation DualSense Controller, Shelf: Shelf G, Shelf ID: G, Location: (6.213, 3.981, 0.001), Stock: 45, Price: $69.99, Category: Controllers",False,nan,nan,nan,nan,nan,nan
What fraction of Shelf G stock is Sony PlayStation 5?,llm,"Sony PlayStation 5 accounts for 99 of Shelf G's 191 units, which is approximately 51.83%.",hybrid_50_50,0.5,0.5,4,34,0.5259483886683484,0.6666666666666667,0.5963075276675076,31.044795989990234,"Item: PlayStation Charging Station, Shelf: Shelf G, Shelf ID: G, Location: (6.213, 3.981, 0.001), Stock: 27, Price: $29.99, Category: Accessories",False,nan,nan,nan,nan,nan,nan
What fraction of Shelf G stock is Sony PlayStation 5?,llm,"Sony PlayStation 5 accounts for 99 of Shelf G's 191 units, which is approximately 51.83%.",hybrid_50_50,0.5,0.5,5,32,0.5050164031845298,0.6666666666666667,0.5858415349255983,31.854488372802734,"Item: PlayStation VR2, Shelf: Shelf G, Shelf ID: G, Location: (6.213, 3.981, 0.001), Stock: 12, Price: $549.99, Category: Virtual Reality",False,nan,nan,nan,nan,nan,nan
What fraction of Shelf G stock is Sony PlayStation 5?,llm,"Sony PlayStation 5 accounts for 99 of Shelf G's 191 units, which is approximately 51.83%.",hybrid_60_40,0.6,0.4,1,30,1.0,1.0,1.0,19.56610107421875,"Item: Sony PlayStation 5, Shelf: Shelf G, Shelf ID: G, Location: (6.213, 3.981, 0.001), Stock: 99, Price: $499.99, Category: Gaming Consoles",False,nan,nan,nan,nan,nan,nan
What fraction of Shelf G stock is Sony PlayStation 5?,llm,"Sony PlayStation 5 accounts for 99 of Shelf G's 191 units, which is approximately 51.83%.",hybrid_60_40,0.6,0.4,2,33,0.7982653705147834,0.8333333333333334,0.8122925556422034,23.264976501464844,"Item: PlayStation 5 Games Bundle, Shelf: Shelf G, Shelf ID: G, Location: (6.213, 3.981, 0.001), Stock: 6, Price: $59.99, Category: Software",False,nan,nan,nan,nan,nan,nan
What fraction of Shelf G stock is Sony PlayStation 5?,llm,"Sony PlayStation 5 accounts for 99 of Shelf G's 191 units, which is approximately 51.83%.",hybrid_60_40,0.6,0.4,3,31,0.527030007489538,0.6666666666666667,0.5828846711603894,31.004039764404297,"Item: PlayStation DualSense Controller, Shelf: Shelf G, Shelf ID: G, Location: (6.213, 3.981, 0.001), Stock: 45, Price: $69.99, Category: Controllers",False,nan,nan,nan,nan,nan,nan
What fraction of Shelf G stock is Sony PlayStation 5?,llm,"Sony PlayStation 5 accounts for 99 of Shelf G's 191 units, which is approximately 51.83%.",hybrid_60_40,0.6,0.4,4,34,0.5259483886683484,0.6666666666666667,0.5822356998676756,31.044795989990234,"Item: PlayStation Charging Station, Shelf: Shelf G, Shelf ID: G, Location: (6.213, 3.981, 0.001), Stock: 27, Price: $29.99, Category: Accessories",False,nan,nan,nan,nan,nan,nan
What fraction of Shelf G stock is Sony PlayStation 5?,llm,"Sony PlayStation 5 accounts for 99 of Shelf G's 191 units, which is approximately 51.83%.",hybrid_60_40,0.6,0.4,5,32,0.5050164031845298,0.6666666666666667,0.5696765085773845,31.854488372802734,"Item: PlayStation VR2, Shelf: Shelf G, Shelf ID: G, Location: (6.213, 3.981, 0.001), Stock: 12, Price: $549.99, Category: Virtual Reality",False,nan,nan,nan,nan,nan,nan
What fraction of Shelf G stock is Sony PlayStation 5?,llm,"Sony PlayStation 5 accounts for 99 of Shelf G's 191 units, which is approximately 51.83%.",hybrid_70_30,0.7,0.3,1,30,1.0,1.0,1.0,19.56610107421875,"Item: Sony PlayStation 5, Shelf: Shelf G, Shelf ID: G, Location: (6.213, 3.981, 0.001), Stock: 99, Price: $499.99, Category: Gaming Consoles",False,nan,nan,nan,nan,nan,nan
What fraction of Shelf G stock is Sony PlayStation 5?,llm,"Sony PlayStation 5 accounts for 99 of Shelf G's 191 units, which is approximately 51.83%.",hybrid_70_30,0.7,0.3,2,33,0.7982653705147834,0.8333333333333334,0.8087857593603484,23.264976501464844,"Item: PlayStation 5 Games Bundle, Shelf: Shelf G, Shelf ID: G, Location: (6.213, 3.981, 0.001), Stock: 6, Price: $59.99, Category: Software",False,nan,nan,nan,nan,nan,nan
What fraction of Shelf G stock is Sony PlayStation 5?,llm,"Sony PlayStation 5 accounts for 99 of Shelf G's 191 units, which is approximately 51.83%.",hybrid_70_30,0.7,0.3,3,31,0.527030007489538,0.6666666666666667,0.5689210052426765,31.004039764404297,"Item: PlayStation DualSense Controller, Shelf: Shelf G, Shelf ID: G, Location: (6.213, 3.981, 0.001), Stock: 45, Price: $69.99, Category: Controllers",False,nan,nan,nan,nan,nan,nan
What fraction of Shelf G stock is Sony PlayStation 5?,llm,"Sony PlayStation 5 accounts for 99 of Shelf G's 191 units, which is approximately 51.83%.",hybrid_70_30,0.7,0.3,4,34,0.5259483886683484,0.6666666666666667,0.5681638720678439,31.044795989990234,"Item: PlayStation Charging Station, Shelf: Shelf G, Shelf ID: G, Location: (6.213, 3.981, 0.001), Stock: 27, Price: $29.99, Category: Accessories",False,nan,nan,nan,nan,nan,nan
What fraction of Shelf G stock is Sony PlayStation 5?,llm,"Sony PlayStation 5 accounts for 99 of Shelf G's 191 units, which is approximately 51.83%.",hybrid_70_30,0.7,0.3,5,32,0.5050164031845298,0.6666666666666667,0.5535114822291709,31.854488372802734,"Item: PlayStation VR2, Shelf: Shelf G, Shelf ID: G, Location: (6.213, 3.981, 0.001), Stock: 12, Price: $549.99, Category: Virtual Reality",False,nan,nan,nan,nan,nan,nan
What fraction of Shelf G stock is Sony PlayStation 5?,llm,"Sony PlayStation 5 accounts for 99 of Shelf G's 191 units, which is approximately 51.83%.",hybrid_80_20,0.8,0.2,1,30,1.0,1.0,1.0,19.56610107421875,"Item: Sony PlayStation 5, Shelf: Shelf G, Shelf ID: G, Location: (6.213, 3.981, 0.001), Stock: 99, Price: $499.99, Category: Gaming Consoles",False,nan,nan,nan,nan,nan,nan
What fraction of Shelf G stock is Sony PlayStation 5?,llm,"Sony PlayStation 5 accounts for 99 of Shelf G's 191 units, which is approximately 51.83%.",hybrid_80_20,0.8,0.2,2,33,0.7982653705147834,0.8333333333333334,0.8052789630784936,23.264976501464844,"Item: PlayStation 5 Games Bundle, Shelf: Shelf G, Shelf ID: G, Location: (6.213, 3.981, 0.001), Stock: 6, Price: $59.99, Category: Software",False,nan,nan,nan,nan,nan,nan
What fraction of Shelf G stock is Sony PlayStation 5?,llm,"Sony PlayStation 5 accounts for 99 of Shelf G's 191 units, which is approximately 51.83%.",hybrid_80_20,0.8,0.2,3,31,0.527030007489538,0.6666666666666667,0.5549573393249638,31.004039764404297,"Item: PlayStation DualSense Controller, Shelf: Shelf G, Shelf ID: G, Location: (6.213, 3.981, 0.001), Stock: 45, Price: $69.99, Category: Controllers",False,nan,nan,nan,nan,nan,nan
What fraction of Shelf G stock is Sony PlayStation 5?,llm,"Sony PlayStation 5 accounts for 99 of Shelf G's 191 units, which is approximately 51.83%.",hybrid_80_20,0.8,0.2,4,34,0.5259483886683484,0.6666666666666667,0.5540920442680121,31.044795989990234,"Item: PlayStation Charging Station, Shelf: Shelf G, Shelf ID: G, Location: (6.213, 3.981, 0.001), Stock: 27, Price: $29.99, Category: Accessories",False,nan,nan,nan,nan,nan,nan
What fraction of Shelf G stock is Sony PlayStation 5?,llm,"Sony PlayStation 5 accounts for 99 of Shelf G's 191 units, which is approximately 51.83%.",hybrid_80_20,0.8,0.2,5,32,0.5050164031845298,0.6666666666666667,0.5373464558809572,31.854488372802734,"Item: PlayStation VR2, Shelf: Shelf G, Shelf ID: G, Location: (6.213, 3.981, 0.001), Stock: 12, Price: $549.99, Category: Virtual Reality",False,nan,nan,nan,nan,nan,nan
How much inventory value is represented by the Sony PlayStation 5 stock?,llm,"Sony PlayStation 5 inventory value is 99 × $499.99 = $49,499.01.",semantic_only,1.0,0.0,1,30,1.0,1.0,1.0,25.41921615600586,"Item: Sony PlayStation 5, Shelf: Shelf G, Shelf ID: G, Location: (6.213, 3.981, 0.001), Stock: 99, Price: $499.99, Category: Gaming Consoles",False,nan,nan,nan,nan,nan,nan
How much inventory value is represented by the Sony PlayStation 5 stock?,llm,"Sony PlayStation 5 inventory value is 99 × $499.99 = $49,499.01.",semantic_only,1.0,0.0,2,33,0.9095990892062039,0.75,0.9095990892062039,27.06968116760254,"Item: PlayStation 5 Games Bundle, Shelf: Shelf G, Shelf ID: G, Location: (6.213, 3.981, 0.001), Stock: 6, Price: $59.99, Category: Software",False,nan,nan,nan,nan,nan,nan
How much inventory value is represented by the Sony PlayStation 5 stock?,llm,"Sony PlayStation 5 inventory value is 99 × $499.99 = $49,499.01.",semantic_only,1.0,0.0,3,34,0.7258656461941906,0.5,0.7258656461941906,31.15203094482422,"Item: PlayStation Charging Station, Shelf: Shelf G, Shelf ID: G, Location: (6.213, 3.981, 0.001), Stock: 27, Price: $29.99, Category: Accessories",False,nan,nan,nan,nan,nan,nan
How much inventory value is represented by the Sony PlayStation 5 stock?,llm,"Sony PlayStation 5 inventory value is 99 × $499.99 = $49,499.01.",semantic_only,1.0,0.0,4,32,0.6397134704713368,0.5,0.6397134704713368,33.505096435546875,"Item: PlayStation VR2, Shelf: Shelf G, Shelf ID: G, Location: (6.213, 3.981, 0.001), Stock: 12, Price: $549.99, Category: Virtual Reality",False,nan,nan,nan,nan,nan,nan
How much inventory value is represented by the Sony PlayStation 5 stock?,llm,"Sony PlayStation 5 inventory value is 99 × $499.99 = $49,499.01.",semantic_only,1.0,0.0,5,31,0.6128149699100615,0.5,0.6128149699100615,34.31197738647461,"Item: PlayStation DualSense Controller, Shelf: Shelf G, Shelf ID: G, Location: (6.213, 3.981, 0.001), Stock: 45, Price: $69.99, Category: Controllers",False,nan,nan,nan,nan,nan,nan
How much inventory value is represented by the Sony PlayStation 5 stock?,llm,"Sony PlayStation 5 inventory value is 99 × $499.99 = $49,499.01.",keyword_only,0.0,1.0,1,30,1.0,1.0,1.0,25.41921615600586,"Item: Sony PlayStation 5, Shelf: Shelf G, Shelf ID: G, Location: (6.213, 3.981, 0.001), Stock: 99, Price: $499.99, Category: Gaming Consoles",False,nan,nan,nan,nan,nan,nan
How much inventory value is represented by the Sony PlayStation 5 stock?,llm,"Sony PlayStation 5 inventory value is 99 × $499.99 = $49,499.01.",keyword_only,0.0,1.0,2,33,0.9095990892062039,0.75,0.75,27.06968116760254,"Item: PlayStation 5 Games Bundle, Shelf: Shelf G, Shelf ID: G, Location: (6.213, 3.981, 0.001), Stock: 6, Price: $59.99, Category: Software",False,nan,nan,nan,nan,nan,nan
How much inventory value is represented by the Sony PlayStation 5 stock?,llm,"Sony PlayStation 5 inventory value is 99 × $499.99 = $49,499.01.",keyword_only,0.0,1.0,3,35,0.0,0.75,0.75,74.57485961914062,"Source: Safety Manual, Chunk 1
WAREHOUSE DAILY OPERATIONS GUIDE (2024)
========================================

SECTION 1: SHIFT SCHEDULES & WORKFLOW
-------------------------------------
- Morning Shift: 6:00 AM – 2:00 PM
- Afternoon Shift: 2:00 PM – 10:00 PM
- Night Shift: 10:00 PM – 6:00 AM
- All workers must sign in 10 minutes before their shift and attend the team briefing.
- Daily workload is divided into receiving, inventory update, picking, packing, and dispatch.",False,nan,nan,nan,nan,nan,nan
How much inventory value is represented by the Sony PlayStation 5 stock?,llm,"Sony PlayStation 5 inventory value is 99 × $499.99 = $49,499.01.",keyword_only,0.0,1.0,4,39,0.14178399639509107,0.75,0.75,58.799530029296875,"Source: Safety Manual, Chunk 5
SECTION 5: SECURITY & ACCESS CONTROL
-------------------------------------
- Entry to the warehouse requires ID badge scans.
- All doors auto-lock after 8:00 PM.
- Visitors must be logged in at the front desk and accompanied at all times.
- Security footage is retained for 30 days and reviewed weekly.",False,nan,nan,nan,nan,nan,nan
How much inventory value is represented by the Sony PlayStation 5 stock?,llm,"Sony PlayStation 5 inventory value is 99 × $499.99 = $49,499.01.",keyword_only,0.0,1.0,5,44,0.08554659602232563,0.75,0.75,64.19749450683594,"Source: Safety Manual, Chunk 10
SECTION 4: VISITOR PROTOCOL
All visitors must sign in at the security desk and wear visitor badges.
Visitors must be escorted by a warehouse employee at all times.
PPE is required for visitors entering the warehouse floor.
Visits should be scheduled at least 24 hours in advance.",False,nan,nan,nan,nan,nan,nan
How much inventory value is represented by the Sony PlayStation 5 stock?,llm,"Sony PlayStation 5 inventory value is 99 × $499.99 = $49,499.01.",hybrid_50_50,0.5,0.5,1,30,1.0,1.0,1.0,25.41921615600586,"Item: Sony PlayStation 5, Shelf: Shelf G, Shelf ID: G, Location: (6.213, 3.981, 0.001), Stock: 99, Price: $499.99, Category: Gaming Consoles",False,nan,nan,nan,nan,nan,nan
How much inventory value is represented by the Sony PlayStation 5 stock?,llm,"Sony PlayStation 5 inventory value is 99 × $499.99 = $49,499.01.",hybrid_50_50,0.5,0.5,2,33,0.9095990892062039,0.75,0.8297995446031019,27.06968116760254,"Item: PlayStation 5 Games Bundle, Shelf: Shelf G, Shelf ID: G, Location: (6.213, 3.981, 0.001), Stock: 6, Price: $59.99, Category: Software",False,nan,nan,nan,nan,nan,nan
How much inventory value is represented by the Sony PlayStation 5 stock?,llm,"Sony PlayStation 5 inventory value is 99 × $499.99 = $49,499.01.",hybrid_50_50,0.5,0.5,3,34,0.7258656461941906,0.5,0.6129328230970953,31.15203094482422,"Item: PlayStation Charging Station, Shelf: Shelf G, Shelf ID: G, Location: (6.213, 3.981, 0.001), Stock: 27, Price: $29.99, Category: Accessories",False,nan,nan,nan,nan,nan,nan
How much inventory value is represented by the Sony PlayStation 5 stock?,llm,"Sony PlayStation 5 inventory value is 99 × $499.99 = $49,499.01.",hybrid_50_50,0.5,0.5,4,32,0.6397134704713368,0.5,0.5698567352356684,33.505096435546875,"Item: PlayStation VR2, Shelf: Shelf G, Shelf ID: G, Location: (6.213, 3.981, 0.001), Stock: 12, Price: $549.99, Category: Virtual Reality",False,nan,nan,nan,nan,nan,nan
How much inventory value is represented by the Sony PlayStation 5 stock?,llm,"Sony PlayStation 5 inventory value is 99 × $499.99 = $49,499.01.",hybrid_50_50,0.5,0.5,5,31,0.6128149699100615,0.5,0.5564074849550307,34.31197738647461,"Item: PlayStation DualSense Controller, Shelf: Shelf G, Shelf ID: G, Location: (6.213, 3.981, 0.001), Stock: 45, Price: $69.99, Category: Controllers",False,nan,nan,nan,nan,nan,nan
How much inventory value is represented by the Sony PlayStation 5 stock?,llm,"Sony PlayStation 5 inventory value is 99 × $499.99 = $49,499.01.",hybrid_60_40,0.6,0.4,1,30,1.0,1.0,1.0,25.41921615600586,"Item: Sony PlayStation 5, Shelf: Shelf G, Shelf ID: G, Location: (6.213, 3.981, 0.001), Stock: 99, Price: $499.99, Category: Gaming Consoles",False,nan,nan,nan,nan,nan,nan
How much inventory value is represented by the Sony PlayStation 5 stock?,llm,"Sony PlayStation 5 inventory value is 99 × $499.99 = $49,499.01.",hybrid_60_40,0.6,0.4,2,33,0.9095990892062039,0.75,0.8457594535237224,27.06968116760254,"Item: PlayStation 5 Games Bundle, Shelf: Shelf G, Shelf ID: G, Location: (6.213, 3.981, 0.001), Stock: 6, Price: $59.99, Category: Software",False,nan,nan,nan,nan,nan,nan
How much inventory value is represented by the Sony PlayStation 5 stock?,llm,"Sony PlayStation 5 inventory value is 99 × $499.99 = $49,499.01.",hybrid_60_40,0.6,0.4,3,34,0.7258656461941906,0.5,0.6355193877165144,31.15203094482422,"Item: PlayStation Charging Station, Shelf: Shelf G, Shelf ID: G, Location: (6.213, 3.981, 0.001), Stock: 27, Price: $29.99, Category: Accessories",False,nan,nan,nan,nan,nan,nan
How much inventory value is represented by the Sony PlayStation 5 stock?,llm,"Sony PlayStation 5 inventory value is 99 × $499.99 = $49,499.01.",hybrid_60_40,0.6,0.4,4,32,0.6397134704713368,0.5,0.583828082282802,33.505096435546875,"Item: PlayStation VR2, Shelf: Shelf G, Shelf ID: G, Location: (6.213, 3.981, 0.001), Stock: 12, Price: $549.99, Category: Virtual Reality",False,nan,nan,nan,nan,nan,nan
How much inventory value is represented by the Sony PlayStation 5 stock?,llm,"Sony PlayStation 5 inventory value is 99 × $499.99 = $49,499.01.",hybrid_60_40,0.6,0.4,5,31,0.6128149699100615,0.5,0.5676889819460369,34.31197738647461,"Item: PlayStation DualSense Controller, Shelf: Shelf G, Shelf ID: G, Location: (6.213, 3.981, 0.001), Stock: 45, Price: $69.99, Category: Controllers",False,nan,nan,nan,nan,nan,nan
How much inventory value is represented by the Sony PlayStation 5 stock?,llm,"Sony PlayStation 5 inventory value is 99 × $499.99 = $49,499.01.",hybrid_70_30,0.7,0.3,1,30,1.0,1.0,1.0,25.41921615600586,"Item: Sony PlayStation 5, Shelf: Shelf G, Shelf ID: G, Location: (6.213, 3.981, 0.001), Stock: 99, Price: $499.99, Category: Gaming Consoles",False,nan,nan,nan,nan,nan,nan
How much inventory value is represented by the Sony PlayStation 5 stock?,llm,"Sony PlayStation 5 inventory value is 99 × $499.99 = $49,499.01.",hybrid_70_30,0.7,0.3,2,33,0.9095990892062039,0.75,0.8617193624443427,27.06968116760254,"Item: PlayStation 5 Games Bundle, Shelf: Shelf G, Shelf ID: G, Location: (6.213, 3.981, 0.001), Stock: 6, Price: $59.99, Category: Software",False,nan,nan,nan,nan,nan,nan
How much inventory value is represented by the Sony PlayStation 5 stock?,llm,"Sony PlayStation 5 inventory value is 99 × $499.99 = $49,499.01.",hybrid_70_30,0.7,0.3,3,34,0.7258656461941906,0.5,0.6581059523359334,31.15203094482422,"Item: PlayStation Charging Station, Shelf: Shelf G, Shelf ID: G, Location: (6.213, 3.981, 0.001), Stock: 27, Price: $29.99, Category: Accessories",False,nan,nan,nan,nan,nan,nan
How much inventory value is represented by the Sony PlayStation 5 stock?,llm,"Sony PlayStation 5 inventory value is 99 × $499.99 = $49,499.01.",hybrid_70_30,0.7,0.3,4,32,0.6397134704713368,0.5,0.5977994293299357,33.505096435546875,"Item: PlayStation VR2, Shelf: Shelf G, Shelf ID: G, Location: (6.213, 3.981, 0.001), Stock: 12, Price: $549.99, Category: Virtual Reality",False,nan,nan,nan,nan,nan,nan
How much inventory value is represented by the Sony PlayStation 5 stock?,llm,"Sony PlayStation 5 inventory value is 99 × $499.99 = $49,499.01.",hybrid_70_30,0.7,0.3,5,31,0.6128149699100615,0.5,0.578970478937043,34.31197738647461,"Item: PlayStation DualSense Controller, Shelf: Shelf G, Shelf ID: G, Location: (6.213, 3.981, 0.001), Stock: 45, Price: $69.99, Category: Controllers",False,nan,nan,nan,nan,nan,nan
How much inventory value is represented by the Sony PlayStation 5 stock?,llm,"Sony PlayStation 5 inventory value is 99 × $499.99 = $49,499.01.",hybrid_80_20,0.8,0.2,1,30,1.0,1.0,1.0,25.41921615600586,"Item: Sony PlayStation 5, Shelf: Shelf G, Shelf ID: G, Location: (6.213, 3.981, 0.001), Stock: 99, Price: $499.99, Category: Gaming Consoles",False,nan,nan,nan,nan,nan,nan
How much inventory value is represented by the Sony PlayStation 5 stock?,llm,"Sony PlayStation 5 inventory value is 99 × $499.99 = $49,499.01.",hybrid_80_20,0.8,0.2,2,33,0.9095990892062039,0.75,0.8776792713649632,27.06968116760254,"Item: PlayStation 5 Games Bundle, Shelf: Shelf G, Shelf ID: G, Location: (6.213, 3.981, 0.001), Stock: 6, Price: $59.99, Category: Software",False,nan,nan,nan,nan,nan,nan
How much inventory value is represented by the Sony PlayStation 5 stock?,llm,"Sony PlayStation 5 inventory value is 99 × $499.99 = $49,499.01.",hybrid_80_20,0.8,0.2,3,34,0.7258656461941906,0.5,0.6806925169553525,31.15203094482422,"Item: PlayStation Charging Station, Shelf: Shelf G, Shelf ID: G, Location: (6.213, 3.981, 0.001), Stock: 27, Price: $29.99, Category: Accessories",False,nan,nan,nan,nan,nan,nan
How much inventory value is represented by the Sony PlayStation 5 stock?,llm,"Sony PlayStation 5 inventory value is 99 × $499.99 = $49,499.01.",hybrid_80_20,0.8,0.2,4,32,0.6397134704713368,0.5,0.6117707763770694,33.505096435546875,"Item: PlayStation VR2, Shelf: Shelf G, Shelf ID: G, Location: (6.213, 3.981, 0.001), Stock: 12, Price: $549.99, Category: Virtual Reality",False,nan,nan,nan,nan,nan,nan
How much inventory value is represented by the Sony PlayStation 5 stock?,llm,"Sony PlayStation 5 inventory value is 99 × $499.99 = $49,499.01.",hybrid_80_20,0.8,0.2,5,31,0.6128149699100615,0.5,0.5902519759280492,34.31197738647461,"Item: PlayStation DualSense Controller, Shelf: Shelf G, Shelf ID: G, Location: (6.213, 3.981, 0.001), Stock: 45, Price: $69.99, Category: Controllers",False,nan,nan,nan,nan,nan,nan
Compare the combined stock of Apple phones with Samsung phones.,llm,"Apple phones total 28 units (iPhone 14 = 10, iPhone 14 Pro = 10, iPhone 13 = 8). Samsung phones total 218 units (Galaxy S23 = 196, Galaxy S24 = 22). Samsung phones exceed Apple phones by 190 units.",semantic_only,1.0,0.0,1,6,1.0,1.0,1.0,46.73931121826172,"Item: Samsung Galaxy S24, Shelf: Shelf B, Shelf ID: B, Location: (1.430, 2.184, 0.000), Stock: 22, Price: $899.99, Category: Smartphones",False,nan,nan,nan,nan,nan,nan
Compare the combined stock of Apple phones with Samsung phones.,llm,"Apple phones total 28 units (iPhone 14 = 10, iPhone 14 Pro = 10, iPhone 13 = 8). Samsung phones total 218 units (Galaxy S23 = 196, Galaxy S24 = 22). Samsung phones exceed Apple phones by 190 units.",semantic_only,1.0,0.0,2,7,0.9856802558925267,1.0,0.9856802558925267,47.03903579711914,"Item: Samsung Galaxy Tab S9, Shelf: Shelf B, Shelf ID: B, Location: (1.430, 2.184, 0.000), Stock: 15, Price: $699.99, Category: Tablets",False,nan,nan,nan,nan,nan,nan
Compare the combined stock of Apple phones with Samsung phones.,llm,"Apple phones total 28 units (iPhone 14 = 10, iPhone 14 Pro = 10, iPhone 13 = 8). Samsung phones total 218 units (Galaxy S23 = 196, Galaxy S24 = 22). Samsung phones exceed Apple phones by 190 units.",semantic_only,1.0,0.0,3,1,0.8784099939735263,1.0,0.8784099939735263,49.40989685058594,"Item: Apple iPhone 14 Pro, Shelf: Shelf A, Shelf ID: A, Location: (-0.151, 2.203, 0.001), Stock: 10, Price: $999.99, Category: Smartphones",False,nan,nan,nan,nan,nan,nan
Compare the combined stock of Apple phones with Samsung phones.,llm,"Apple phones total 28 units (iPhone 14 = 10, iPhone 14 Pro = 10, iPhone 13 = 8). Samsung phones total 218 units (Galaxy S23 = 196, Galaxy S24 = 22). Samsung phones exceed Apple phones by 190 units.",semantic_only,1.0,0.0,4,8,0.8630986650583257,1.0,0.8630986650583257,49.76752471923828,"Item: Samsung Wireless Earbuds, Shelf: Shelf B, Shelf ID: B, Location: (1.430, 2.184, 0.000), Stock: 27, Price: $129.99, Category: Audio",False,nan,nan,nan,nan,nan,nan
Compare the combined stock of Apple phones with Samsung phones.,llm,"Apple phones total 28 units (iPhone 14 = 10, iPhone 14 Pro = 10, iPhone 13 = 8). Samsung phones total 218 units (Galaxy S23 = 196, Galaxy S24 = 22). Samsung phones exceed Apple phones by 190 units.",semantic_only,1.0,0.0,5,5,0.8457294053119573,1.0,0.8457294053119573,50.179412841796875,"Item: Samsung Galaxy S23, Shelf: Shelf B, Shelf ID: B, Location: (1.430, 2.184, 0.000), Stock: 196, Price: $749.99, Category: Smartphones",False,nan,nan,nan,nan,nan,nan
Compare the combined stock of Apple phones with Samsung phones.,llm,"Apple phones total 28 units (iPhone 14 = 10, iPhone 14 Pro = 10, iPhone 13 = 8). Samsung phones total 218 units (Galaxy S23 = 196, Galaxy S24 = 22). Samsung phones exceed Apple phones by 190 units.",keyword_only,0.0,1.0,1,0,0.7851656137875245,1.0,1.0,51.669403076171875,"Item: Apple iPhone 14, Shelf: Shelf A, Shelf ID: A, Location: (-0.151, 2.203, 0.001), Stock: 10, Price: $799.99, Category: Smartphones",False,nan,nan,nan,nan,nan,nan
Compare the combined stock of Apple phones with Samsung phones.,llm,"Apple phones total 28 units (iPhone 14 = 10, iPhone 14 Pro = 10, iPhone 13 = 8). Samsung phones total 218 units (Galaxy S23 = 196, Galaxy S24 = 22). Samsung phones exceed Apple phones by 190 units.",keyword_only,0.0,1.0,2,1,0.8784099939735263,1.0,1.0,49.40989685058594,"Item: Apple iPhone 14 Pro, Shelf: Shelf A, Shelf ID: A, Location: (-0.151, 2.203, 0.001), Stock: 10, Price: $999.99, Category: Smartphones",False,nan,nan,nan,nan,nan,nan
Compare the combined stock of Apple phones with Samsung phones.,llm,"Apple phones total 28 units (iPhone 14 = 10, iPhone 14 Pro = 10, iPhone 13 = 8). Samsung phones total 218 units (Galaxy S23 = 196, Galaxy S24 = 22). Samsung phones exceed Apple phones by 190 units.",keyword_only,0.0,1.0,3,2,0.7529375943914745,1.0,1.0,52.498199462890625,"Item: Apple iPhone 13, Shelf: Shelf A, Shelf ID: A, Location: (-0.151, 2.203, 0.001), Stock: 8, Price: $599.99, Category: Smartphones",False,nan,nan,nan,nan,nan,nan
Compare the combined stock of Apple phones with Samsung phones.,llm,"Apple phones total 28 units (iPhone 14 = 10, iPhone 14 Pro = 10, iPhone 13 = 8). Samsung phones total 218 units (Galaxy S23 = 196, Galaxy S24 = 22). Samsung phones exceed Apple phones by 190 units.",keyword_only,0.0,1.0,4,5,0.8457294053119573,1.0,1.0,50.179412841796875,"Item: Samsung Galaxy S23, Shelf: Shelf B, Shelf ID: B, Location: (1.430, 2.184, 0.000), Stock: 196, Price: $749.99, Category: Smartphones",False,nan,nan,nan,nan,nan,nan
Compare the combined stock of Apple phones with Samsung phones.,llm,"Apple phones total 28 units (iPhone 14 = 10, iPhone 14 Pro = 10, iPhone 13 = 8). Samsung phones total 218 units (Galaxy S23 = 196, Galaxy S24 = 22). Samsung phones exceed Apple phones by 190 units.",keyword_only,0.0,1.0,5,6,1.0,1.0,1.0,46.73931121826172,"Item: Samsung Galaxy S24, Shelf: Shelf B, Shelf ID: B, Location: (1.430, 2.184, 0.000), Stock: 22, Price: $899.99, Category: Smartphones",False,nan,nan,nan,nan,nan,nan
Compare the combined stock of Apple phones with Samsung phones.,llm,"Apple phones total 28 units (iPhone 14 = 10, iPhone 14 Pro = 10, iPhone 13 = 8). Samsung phones total 218 units (Galaxy S23 = 196, Galaxy S24 = 22). Samsung phones exceed Apple phones by 190 units.",hybrid_50_50,0.5,0.5,1,6,1.0,1.0,1.0,46.73931121826172,"Item: Samsung Galaxy S24, Shelf: Shelf B, Shelf ID: B, Location: (1.430, 2.184, 0.000), Stock: 22, Price: $899.99, Category: Smartphones",False,nan,nan,nan,nan,nan,nan
Compare the combined stock of Apple phones with Samsung phones.,llm,"Apple phones total 28 units (iPhone 14 = 10, iPhone 14 Pro = 10, iPhone 13 = 8). Samsung phones total 218 units (Galaxy S23 = 196, Galaxy S24 = 22). Samsung phones exceed Apple phones by 190 units.",hybrid_50_50,0.5,0.5,2,7,0.9856802558925267,1.0,0.9928401279462633,47.03903579711914,"Item: Samsung Galaxy Tab S9, Shelf: Shelf B, Shelf ID: B, Location: (1.430, 2.184, 0.000), Stock: 15, Price: $699.99, Category: Tablets",False,nan,nan,nan,nan,nan,nan
Compare the combined stock of Apple phones with Samsung phones.,llm,"Apple phones total 28 units (iPhone 14 = 10, iPhone 14 Pro = 10, iPhone 13 = 8). Samsung phones total 218 units (Galaxy S23 = 196, Galaxy S24 = 22). Samsung phones exceed Apple phones by 190 units.",hybrid_50_50,0.5,0.5,3,1,0.8784099939735263,1.0,0.9392049969867631,49.40989685058594,"Item: Apple iPhone 14 Pro, Shelf: Shelf A, Shelf ID: A, Location: (-0.151, 2.203, 0.001), Stock: 10, Price: $999.99, Category: Smartphones",False,nan,nan,nan,nan,nan,nan
Compare the combined stock of Apple phones with Samsung phones.,llm,"Apple phones total 28 units (iPhone 14 = 10, iPhone 14 Pro = 10, iPhone 13 = 8). Samsung phones total 218 units (Galaxy S23 = 196, Galaxy S24 = 22). Samsung phones exceed Apple phones by 190 units.",hybrid_50_50,0.5,0.5,4,8,0.8630986650583257,1.0,0.9315493325291628,49.76752471923828,"Item: Samsung Wireless Earbuds, Shelf: Shelf B, Shelf ID: B, Location: (1.430, 2.184, 0.000), Stock: 27, Price: $129.99, Category: Audio",False,nan,nan,nan,nan,nan,nan
Compare the combined stock of Apple phones with Samsung phones.,llm,"Apple phones total 28 units (iPhone 14 = 10, iPhone 14 Pro = 10, iPhone 13 = 8). Samsung phones total 218 units (Galaxy S23 = 196, Galaxy S24 = 22). Samsung phones exceed Apple phones by 190 units.",hybrid_50_50,0.5,0.5,5,5,0.8457294053119573,1.0,0.9228647026559786,50.179412841796875,"Item: Samsung Galaxy S23, Shelf: Shelf B, Shelf ID: B, Location: (1.430, 2.184, 0.000), Stock: 196, Price: $749.99, Category: Smartphones",False,nan,nan,nan,nan,nan,nan
Compare the combined stock of Apple phones with Samsung phones.,llm,"Apple phones total 28 units (iPhone 14 = 10, iPhone 14 Pro = 10, iPhone 13 = 8). Samsung phones total 218 units (Galaxy S23 = 196, Galaxy S24 = 22). Samsung phones exceed Apple phones by 190 units.",hybrid_60_40,0.6,0.4,1,6,1.0,1.0,1.0,46.73931121826172,"Item: Samsung Galaxy S24, Shelf: Shelf B, Shelf ID: B, Location: (1.430, 2.184, 0.000), Stock: 22, Price: $899.99, Category: Smartphones",False,nan,nan,nan,nan,nan,nan
Compare the combined stock of Apple phones with Samsung phones.,llm,"Apple phones total 28 units (iPhone 14 = 10, iPhone 14 Pro = 10, iPhone 13 = 8). Samsung phones total 218 units (Galaxy S23 = 196, Galaxy S24 = 22). Samsung phones exceed Apple phones by 190 units.",hybrid_60_40,0.6,0.4,2,7,0.9856802558925267,1.0,0.991408153535516,47.03903579711914,"Item: Samsung Galaxy Tab S9, Shelf: Shelf B, Shelf ID: B, Location: (1.430, 2.184, 0.000), Stock: 15, Price: $699.99, Category: Tablets",False,nan,nan,nan,nan,nan,nan
Compare the combined stock of Apple phones with Samsung phones.,llm,"Apple phones total 28 units (iPhone 14 = 10, iPhone 14 Pro = 10, iPhone 13 = 8). Samsung phones total 218 units (Galaxy S23 = 196, Galaxy S24 = 22). Samsung phones exceed Apple phones by 190 units.",hybrid_60_40,0.6,0.4,3,1,0.8784099939735263,1.0,0.9270459963841158,49.40989685058594,"Item: Apple iPhone 14 Pro, Shelf: Shelf A, Shelf ID: A, Location: (-0.151, 2.203, 0.001), Stock: 10, Price: $999.99, Category: Smartphones",False,nan,nan,nan,nan,nan,nan
Compare the combined stock of Apple phones with Samsung phones.,llm,"Apple phones total 28 units (iPhone 14 = 10, iPhone 14 Pro = 10, iPhone 13 = 8). Samsung phones total 218 units (Galaxy S23 = 196, Galaxy S24 = 22). Samsung phones exceed Apple phones by 190 units.",hybrid_60_40,0.6,0.4,4,8,0.8630986650583257,1.0,0.9178591990349954,49.76752471923828,"Item: Samsung Wireless Earbuds, Shelf: Shelf B, Shelf ID: B, Location: (1.430, 2.184, 0.000), Stock: 27, Price: $129.99, Category: Audio",False,nan,nan,nan,nan,nan,nan
Compare the combined stock of Apple phones with Samsung phones.,llm,"Apple phones total 28 units (iPhone 14 = 10, iPhone 14 Pro = 10, iPhone 13 = 8). Samsung phones total 218 units (Galaxy S23 = 196, Galaxy S24 = 22). Samsung phones exceed Apple phones by 190 units.",hybrid_60_40,0.6,0.4,5,5,0.8457294053119573,1.0,0.9074376431871743,50.179412841796875,"Item: Samsung Galaxy S23, Shelf: Shelf B, Shelf ID: B, Location: (1.430, 2.184, 0.000), Stock: 196, Price: $749.99, Category: Smartphones",False,nan,nan,nan,nan,nan,nan
Compare the combined stock of Apple phones with Samsung phones.,llm,"Apple phones total 28 units (iPhone 14 = 10, iPhone 14 Pro = 10, iPhone 13 = 8). Samsung phones total 218 units (Galaxy S23 = 196, Galaxy S24 = 22). Samsung phones exceed Apple phones by 190 units.",hybrid_70_30,0.7,0.3,1,6,1.0,1.0,1.0,46.73931121826172,"Item: Samsung Galaxy S24, Shelf: Shelf B, Shelf ID: B, Location: (1.430, 2.184, 0.000), Stock: 22, Price: $899.99, Category: Smartphones",False,nan,nan,nan,nan,nan,nan
Compare the combined stock of Apple phones with Samsung phones.,llm,"Apple phones total 28 units (iPhone 14 = 10, iPhone 14 Pro = 10, iPhone 13 = 8). Samsung phones total 218 units (Galaxy S23 = 196, Galaxy S24 = 22). Samsung phones exceed Apple phones by 190 units.",hybrid_70_30,0.7,0.3,2,7,0.9856802558925267,1.0,0.9899761791247688,47.03903579711914,"Item: Samsung Galaxy Tab S9, Shelf: Shelf B, Shelf ID: B, Location: (1.430, 2.184, 0.000), Stock: 15, Price: $699.99, Category: Tablets",False,nan,nan,nan,nan,nan,nan
Compare the combined stock of Apple phones with Samsung phones.,llm,"Apple phones total 28 units (iPhone 14 = 10, iPhone 14 Pro = 10, iPhone 13 = 8). Samsung phones total 218 units (Galaxy S23 = 196, Galaxy S24 = 22). Samsung phones exceed Apple phones by 190 units.",hybrid_70_30,0.7,0.3,3,1,0.8784099939735263,1.0,0.9148869957814683,49.40989685058594,"Item: Apple iPhone 14 Pro, Shelf: Shelf A, Shelf ID: A, Location: (-0.151, 2.203, 0.001), Stock: 10, Price: $999.99, Category: Smartphones",False,nan,nan,nan,nan,nan,nan
Compare the combined stock of Apple phones with Samsung phones.,llm,"Apple phones total 28 units (iPhone 14 = 10, iPhone 14 Pro = 10, iPhone 13 = 8). Samsung phones total 218 units (Galaxy S23 = 196, Galaxy S24 = 22). Samsung phones exceed Apple phones by 190 units.",hybrid_70_30,0.7,0.3,4,8,0.8630986650583257,1.0,0.9041690655408279,49.76752471923828,"Item: Samsung Wireless Earbuds, Shelf: Shelf B, Shelf ID: B, Location: (1.430, 2.184, 0.000), Stock: 27, Price: $129.99, Category: Audio",False,nan,nan,nan,nan,nan,nan
Compare the combined stock of Apple phones with Samsung phones.,llm,"Apple phones total 28 units (iPhone 14 = 10, iPhone 14 Pro = 10, iPhone 13 = 8). Samsung phones total 218 units (Galaxy S23 = 196, Galaxy S24 = 22). Samsung phones exceed Apple phones by 190 units.",hybrid_70_30,0.7,0.3,5,5,0.8457294053119573,1.0,0.89201058371837,50.179412841796875,"Item: Samsung Galaxy S23, Shelf: Shelf B, Shelf ID: B, Location: (1.430, 2.184, 0.000), Stock: 196, Price: $749.99, Category: Smartphones",False,nan,nan,nan,nan,nan,nan
Compare the combined stock of Apple phones with Samsung phones.,llm,"Apple phones total 28 units (iPhone 14 = 10, iPhone 14 Pro = 10, iPhone 13 = 8). Samsung phones total 218 units (Galaxy S23 = 196, Galaxy S24 = 22). Samsung phones exceed Apple phones by 190 units.",hybrid_80_20,0.8,0.2,1,6,1.0,1.0,1.0,46.73931121826172,"Item: Samsung Galaxy S24, Shelf: Shelf B, Shelf ID: B, Location: (1.430, 2.184, 0.000), Stock: 22, Price: $899.99, Category: Smartphones",False,nan,nan,nan,nan,nan,nan
Compare the combined stock of Apple phones with Samsung phones.,llm,"Apple phones total 28 units (iPhone 14 = 10, iPhone 14 Pro = 10, iPhone 13 = 8). Samsung phones total 218 units (Galaxy S23 = 196, Galaxy S24 = 22). Samsung phones exceed Apple phones by 190 units.",hybrid_80_20,0.8,0.2,2,7,0.9856802558925267,1.0,0.9885442047140214,47.03903579711914,"Item: Samsung Galaxy Tab S9, Shelf: Shelf B, Shelf ID: B, Location: (1.430, 2.184, 0.000), Stock: 15, Price: $699.99, Category: Tablets",False,nan,nan,nan,nan,nan,nan
Compare the combined stock of Apple phones with Samsung phones.,llm,"Apple phones total 28 units (iPhone 14 = 10, iPhone 14 Pro = 10, iPhone 13 = 8). Samsung phones total 218 units (Galaxy S23 = 196, Galaxy S24 = 22). Samsung phones exceed Apple phones by 190 units.",hybrid_80_20,0.8,0.2,3,1,0.8784099939735263,1.0,0.902727995178821,49.40989685058594,"Item: Apple iPhone 14 Pro, Shelf: Shelf A, Shelf ID: A, Location: (-0.151, 2.203, 0.001), Stock: 10, Price: $999.99, Category: Smartphones",False,nan,nan,nan,nan,nan,nan
Compare the combined stock of Apple phones with Samsung phones.,llm,"Apple phones total 28 units (iPhone 14 = 10, iPhone 14 Pro = 10, iPhone 13 = 8). Samsung phones total 218 units (Galaxy S23 = 196, Galaxy S24 = 22). Samsung phones exceed Apple phones by 190 units.",hybrid_80_20,0.8,0.2,4,8,0.8630986650583257,1.0,0.8904789320466606,49.76752471923828,"Item: Samsung Wireless Earbuds, Shelf: Shelf B, Shelf ID: B, Location: (1.430, 2.184, 0.000), Stock: 27, Price: $129.99, Category: Audio",False,nan,nan,nan,nan,nan,nan
Compare the combined stock of Apple phones with Samsung phones.,llm,"Apple phones total 28 units (iPhone 14 = 10, iPhone 14 Pro = 10, iPhone 13 = 8). Samsung phones total 218 units (Galaxy S23 = 196, Galaxy S24 = 22). Samsung phones exceed Apple phones by 190 units.",hybrid_80_20,0.8,0.2,5,5,0.8457294053119573,1.0,0.8765835242495659,50.179412841796875,"Item: Samsung Galaxy S23, Shelf: Shelf B, Shelf ID: B, Location: (1.430, 2.184, 0.000), Stock: 196, Price: $749.99, Category: Smartphones",False,nan,nan,nan,nan,nan,nan
Which shelf is closest to the warehouse-wide average stock per shelf?,llm,"Total warehouse stock is 1,081 units, so the average is 154.43 units per shelf. Shelf F, with 132 units, is closest to the average.",semantic_only,1.0,0.0,1,15,1.0,0.33333333333333337,1.0,42.751136779785156,"Item: Dell XPS 13, Shelf: Shelf D, Shelf ID: D, Location: (4.831, 2.309, -0.000), Stock: 45, Price: $1199.99, Category: Laptops",False,nan,nan,nan,nan,nan,nan
Which shelf is closest to the warehouse-wide average stock per shelf?,llm,"Total warehouse stock is 1,081 units, so the average is 154.43 units per shelf. Shelf F, with 132 units, is closest to the average.",semantic_only,1.0,0.0,2,36,0.9950811813535545,0.33333333333333337,0.9950811813535545,42.83039093017578,"Source: Safety Manual, Chunk 2
SECTION 2: INVENTORY HANDLING
-----------------------------
- Use handheld scanners for all inventory movements.
- Report discrepancies immediately to the Inventory Supervisor.
- Damaged goods must be placed in the “Inspection Zone” before tagging.
- Shelves are labeled using alphanumeric codes (e.g., A1-B3).",False,nan,nan,nan,nan,nan,nan
Which shelf is closest to the warehouse-wide average stock per shelf?,llm,"Total warehouse stock is 1,081 units, so the average is 154.43 units per shelf. Shelf F, with 132 units, is closest to the average.",semantic_only,1.0,0.0,3,14,0.9897445613798362,0.33333333333333337,0.9897445613798362,42.91670227050781,"Item: Sony Carrying Case, Shelf: Shelf C, Shelf ID: C, Location: (3.265, 2.080, 0.001), Stock: 42, Price: $19.99, Category: Accessories",False,nan,nan,nan,nan,nan,nan
Which shelf is closest to the warehouse-wide average stock per shelf?,llm,"Total warehouse stock is 1,081 units, so the average is 154.43 units per shelf. Shelf F, with 132 units, is closest to the average.",semantic_only,1.0,0.0,4,27,0.9857895227843083,0.33333333333333337,0.9857895227843083,42.98088836669922,"Item: Logitech G Pro X Superlight, Shelf: Shelf F, Shelf ID: F, Location: (8.776, 2.159, 0.003), Stock: 22, Price: $149.99, Category: Gaming Mouse",False,nan,nan,nan,nan,nan,nan
Which shelf is closest to the warehouse-wide average stock per shelf?,llm,"Total warehouse stock is 1,081 units, so the average is 154.43 units per shelf. Shelf F, with 132 units, is closest to the average.",semantic_only,1.0,0.0,5,10,0.9850363065047876,0.33333333333333337,0.9850363065047876,42.993133544921875,"Item: Sony WH-1000XM5, Shelf: Shelf C, Shelf ID: C, Location: (3.265, 2.080, 0.001), Stock: 16, Price: $399.99, Category: Headphones",False,nan,nan,nan,nan,nan,nan
Which shelf is closest to the warehouse-wide average stock per shelf?,llm,"Total warehouse stock is 1,081 units, so the average is 154.43 units per shelf. Shelf F, with 132 units, is closest to the average.",keyword_only,0.0,1.0,1,39,0.5425996672417459,1.0,1.0,51.594627380371094,"Source: Safety Manual, Chunk 5
SECTION 5: SECURITY & ACCESS CONTROL
-------------------------------------
- Entry to the warehouse requires ID badge scans.
- All doors auto-lock after 8:00 PM.
- Visitors must be logged in at the front desk and accompanied at all times.
- Security footage is retained for 30 days and reviewed weekly.",False,nan,nan,nan,nan,nan,nan
Which shelf is closest to the warehouse-wide average stock per shelf?,llm,"Total warehouse stock is 1,081 units, so the average is 154.43 units per shelf. Shelf F, with 132 units, is closest to the average.",keyword_only,0.0,1.0,2,35,0.36402650966848576,0.6666666666666666,0.6666666666666666,56.100669860839844,"Source: Safety Manual, Chunk 1
WAREHOUSE DAILY OPERATIONS GUIDE (2024)
========================================

SECTION 1: SHIFT SCHEDULES & WORKFLOW
-------------------------------------
- Morning Shift: 6:00 AM – 2:00 PM
- Afternoon Shift: 2:00 PM – 10:00 PM
- Night Shift: 10:00 PM – 6:00 AM
- All workers must sign in 10 minutes before their shift and attend the team briefing.
- Daily workload is divided into receiving, inventory update, picking, packing, and dispatch.",False,nan,nan,nan,nan,nan,nan
Which shelf is closest to the warehouse-wide average stock per shelf?,llm,"Total warehouse stock is 1,081 units, so the average is 154.43 units per shelf. Shelf F, with 132 units, is closest to the average.",keyword_only,0.0,1.0,3,44,0.4275237573751027,0.6666666666666666,0.6666666666666666,54.412559509277344,"Source: Safety Manual, Chunk 10
SECTION 4: VISITOR PROTOCOL
All visitors must sign in at the security desk and wear visitor badges.
Visitors must be escorted by a warehouse employee at all times.
PPE is required for visitors entering the warehouse floor.
Visits should be scheduled at least 24 hours in advance.",False,nan,nan,nan,nan,nan,nan
Which shelf is closest to the warehouse-wide average stock per shelf?,llm,"Total warehouse stock is 1,081 units, so the average is 154.43 units per shelf. Shelf F, with 132 units, is closest to the average.",keyword_only,0.0,1.0,4,0,0.7033923106628327,0.33333333333333337,0.33333333333333337,48.105369567871094,"Item: Apple iPhone 14, Shelf: Shelf A, Shelf ID: A, Location: (-0.151, 2.203, 0.001), Stock: 10, Price: $799.99, Category: Smartphones",False,nan,nan,nan,nan,nan,nan
Which shelf is closest to the warehouse-wide average stock per shelf?,llm,"Total warehouse stock is 1,081 units, so the average is 154.43 units per shelf. Shelf F, with 132 units, is closest to the average.",keyword_only,0.0,1.0,5,1,0.6749024144240799,0.33333333333333337,0.33333333333333337,48.68946075439453,"Item: Apple iPhone 14 Pro, Shelf: Shelf A, Shelf ID: A, Location: (-0.151, 2.203, 0.001), Stock: 10, Price: $999.99, Category: Smartphones",False,nan,nan,nan,nan,nan,nan
Which shelf is closest to the warehouse-wide average stock per shelf?,llm,"Total warehouse stock is 1,081 units, so the average is 154.43 units per shelf. Shelf F, with 132 units, is closest to the average.",hybrid_50_50,0.5,0.5,1,39,0.5425996672417459,1.0,0.771299833620873,51.594627380371094,"Source: Safety Manual, Chunk 5
SECTION 5: SECURITY & ACCESS CONTROL
-------------------------------------
- Entry to the warehouse requires ID badge scans.
- All doors auto-lock after 8:00 PM.
- Visitors must be logged in at the front desk and accompanied at all times.
- Security footage is retained for 30 days and reviewed weekly.",False,nan,nan,nan,nan,nan,nan
Which shelf is closest to the warehouse-wide average stock per shelf?,llm,"Total warehouse stock is 1,081 units, so the average is 154.43 units per shelf. Shelf F, with 132 units, is closest to the average.",hybrid_50_50,0.5,0.5,2,15,1.0,0.33333333333333337,0.6666666666666667,42.751136779785156,"Item: Dell XPS 13, Shelf: Shelf D, Shelf ID: D, Location: (4.831, 2.309, -0.000), Stock: 45, Price: $1199.99, Category: Laptops",False,nan,nan,nan,nan,nan,nan
Which shelf is closest to the warehouse-wide average stock per shelf?,llm,"Total warehouse stock is 1,081 units, so the average is 154.43 units per shelf. Shelf F, with 132 units, is closest to the average.",hybrid_50_50,0.5,0.5,3,36,0.9950811813535545,0.33333333333333337,0.6642072573434439,42.83039093017578,"Source: Safety Manual, Chunk 2
SECTION 2: INVENTORY HANDLING
-----------------------------
- Use handheld scanners for all inventory movements.
- Report discrepancies immediately to the Inventory Supervisor.
- Damaged goods must be placed in the “Inspection Zone” before tagging.
- Shelves are labeled using alphanumeric codes (e.g., A1-B3).",False,nan,nan,nan,nan,nan,nan
Which shelf is closest to the warehouse-wide average stock per shelf?,llm,"Total warehouse stock is 1,081 units, so the average is 154.43 units per shelf. Shelf F, with 132 units, is closest to the average.",hybrid_50_50,0.5,0.5,4,14,0.9897445613798362,0.33333333333333337,0.6615389473565848,42.91670227050781,"Item: Sony Carrying Case, Shelf: Shelf C, Shelf ID: C, Location: (3.265, 2.080, 0.001), Stock: 42, Price: $19.99, Category: Accessories",False,nan,nan,nan,nan,nan,nan
Which shelf is closest to the warehouse-wide average stock per shelf?,llm,"Total warehouse stock is 1,081 units, so the average is 154.43 units per shelf. Shelf F, with 132 units, is closest to the average.",hybrid_50_50,0.5,0.5,5,27,0.9857895227843083,0.33333333333333337,0.6595614280588209,42.98088836669922,"Item: Logitech G Pro X Superlight, Shelf: Shelf F, Shelf ID: F, Location: (8.776, 2.159, 0.003), Stock: 22, Price: $149.99, Category: Gaming Mouse",False,nan,nan,nan,nan,nan,nan
Which shelf is closest to the warehouse-wide average stock per shelf?,llm,"Total warehouse stock is 1,081 units, so the average is 154.43 units per shelf. Shelf F, with 132 units, is closest to the average.",hybrid_60_40,0.6,0.4,1,15,1.0,0.33333333333333337,0.7333333333333334,42.751136779785156,"Item: Dell XPS 13, Shelf: Shelf D, Shelf ID: D, Location: (4.831, 2.309, -0.000), Stock: 45, Price: $1199.99, Category: Laptops",False,nan,nan,nan,nan,nan,nan
Which shelf is closest to the warehouse-wide average stock per shelf?,llm,"Total warehouse stock is 1,081 units, so the average is 154.43 units per shelf. Shelf F, with 132 units, is closest to the average.",hybrid_60_40,0.6,0.4,2,36,0.9950811813535545,0.33333333333333337,0.7303820421454661,42.83039093017578,"Source: Safety Manual, Chunk 2
SECTION 2: INVENTORY HANDLING
-----------------------------
- Use handheld scanners for all inventory movements.
- Report discrepancies immediately to the Inventory Supervisor.
- Damaged goods must be placed in the “Inspection Zone” before tagging.
- Shelves are labeled using alphanumeric codes (e.g., A1-B3).",False,nan,nan,nan,nan,nan,nan
Which shelf is closest to the warehouse-wide average stock per shelf?,llm,"Total warehouse stock is 1,081 units, so the average is 154.43 units per shelf. Shelf F, with 132 units, is closest to the average.",hybrid_60_40,0.6,0.4,3,14,0.9897445613798362,0.33333333333333337,0.727180070161235,42.91670227050781,"Item: Sony Carrying Case, Shelf: Shelf C, Shelf ID: C, Location: (3.265, 2.080, 0.001), Stock: 42, Price: $19.99, Category: Accessories",False,nan,nan,nan,nan,nan,nan
Which shelf is closest to the warehouse-wide average stock per shelf?,llm,"Total warehouse stock is 1,081 units, so the average is 154.43 units per shelf. Shelf F, with 132 units, is closest to the average.",hybrid_60_40,0.6,0.4,4,39,0.5425996672417459,1.0,0.7255598003450476,51.594627380371094,"Source: Safety Manual, Chunk 5
SECTION 5: SECURITY & ACCESS CONTROL
-------------------------------------
- Entry to the warehouse requires ID badge scans.
- All doors auto-lock after 8:00 PM.
- Visitors must be logged in at the front desk and accompanied at all times.
- Security footage is retained for 30 days and reviewed weekly.",False,nan,nan,nan,nan,nan,nan
Which shelf is closest to the warehouse-wide average stock per shelf?,llm,"Total warehouse stock is 1,081 units, so the average is 154.43 units per shelf. Shelf F, with 132 units, is closest to the average.",hybrid_60_40,0.6,0.4,5,27,0.9857895227843083,0.33333333333333337,0.7248070470039183,42.98088836669922,"Item: Logitech G Pro X Superlight, Shelf: Shelf F, Shelf ID: F, Location: (8.776, 2.159, 0.003), Stock: 22, Price: $149.99, Category: Gaming Mouse",False,nan,nan,nan,nan,nan,nan
Which shelf is closest to the warehouse-wide average stock per shelf?,llm,"Total warehouse stock is 1,081 units, so the average is 154.43 units per shelf. Shelf F, with 132 units, is closest to the average.",hybrid_70_30,0.7,0.3,1,15,1.0,0.33333333333333337,0.7999999999999999,42.751136779785156,"Item: Dell XPS 13, Shelf: Shelf D, Shelf ID: D, Location: (4.831, 2.309, -0.000), Stock: 45, Price: $1199.99, Category: Laptops",False,nan,nan,nan,nan,nan,nan
Which shelf is closest to the warehouse-wide average stock per shelf?,llm,"Total warehouse stock is 1,081 units, so the average is 154.43 units per shelf. Shelf F, with 132 units, is closest to the average.",hybrid_70_30,0.7,0.3,2,36,0.9950811813535545,0.33333333333333337,0.7965568269474881,42.83039093017578,"Source: Safety Manual, Chunk 2
SECTION 2: INVENTORY HANDLING
-----------------------------
- Use handheld scanners for all inventory movements.
- Report discrepancies immediately to the Inventory Supervisor.
- Damaged goods must be placed in the “Inspection Zone” before tagging.
- Shelves are labeled using alphanumeric codes (e.g., A1-B3).",False,nan,nan,nan,nan,nan,nan
Which shelf is closest to the warehouse-wide average stock per shelf?,llm,"Total warehouse stock is 1,081 units, so the average is 154.43 units per shelf. Shelf F, with 132 units, is closest to the average.",hybrid_70_30,0.7,0.3,3,14,0.9897445613798362,0.33333333333333337,0.7928211929658853,42.91670227050781,"Item: Sony Carrying Case, Shelf: Shelf C, Shelf ID: C, Location: (3.265, 2.080, 0.001), Stock: 42, Price: $19.99, Category: Accessories",False,nan,nan,nan,nan,nan,nan
Which shelf is closest to the warehouse-wide average stock per shelf?,llm,"Total warehouse stock is 1,081 units, so the average is 154.43 units per shelf. Shelf F, with 132 units, is closest to the average.",hybrid_70_30,0.7,0.3,4,27,0.9857895227843083,0.33333333333333337,0.7900526659490158,42.98088836669922,"Item: Logitech G Pro X Superlight, Shelf: Shelf F, Shelf ID: F, Location: (8.776, 2.159, 0.003), Stock: 22, Price: $149.99, Category: Gaming Mouse",False,nan,nan,nan,nan,nan,nan
Which shelf is closest to the warehouse-wide average stock per shelf?,llm,"Total warehouse stock is 1,081 units, so the average is 154.43 units per shelf. Shelf F, with 132 units, is closest to the average.",hybrid_70_30,0.7,0.3,5,10,0.9850363065047876,0.33333333333333337,0.7895254145533512,42.993133544921875,"Item: Sony WH-1000XM5, Shelf: Shelf C, Shelf ID: C, Location: (3.265, 2.080, 0.001), Stock: 16, Price: $399.99, Category: Headphones",False,nan,nan,nan,nan,nan,nan
Which shelf is closest to the warehouse-wide average stock per shelf?,llm,"Total warehouse stock is 1,081 units, so the average is 154.43 units per shelf. Shelf F, with 132 units, is closest to the average.",hybrid_80_20,0.8,0.2,1,15,1.0,0.33333333333333337,0.8666666666666667,42.751136779785156,"Item: Dell XPS 13, Shelf: Shelf D, Shelf ID: D, Location: (4.831, 2.309, -0.000), Stock: 45, Price: $1199.99, Category: Laptops",False,nan,nan,nan,nan,nan,nan
Which shelf is closest to the warehouse-wide average stock per shelf?,llm,"Total warehouse stock is 1,081 units, so the average is 154.43 units per shelf. Shelf F, with 132 units, is closest to the average.",hybrid_80_20,0.8,0.2,2,36,0.9950811813535545,0.33333333333333337,0.8627316117495103,42.83039093017578,"Source: Safety Manual, Chunk 2
SECTION 2: INVENTORY HANDLING
-----------------------------
- Use handheld scanners for all inventory movements.
- Report discrepancies immediately to the Inventory Supervisor.
- Damaged goods must be placed in the “Inspection Zone” before tagging.
- Shelves are labeled using alphanumeric codes (e.g., A1-B3).",False,nan,nan,nan,nan,nan,nan
Which shelf is closest to the warehouse-wide average stock per shelf?,llm,"Total warehouse stock is 1,081 units, so the average is 154.43 units per shelf. Shelf F, with 132 units, is closest to the average.",hybrid_80_20,0.8,0.2,3,14,0.9897445613798362,0.33333333333333337,0.8584623157705357,42.91670227050781,"Item: Sony Carrying Case, Shelf: Shelf C, Shelf ID: C, Location: (3.265, 2.080, 0.001), Stock: 42, Price: $19.99, Category: Accessories",False,nan,nan,nan,nan,nan,nan
Which shelf is closest to the warehouse-wide average stock per shelf?,llm,"Total warehouse stock is 1,081 units, so the average is 154.43 units per shelf. Shelf F, with 132 units, is closest to the average.",hybrid_80_20,0.8,0.2,4,27,0.9857895227843083,0.33333333333333337,0.8552982848941133,42.98088836669922,"Item: Logitech G Pro X Superlight, Shelf: Shelf F, Shelf ID: F, Location: (8.776, 2.159, 0.003), Stock: 22, Price: $149.99, Category: Gaming Mouse",False,nan,nan,nan,nan,nan,nan
Which shelf is closest to the warehouse-wide average stock per shelf?,llm,"Total warehouse stock is 1,081 units, so the average is 154.43 units per shelf. Shelf F, with 132 units, is closest to the average.",hybrid_80_20,0.8,0.2,5,10,0.9850363065047876,0.33333333333333337,0.8546957118704968,42.993133544921875,"Item: Sony WH-1000XM5, Shelf: Shelf C, Shelf ID: C, Location: (3.265, 2.080, 0.001), Stock: 16, Price: $399.99, Category: Headphones",False,nan,nan,nan,nan,nan,nan
What is the combined stock of the three lowest-stock products?,llm,"The two lowest-stock products are Bose QC Ultra (7) and Logitech MX Master 3 (7). The next-lowest level is 8 units, shared by Dell XPS 15 and Sony Games Bundle. Any valid three-product selection from these lowest levels totals 22 units; the third position is tied.",semantic_only,1.0,0.0,1,27,1.0,0.5,1.0,46.069053649902344,"Item: Logitech G Pro X Superlight, Shelf: Shelf F, Shelf ID: F, Location: (8.776, 2.159, 0.003), Stock: 22, Price: $149.99, Category: Gaming Mouse",False,nan,nan,nan,nan,nan,nan
What is the combined stock of the three lowest-stock products?,llm,"The two lowest-stock products are Bose QC Ultra (7) and Logitech MX Master 3 (7). The next-lowest level is 8 units, shared by Dell XPS 15 and Sony Games Bundle. Any valid three-product selection from these lowest levels totals 22 units; the third position is tied.",semantic_only,1.0,0.0,2,10,0.8589998291110155,0.5,0.8589998291110155,48.94342803955078,"Item: Sony WH-1000XM5, Shelf: Shelf C, Shelf ID: C, Location: (3.265, 2.080, 0.001), Stock: 16, Price: $399.99, Category: Headphones",False,nan,nan,nan,nan,nan,nan
What is the combined stock of the three lowest-stock products?,llm,"The two lowest-stock products are Bose QC Ultra (7) and Logitech MX Master 3 (7). The next-lowest level is 8 units, shared by Dell XPS 15 and Sony Games Bundle. Any valid three-product selection from these lowest levels totals 22 units; the third position is tied.",semantic_only,1.0,0.0,3,25,0.8505677004666726,0.5,0.8505677004666726,49.126487731933594,"Item: Logitech MX Master 3, Shelf: Shelf F, Shelf ID: F, Location: (8.776, 2.159, 0.003), Stock: 7, Price: $99.99, Category: Computer Mouse",False,nan,nan,nan,nan,nan,nan
What is the combined stock of the three lowest-stock products?,llm,"The two lowest-stock products are Bose QC Ultra (7) and Logitech MX Master 3 (7). The next-lowest level is 8 units, shared by Dell XPS 15 and Sony Games Bundle. Any valid three-product selection from these lowest levels totals 22 units; the third position is tied.",semantic_only,1.0,0.0,4,33,0.8416520285073221,0.5,0.8416520285073221,49.321510314941406,"Item: PlayStation 5 Games Bundle, Shelf: Shelf G, Shelf ID: G, Location: (6.213, 3.981, 0.001), Stock: 6, Price: $59.99, Category: Software",False,nan,nan,nan,nan,nan,nan
What is the combined stock of the three lowest-stock products?,llm,"The two lowest-stock products are Bose QC Ultra (7) and Logitech MX Master 3 (7). The next-lowest level is 8 units, shared by Dell XPS 15 and Sony Games Bundle. Any valid three-product selection from these lowest levels totals 22 units; the third position is tied.",semantic_only,1.0,0.0,5,30,0.8367083018256392,0.5,0.8367083018256392,49.43030548095703,"Item: Sony PlayStation 5, Shelf: Shelf G, Shelf ID: G, Location: (6.213, 3.981, 0.001), Stock: 99, Price: $499.99, Category: Gaming Consoles",False,nan,nan,nan,nan,nan,nan
What is the combined stock of the three lowest-stock products?,llm,"The two lowest-stock products are Bose QC Ultra (7) and Logitech MX Master 3 (7). The next-lowest level is 8 units, shared by Dell XPS 15 and Sony Games Bundle. Any valid three-product selection from these lowest levels totals 22 units; the third position is tied.",keyword_only,0.0,1.0,1,35,0.007851240032026334,1.0,1.0,78.10357666015625,"Source: Safety Manual, Chunk 1
WAREHOUSE DAILY OPERATIONS GUIDE (2024)
========================================

SECTION 1: SHIFT SCHEDULES & WORKFLOW
-------------------------------------
- Morning Shift: 6:00 AM – 2:00 PM
- Afternoon Shift: 2:00 PM – 10:00 PM
- Night Shift: 10:00 PM – 6:00 AM
- All workers must sign in 10 minutes before their shift and attend the team briefing.
- Daily workload is divided into receiving, inventory update, picking, packing, and dispatch.",False,nan,nan,nan,nan,nan,nan
What is the combined stock of the three lowest-stock products?,llm,"The two lowest-stock products are Bose QC Ultra (7) and Logitech MX Master 3 (7). The next-lowest level is 8 units, shared by Dell XPS 15 and Sony Games Bundle. Any valid three-product selection from these lowest levels totals 22 units; the third position is tied.",keyword_only,0.0,1.0,2,38,0.26762694000827036,1.0,1.0,66.13941955566406,"Source: Safety Manual, Chunk 4
SECTION 4: CLEANLINESS & WASTE DISPOSAL
---------------------------------------
- Floors must be swept at the end of each shift.
- Spillages must be reported and cleaned immediately using absorbent pads.
- Recycling bins are color-coded:
  - Blue: Paper/Cardboard
  - Green: Plastic
  - Red: Hazardous waste
- All cleaning supplies are stored in Room C-14.",False,nan,nan,nan,nan,nan,nan
What is the combined stock of the three lowest-stock products?,llm,"The two lowest-stock products are Bose QC Ultra (7) and Logitech MX Master 3 (7). The next-lowest level is 8 units, shared by Dell XPS 15 and Sony Games Bundle. Any valid three-product selection from these lowest levels totals 22 units; the third position is tied.",keyword_only,0.0,1.0,3,39,0.2482617248944108,1.0,1.0,66.90503692626953,"Source: Safety Manual, Chunk 5
SECTION 5: SECURITY & ACCESS CONTROL
-------------------------------------
- Entry to the warehouse requires ID badge scans.
- All doors auto-lock after 8:00 PM.
- Visitors must be logged in at the front desk and accompanied at all times.
- Security footage is retained for 30 days and reviewed weekly.",False,nan,nan,nan,nan,nan,nan
What is the combined stock of the three lowest-stock products?,llm,"The two lowest-stock products are Bose QC Ultra (7) and Logitech MX Master 3 (7). The next-lowest level is 8 units, shared by Dell XPS 15 and Sony Games Bundle. Any valid three-product selection from these lowest levels totals 22 units; the third position is tied.",keyword_only,0.0,1.0,4,44,0.12300997625892203,1.0,1.0,72.3122329711914,"Source: Safety Manual, Chunk 10
SECTION 4: VISITOR PROTOCOL
All visitors must sign in at the security desk and wear visitor badges.
Visitors must be escorted by a warehouse employee at all times.
PPE is required for visitors entering the warehouse floor.
Visits should be scheduled at least 24 hours in advance.",False,nan,nan,nan,nan,nan,nan
What is the combined stock of the three lowest-stock products?,llm,"The two lowest-stock products are Bose QC Ultra (7) and Logitech MX Master 3 (7). The next-lowest level is 8 units, shared by Dell XPS 15 and Sony Games Bundle. Any valid three-product selection from these lowest levels totals 22 units; the third position is tied.",keyword_only,0.0,1.0,5,0,0.5291156016742635,0.5,0.5,57.268402099609375,"Item: Apple iPhone 14, Shelf: Shelf A, Shelf ID: A, Location: (-0.151, 2.203, 0.001), Stock: 10, Price: $799.99, Category: Smartphones",False,nan,nan,nan,nan,nan,nan
What is the combined stock of the three lowest-stock products?,llm,"The two lowest-stock products are Bose QC Ultra (7) and Logitech MX Master 3 (7). The next-lowest level is 8 units, shared by Dell XPS 15 and Sony Games Bundle. Any valid three-product selection from these lowest levels totals 22 units; the third position is tied.",hybrid_50_50,0.5,0.5,1,27,1.0,0.5,0.75,46.069053649902344,"Item: Logitech G Pro X Superlight, Shelf: Shelf F, Shelf ID: F, Location: (8.776, 2.159, 0.003), Stock: 22, Price: $149.99, Category: Gaming Mouse",False,nan,nan,nan,nan,nan,nan
What is the combined stock of the three lowest-stock products?,llm,"The two lowest-stock products are Bose QC Ultra (7) and Logitech MX Master 3 (7). The next-lowest level is 8 units, shared by Dell XPS 15 and Sony Games Bundle. Any valid three-product selection from these lowest levels totals 22 units; the third position is tied.",hybrid_50_50,0.5,0.5,2,10,0.8589998291110155,0.5,0.6794999145555077,48.94342803955078,"Item: Sony WH-1000XM5, Shelf: Shelf C, Shelf ID: C, Location: (3.265, 2.080, 0.001), Stock: 16, Price: $399.99, Category: Headphones",False,nan,nan,nan,nan,nan,nan
What is the combined stock of the three lowest-stock products?,llm,"The two lowest-stock products are Bose QC Ultra (7) and Logitech MX Master 3 (7). The next-lowest level is 8 units, shared by Dell XPS 15 and Sony Games Bundle. Any valid three-product selection from these lowest levels totals 22 units; the third position is tied.",hybrid_50_50,0.5,0.5,3,25,0.8505677004666726,0.5,0.6752838502333363,49.126487731933594,"Item: Logitech MX Master 3, Shelf: Shelf F, Shelf ID: F, Location: (8.776, 2.159, 0.003), Stock: 7, Price: $99.99, Category: Computer Mouse",False,nan,nan,nan,nan,nan,nan
What is the combined stock of the three lowest-stock products?,llm,"The two lowest-stock products are Bose QC Ultra (7) and Logitech MX Master 3 (7). The next-lowest level is 8 units, shared by Dell XPS 15 and Sony Games Bundle. Any valid three-product selection from these lowest levels totals 22 units; the third position is tied.",hybrid_50_50,0.5,0.5,4,33,0.8416520285073221,0.5,0.6708260142536611,49.321510314941406,"Item: PlayStation 5 Games Bundle, Shelf: Shelf G, Shelf ID: G, Location: (6.213, 3.981, 0.001), Stock: 6, Price: $59.99, Category: Software",False,nan,nan,nan,nan,nan,nan
What is the combined stock of the three lowest-stock products?,llm,"The two lowest-stock products are Bose QC Ultra (7) and Logitech MX Master 3 (7). The next-lowest level is 8 units, shared by Dell XPS 15 and Sony Games Bundle. Any valid three-product selection from these lowest levels totals 22 units; the third position is tied.",hybrid_50_50,0.5,0.5,5,30,0.8367083018256392,0.5,0.6683541509128196,49.43030548095703,"Item: Sony PlayStation 5, Shelf: Shelf G, Shelf ID: G, Location: (6.213, 3.981, 0.001), Stock: 99, Price: $499.99, Category: Gaming Consoles",False,nan,nan,nan,nan,nan,nan
What is the combined stock of the three lowest-stock products?,llm,"The two lowest-stock products are Bose QC Ultra (7) and Logitech MX Master 3 (7). The next-lowest level is 8 units, shared by Dell XPS 15 and Sony Games Bundle. Any valid three-product selection from these lowest levels totals 22 units; the third position is tied.",hybrid_60_40,0.6,0.4,1,27,1.0,0.5,0.8,46.069053649902344,"Item: Logitech G Pro X Superlight, Shelf: Shelf F, Shelf ID: F, Location: (8.776, 2.159, 0.003), Stock: 22, Price: $149.99, Category: Gaming Mouse",False,nan,nan,nan,nan,nan,nan
What is the combined stock of the three lowest-stock products?,llm,"The two lowest-stock products are Bose QC Ultra (7) and Logitech MX Master 3 (7). The next-lowest level is 8 units, shared by Dell XPS 15 and Sony Games Bundle. Any valid three-product selection from these lowest levels totals 22 units; the third position is tied.",hybrid_60_40,0.6,0.4,2,10,0.8589998291110155,0.5,0.7153998974666094,48.94342803955078,"Item: Sony WH-1000XM5, Shelf: Shelf C, Shelf ID: C, Location: (3.265, 2.080, 0.001), Stock: 16, Price: $399.99, Category: Headphones",False,nan,nan,nan,nan,nan,nan
What is the combined stock of the three lowest-stock products?,llm,"The two lowest-stock products are Bose QC Ultra (7) and Logitech MX Master 3 (7). The next-lowest level is 8 units, shared by Dell XPS 15 and Sony Games Bundle. Any valid three-product selection from these lowest levels totals 22 units; the third position is tied.",hybrid_60_40,0.6,0.4,3,25,0.8505677004666726,0.5,0.7103406202800036,49.126487731933594,"Item: Logitech MX Master 3, Shelf: Shelf F, Shelf ID: F, Location: (8.776, 2.159, 0.003), Stock: 7, Price: $99.99, Category: Computer Mouse",False,nan,nan,nan,nan,nan,nan
What is the combined stock of the three lowest-stock products?,llm,"The two lowest-stock products are Bose QC Ultra (7) and Logitech MX Master 3 (7). The next-lowest level is 8 units, shared by Dell XPS 15 and Sony Games Bundle. Any valid three-product selection from these lowest levels totals 22 units; the third position is tied.",hybrid_60_40,0.6,0.4,4,33,0.8416520285073221,0.5,0.7049912171043933,49.321510314941406,"Item: PlayStation 5 Games Bundle, Shelf: Shelf G, Shelf ID: G, Location: (6.213, 3.981, 0.001), Stock: 6, Price: $59.99, Category: Software",False,nan,nan,nan,nan,nan,nan
What is the combined stock of the three lowest-stock products?,llm,"The two lowest-stock products are Bose QC Ultra (7) and Logitech MX Master 3 (7). The next-lowest level is 8 units, shared by Dell XPS 15 and Sony Games Bundle. Any valid three-product selection from these lowest levels totals 22 units; the third position is tied.",hybrid_60_40,0.6,0.4,5,30,0.8367083018256392,0.5,0.7020249810953836,49.43030548095703,"Item: Sony PlayStation 5, Shelf: Shelf G, Shelf ID: G, Location: (6.213, 3.981, 0.001), Stock: 99, Price: $499.99, Category: Gaming Consoles",False,nan,nan,nan,nan,nan,nan
What is the combined stock of the three lowest-stock products?,llm,"The two lowest-stock products are Bose QC Ultra (7) and Logitech MX Master 3 (7). The next-lowest level is 8 units, shared by Dell XPS 15 and Sony Games Bundle. Any valid three-product selection from these lowest levels totals 22 units; the third position is tied.",hybrid_70_30,0.7,0.3,1,27,1.0,0.5,0.85,46.069053649902344,"Item: Logitech G Pro X Superlight, Shelf: Shelf F, Shelf ID: F, Location: (8.776, 2.159, 0.003), Stock: 22, Price: $149.99, Category: Gaming Mouse",False,nan,nan,nan,nan,nan,nan
What is the combined stock of the three lowest-stock products?,llm,"The two lowest-stock products are Bose QC Ultra (7) and Logitech MX Master 3 (7). The next-lowest level is 8 units, shared by Dell XPS 15 and Sony Games Bundle. Any valid three-product selection from these lowest levels totals 22 units; the third position is tied.",hybrid_70_30,0.7,0.3,2,10,0.8589998291110155,0.5,0.7512998803777108,48.94342803955078,"Item: Sony WH-1000XM5, Shelf: Shelf C, Shelf ID: C, Location: (3.265, 2.080, 0.001), Stock: 16, Price: $399.99, Category: Headphones",False,nan,nan,nan,nan,nan,nan
What is the combined stock of the three lowest-stock products?,llm,"The two lowest-stock products are Bose QC Ultra (7) and Logitech MX Master 3 (7). The next-lowest level is 8 units, shared by Dell XPS 15 and Sony Games Bundle. Any valid three-product selection from these lowest levels totals 22 units; the third position is tied.",hybrid_70_30,0.7,0.3,3,25,0.8505677004666726,0.5,0.7453973903266709,49.126487731933594,"Item: Logitech MX Master 3, Shelf: Shelf F, Shelf ID: F, Location: (8.776, 2.159, 0.003), Stock: 7, Price: $99.99, Category: Computer Mouse",False,nan,nan,nan,nan,nan,nan
What is the combined stock of the three lowest-stock products?,llm,"The two lowest-stock products are Bose QC Ultra (7) and Logitech MX Master 3 (7). The next-lowest level is 8 units, shared by Dell XPS 15 and Sony Games Bundle. Any valid three-product selection from these lowest levels totals 22 units; the third position is tied.",hybrid_70_30,0.7,0.3,4,33,0.8416520285073221,0.5,0.7391564199551255,49.321510314941406,"Item: PlayStation 5 Games Bundle, Shelf: Shelf G, Shelf ID: G, Location: (6.213, 3.981, 0.001), Stock: 6, Price: $59.99, Category: Software",False,nan,nan,nan,nan,nan,nan
What is the combined stock of the three lowest-stock products?,llm,"The two lowest-stock products are Bose QC Ultra (7) and Logitech MX Master 3 (7). The next-lowest level is 8 units, shared by Dell XPS 15 and Sony Games Bundle. Any valid three-product selection from these lowest levels totals 22 units; the third position is tied.",hybrid_70_30,0.7,0.3,5,30,0.8367083018256392,0.5,0.7356958112779474,49.43030548095703,"Item: Sony PlayStation 5, Shelf: Shelf G, Shelf ID: G, Location: (6.213, 3.981, 0.001), Stock: 99, Price: $499.99, Category: Gaming Consoles",False,nan,nan,nan,nan,nan,nan
What is the combined stock of the three lowest-stock products?,llm,"The two lowest-stock products are Bose QC Ultra (7) and Logitech MX Master 3 (7). The next-lowest level is 8 units, shared by Dell XPS 15 and Sony Games Bundle. Any valid three-product selection from these lowest levels totals 22 units; the third position is tied.",hybrid_80_20,0.8,0.2,1,27,1.0,0.5,0.9,46.069053649902344,"Item: Logitech G Pro X Superlight, Shelf: Shelf F, Shelf ID: F, Location: (8.776, 2.159, 0.003), Stock: 22, Price: $149.99, Category: Gaming Mouse",False,nan,nan,nan,nan,nan,nan
What is the combined stock of the three lowest-stock products?,llm,"The two lowest-stock products are Bose QC Ultra (7) and Logitech MX Master 3 (7). The next-lowest level is 8 units, shared by Dell XPS 15 and Sony Games Bundle. Any valid three-product selection from these lowest levels totals 22 units; the third position is tied.",hybrid_80_20,0.8,0.2,2,10,0.8589998291110155,0.5,0.7871998632888124,48.94342803955078,"Item: Sony WH-1000XM5, Shelf: Shelf C, Shelf ID: C, Location: (3.265, 2.080, 0.001), Stock: 16, Price: $399.99, Category: Headphones",False,nan,nan,nan,nan,nan,nan
What is the combined stock of the three lowest-stock products?,llm,"The two lowest-stock products are Bose QC Ultra (7) and Logitech MX Master 3 (7). The next-lowest level is 8 units, shared by Dell XPS 15 and Sony Games Bundle. Any valid three-product selection from these lowest levels totals 22 units; the third position is tied.",hybrid_80_20,0.8,0.2,3,25,0.8505677004666726,0.5,0.7804541603733381,49.126487731933594,"Item: Logitech MX Master 3, Shelf: Shelf F, Shelf ID: F, Location: (8.776, 2.159, 0.003), Stock: 7, Price: $99.99, Category: Computer Mouse",False,nan,nan,nan,nan,nan,nan
What is the combined stock of the three lowest-stock products?,llm,"The two lowest-stock products are Bose QC Ultra (7) and Logitech MX Master 3 (7). The next-lowest level is 8 units, shared by Dell XPS 15 and Sony Games Bundle. Any valid three-product selection from these lowest levels totals 22 units; the third position is tied.",hybrid_80_20,0.8,0.2,4,33,0.8416520285073221,0.5,0.7733216228058577,49.321510314941406,"Item: PlayStation 5 Games Bundle, Shelf: Shelf G, Shelf ID: G, Location: (6.213, 3.981, 0.001), Stock: 6, Price: $59.99, Category: Software",False,nan,nan,nan,nan,nan,nan
What is the combined stock of the three lowest-stock products?,llm,"The two lowest-stock products are Bose QC Ultra (7) and Logitech MX Master 3 (7). The next-lowest level is 8 units, shared by Dell XPS 15 and Sony Games Bundle. Any valid three-product selection from these lowest levels totals 22 units; the third position is tied.",hybrid_80_20,0.8,0.2,5,30,0.8367083018256392,0.5,0.7693666414605114,49.43030548095703,"Item: Sony PlayStation 5, Shelf: Shelf G, Shelf ID: G, Location: (6.213, 3.981, 0.001), Stock: 99, Price: $499.99, Category: Gaming Consoles",False,nan,nan,nan,nan,nan,nan
"Give a short comparison of total stock on Shelves A, C, and F.",llm,"Shelf A has 105 units, Shelf C has 130 units, and Shelf F has 132 units. Shelf F is highest by 2 units over Shelf C; Shelf C exceeds Shelf A by 25 units.",semantic_only,1.0,0.0,1,36,1.0,0.3333333333333333,1.0,37.19907760620117,"Source: Safety Manual, Chunk 2
SECTION 2: INVENTORY HANDLING
-----------------------------
- Use handheld scanners for all inventory movements.
- Report discrepancies immediately to the Inventory Supervisor.
- Damaged goods must be placed in the “Inspection Zone” before tagging.
- Shelves are labeled using alphanumeric codes (e.g., A1-B3).",False,nan,nan,nan,nan,nan,nan
"Give a short comparison of total stock on Shelves A, C, and F.",llm,"Shelf A has 105 units, Shelf C has 130 units, and Shelf F has 132 units. Shelf F is highest by 2 units over Shelf C; Shelf C exceeds Shelf A by 25 units.",semantic_only,1.0,0.0,2,27,0.789836439497386,0.6666666666666666,0.789836439497386,40.681396484375,"Item: Logitech G Pro X Superlight, Shelf: Shelf F, Shelf ID: F, Location: (8.776, 2.159, 0.003), Stock: 22, Price: $149.99, Category: Gaming Mouse",False,nan,nan,nan,nan,nan,nan
"Give a short comparison of total stock on Shelves A, C, and F.",llm,"Shelf A has 105 units, Shelf C has 130 units, and Shelf F has 132 units. Shelf F is highest by 2 units over Shelf C; Shelf C exceeds Shelf A by 25 units.",semantic_only,1.0,0.0,3,10,0.7133742751666747,0.6666666666666666,0.7133742751666747,42.111263275146484,"Item: Sony WH-1000XM5, Shelf: Shelf C, Shelf ID: C, Location: (3.265, 2.080, 0.001), Stock: 16, Price: $399.99, Category: Headphones",False,nan,nan,nan,nan,nan,nan
"Give a short comparison of total stock on Shelves A, C, and F.",llm,"Shelf A has 105 units, Shelf C has 130 units, and Shelf F has 132 units. Shelf F is highest by 2 units over Shelf C; Shelf C exceeds Shelf A by 25 units.",semantic_only,1.0,0.0,4,9,0.7103964098470539,0.3333333333333333,0.7103964098470539,42.16893768310547,"Item: Samsung Fast Charger, Shelf: Shelf B, Shelf ID: B, Location: (1.430, 2.184, 0.000), Stock: 66, Price: $29.99, Category: Accessories",False,nan,nan,nan,nan,nan,nan
"Give a short comparison of total stock on Shelves A, C, and F.",llm,"Shelf A has 105 units, Shelf C has 130 units, and Shelf F has 132 units. Shelf F is highest by 2 units over Shelf C; Shelf C exceeds Shelf A by 25 units.",semantic_only,1.0,0.0,5,45,0.7050656911693218,0.3333333333333333,0.7050656911693218,42.27256774902344,"Source: Safety Manual, Chunk 11
SECTION 5: MATERIAL HANDLING AND STORAGE
Forklift operators must be certified and recertified every 2 years.
Do not exceed 1500 kg per shelving level unless labeled otherwise.
Use Class 2 ratchet straps for loads over 200 kg.
Hazardous chemicals must be stored in locked ventilated cabinets.",False,nan,nan,nan,nan,nan,nan
"Give a short comparison of total stock on Shelves A, C, and F.",llm,"Shelf A has 105 units, Shelf C has 130 units, and Shelf F has 132 units. Shelf F is highest by 2 units over Shelf C; Shelf C exceeds Shelf A by 25 units.",keyword_only,0.0,1.0,1,38,0.3721731584013612,1.0,1.0,49.90355682373047,"Source: Safety Manual, Chunk 4
SECTION 4: CLEANLINESS & WASTE DISPOSAL
---------------------------------------
- Floors must be swept at the end of each shift.
- Spillages must be reported and cleaned immediately using absorbent pads.
- Recycling bins are color-coded:
  - Blue: Paper/Cardboard
  - Green: Plastic
  - Red: Hazardous waste
- All cleaning supplies are stored in Room C-14.",False,nan,nan,nan,nan,nan,nan
"Give a short comparison of total stock on Shelves A, C, and F.",llm,"Shelf A has 105 units, Shelf C has 130 units, and Shelf F has 132 units. Shelf F is highest by 2 units over Shelf C; Shelf C exceeds Shelf A by 25 units.",keyword_only,0.0,1.0,2,46,0.1802162527120352,1.0,1.0,55.6657600402832,"Source: Safety Manual, Chunk 12
SECTION 6: FIRST AID AND INCIDENT REPORTING
First Aid Kits must be:
Available every 30 meters.
Checked weekly by a safety officer.
Incident Reports:
Must be submitted within 2 hours using Form WHS-101.
Use the internal safety portal for submission.
Emergency contacts are listed on the main notice board and in Section 9.",False,nan,nan,nan,nan,nan,nan
"Give a short comparison of total stock on Shelves A, C, and F.",llm,"Shelf A has 105 units, Shelf C has 130 units, and Shelf F has 132 units. Shelf F is highest by 2 units over Shelf C; Shelf C exceeds Shelf A by 25 units.",keyword_only,0.0,1.0,3,0,0.5044955901276985,0.6666666666666666,0.6666666666666666,46.56911849975586,"Item: Apple iPhone 14, Shelf: Shelf A, Shelf ID: A, Location: (-0.151, 2.203, 0.001), Stock: 10, Price: $799.99, Category: Smartphones",False,nan,nan,nan,nan,nan,nan
"Give a short comparison of total stock on Shelves A, C, and F.",llm,"Shelf A has 105 units, Shelf C has 130 units, and Shelf F has 132 units. Shelf F is highest by 2 units over Shelf C; Shelf C exceeds Shelf A by 25 units.",keyword_only,0.0,1.0,4,1,0.5188402167145221,0.6666666666666666,0.6666666666666666,46.23370361328125,"Item: Apple iPhone 14 Pro, Shelf: Shelf A, Shelf ID: A, Location: (-0.151, 2.203, 0.001), Stock: 10, Price: $999.99, Category: Smartphones",False,nan,nan,nan,nan,nan,nan
"Give a short comparison of total stock on Shelves A, C, and F.",llm,"Shelf A has 105 units, Shelf C has 130 units, and Shelf F has 132 units. Shelf F is highest by 2 units over Shelf C; Shelf C exceeds Shelf A by 25 units.",keyword_only,0.0,1.0,5,2,0.47771571071153307,0.6666666666666666,0.6666666666666666,47.208221435546875,"Item: Apple iPhone 13, Shelf: Shelf A, Shelf ID: A, Location: (-0.151, 2.203, 0.001), Stock: 8, Price: $599.99, Category: Smartphones",False,nan,nan,nan,nan,nan,nan
"Give a short comparison of total stock on Shelves A, C, and F.",llm,"Shelf A has 105 units, Shelf C has 130 units, and Shelf F has 132 units. Shelf F is highest by 2 units over Shelf C; Shelf C exceeds Shelf A by 25 units.",hybrid_50_50,0.5,0.5,1,27,0.789836439497386,0.6666666666666666,0.7282515530820264,40.681396484375,"Item: Logitech G Pro X Superlight, Shelf: Shelf F, Shelf ID: F, Location: (8.776, 2.159, 0.003), Stock: 22, Price: $149.99, Category: Gaming Mouse",False,nan,nan,nan,nan,nan,nan
"Give a short comparison of total stock on Shelves A, C, and F.",llm,"Shelf A has 105 units, Shelf C has 130 units, and Shelf F has 132 units. Shelf F is highest by 2 units over Shelf C; Shelf C exceeds Shelf A by 25 units.",hybrid_50_50,0.5,0.5,2,10,0.7133742751666747,0.6666666666666666,0.6900204709166706,42.111263275146484,"Item: Sony WH-1000XM5, Shelf: Shelf C, Shelf ID: C, Location: (3.265, 2.080, 0.001), Stock: 16, Price: $399.99, Category: Headphones",False,nan,nan,nan,nan,nan,nan
"Give a short comparison of total stock on Shelves A, C, and F.",llm,"Shelf A has 105 units, Shelf C has 130 units, and Shelf F has 132 units. Shelf F is highest by 2 units over Shelf C; Shelf C exceeds Shelf A by 25 units.",hybrid_50_50,0.5,0.5,3,38,0.3721731584013612,1.0,0.6860865792006806,49.90355682373047,"Source: Safety Manual, Chunk 4
SECTION 4: CLEANLINESS & WASTE DISPOSAL
---------------------------------------
- Floors must be swept at the end of each shift.
- Spillages must be reported and cleaned immediately using absorbent pads.
- Recycling bins are color-coded:
  - Blue: Paper/Cardboard
  - Green: Plastic
  - Red: Hazardous waste
- All cleaning supplies are stored in Room C-14.",False,nan,nan,nan,nan,nan,nan
"Give a short comparison of total stock on Shelves A, C, and F.",llm,"Shelf A has 105 units, Shelf C has 130 units, and Shelf F has 132 units. Shelf F is highest by 2 units over Shelf C; Shelf C exceeds Shelf A by 25 units.",hybrid_50_50,0.5,0.5,4,14,0.6960552652690253,0.6666666666666666,0.6813609659678459,42.44886779785156,"Item: Sony Carrying Case, Shelf: Shelf C, Shelf ID: C, Location: (3.265, 2.080, 0.001), Stock: 42, Price: $19.99, Category: Accessories",False,nan,nan,nan,nan,nan,nan
"Give a short comparison of total stock on Shelves A, C, and F.",llm,"Shelf A has 105 units, Shelf C has 130 units, and Shelf F has 132 units. Shelf F is highest by 2 units over Shelf C; Shelf C exceeds Shelf A by 25 units.",hybrid_50_50,0.5,0.5,5,12,0.6867140378132142,0.6666666666666666,0.6766903522399403,42.63316345214844,"Item: Sony WF-1000XM5, Shelf: Shelf C, Shelf ID: C, Location: (3.265, 2.080, 0.001), Stock: 18, Price: $299.99, Category: Earbuds",False,nan,nan,nan,nan,nan,nan
"Give a short comparison of total stock on Shelves A, C, and F.",llm,"Shelf A has 105 units, Shelf C has 130 units, and Shelf F has 132 units. Shelf F is highest by 2 units over Shelf C; Shelf C exceeds Shelf A by 25 units.",hybrid_60_40,0.6,0.4,1,27,0.789836439497386,0.6666666666666666,0.7405685303650982,40.681396484375,"Item: Logitech G Pro X Superlight, Shelf: Shelf F, Shelf ID: F, Location: (8.776, 2.159, 0.003), Stock: 22, Price: $149.99, Category: Gaming Mouse",False,nan,nan,nan,nan,nan,nan
"Give a short comparison of total stock on Shelves A, C, and F.",llm,"Shelf A has 105 units, Shelf C has 130 units, and Shelf F has 132 units. Shelf F is highest by 2 units over Shelf C; Shelf C exceeds Shelf A by 25 units.",hybrid_60_40,0.6,0.4,2,36,1.0,0.3333333333333333,0.7333333333333333,37.19907760620117,"Source: Safety Manual, Chunk 2
SECTION 2: INVENTORY HANDLING
-----------------------------
- Use handheld scanners for all inventory movements.
- Report discrepancies immediately to the Inventory Supervisor.
- Damaged goods must be placed in the “Inspection Zone” before tagging.
- Shelves are labeled using alphanumeric codes (e.g., A1-B3).",False,nan,nan,nan,nan,nan,nan
"Give a short comparison of total stock on Shelves A, C, and F.",llm,"Shelf A has 105 units, Shelf C has 130 units, and Shelf F has 132 units. Shelf F is highest by 2 units over Shelf C; Shelf C exceeds Shelf A by 25 units.",hybrid_60_40,0.6,0.4,3,10,0.7133742751666747,0.6666666666666666,0.6946912317666715,42.111263275146484,"Item: Sony WH-1000XM5, Shelf: Shelf C, Shelf ID: C, Location: (3.265, 2.080, 0.001), Stock: 16, Price: $399.99, Category: Headphones",False,nan,nan,nan,nan,nan,nan
"Give a short comparison of total stock on Shelves A, C, and F.",llm,"Shelf A has 105 units, Shelf C has 130 units, and Shelf F has 132 units. Shelf F is highest by 2 units over Shelf C; Shelf C exceeds Shelf A by 25 units.",hybrid_60_40,0.6,0.4,4,14,0.6960552652690253,0.6666666666666666,0.6842998258280818,42.44886779785156,"Item: Sony Carrying Case, Shelf: Shelf C, Shelf ID: C, Location: (3.265, 2.080, 0.001), Stock: 42, Price: $19.99, Category: Accessories",False,nan,nan,nan,nan,nan,nan
"Give a short comparison of total stock on Shelves A, C, and F.",llm,"Shelf A has 105 units, Shelf C has 130 units, and Shelf F has 132 units. Shelf F is highest by 2 units over Shelf C; Shelf C exceeds Shelf A by 25 units.",hybrid_60_40,0.6,0.4,5,12,0.6867140378132142,0.6666666666666666,0.6786950893545951,42.63316345214844,"Item: Sony WF-1000XM5, Shelf: Shelf C, Shelf ID: C, Location: (3.265, 2.080, 0.001), Stock: 18, Price: $299.99, Category: Earbuds",False,nan,nan,nan,nan,nan,nan
"Give a short comparison of total stock on Shelves A, C, and F.",llm,"Shelf A has 105 units, Shelf C has 130 units, and Shelf F has 132 units. Shelf F is highest by 2 units over Shelf C; Shelf C exceeds Shelf A by 25 units.",hybrid_70_30,0.7,0.3,1,36,1.0,0.3333333333333333,0.7999999999999999,37.19907760620117,"Source: Safety Manual, Chunk 2
SECTION 2: INVENTORY HANDLING
-----------------------------
- Use handheld scanners for all inventory movements.
- Report discrepancies immediately to the Inventory Supervisor.
- Damaged goods must be placed in the “Inspection Zone” before tagging.
- Shelves are labeled using alphanumeric codes (e.g., A1-B3).",False,nan,nan,nan,nan,nan,nan
"Give a short comparison of total stock on Shelves A, C, and F.",llm,"Shelf A has 105 units, Shelf C has 130 units, and Shelf F has 132 units. Shelf F is highest by 2 units over Shelf C; Shelf C exceeds Shelf A by 25 units.",hybrid_70_30,0.7,0.3,2,27,0.789836439497386,0.6666666666666666,0.7528855076481701,40.681396484375,"Item: Logitech G Pro X Superlight, Shelf: Shelf F, Shelf ID: F, Location: (8.776, 2.159, 0.003), Stock: 22, Price: $149.99, Category: Gaming Mouse",False,nan,nan,nan,nan,nan,nan
"Give a short comparison of total stock on Shelves A, C, and F.",llm,"Shelf A has 105 units, Shelf C has 130 units, and Shelf F has 132 units. Shelf F is highest by 2 units over Shelf C; Shelf C exceeds Shelf A by 25 units.",hybrid_70_30,0.7,0.3,3,10,0.7133742751666747,0.6666666666666666,0.6993619926166723,42.111263275146484,"Item: Sony WH-1000XM5, Shelf: Shelf C, Shelf ID: C, Location: (3.265, 2.080, 0.001), Stock: 16, Price: $399.99, Category: Headphones",False,nan,nan,nan,nan,nan,nan
"Give a short comparison of total stock on Shelves A, C, and F.",llm,"Shelf A has 105 units, Shelf C has 130 units, and Shelf F has 132 units. Shelf F is highest by 2 units over Shelf C; Shelf C exceeds Shelf A by 25 units.",hybrid_70_30,0.7,0.3,4,14,0.6960552652690253,0.6666666666666666,0.6872386856883177,42.44886779785156,"Item: Sony Carrying Case, Shelf: Shelf C, Shelf ID: C, Location: (3.265, 2.080, 0.001), Stock: 42, Price: $19.99, Category: Accessories",False,nan,nan,nan,nan,nan,nan
"Give a short comparison of total stock on Shelves A, C, and F.",llm,"Shelf A has 105 units, Shelf C has 130 units, and Shelf F has 132 units. Shelf F is highest by 2 units over Shelf C; Shelf C exceeds Shelf A by 25 units.",hybrid_70_30,0.7,0.3,5,12,0.6867140378132142,0.6666666666666666,0.6806998264692499,42.63316345214844,"Item: Sony WF-1000XM5, Shelf: Shelf C, Shelf ID: C, Location: (3.265, 2.080, 0.001), Stock: 18, Price: $299.99, Category: Earbuds",False,nan,nan,nan,nan,nan,nan
"Give a short comparison of total stock on Shelves A, C, and F.",llm,"Shelf A has 105 units, Shelf C has 130 units, and Shelf F has 132 units. Shelf F is highest by 2 units over Shelf C; Shelf C exceeds Shelf A by 25 units.",hybrid_80_20,0.8,0.2,1,36,1.0,0.3333333333333333,0.8666666666666667,37.19907760620117,"Source: Safety Manual, Chunk 2
SECTION 2: INVENTORY HANDLING
-----------------------------
- Use handheld scanners for all inventory movements.
- Report discrepancies immediately to the Inventory Supervisor.
- Damaged goods must be placed in the “Inspection Zone” before tagging.
- Shelves are labeled using alphanumeric codes (e.g., A1-B3).",False,nan,nan,nan,nan,nan,nan
"Give a short comparison of total stock on Shelves A, C, and F.",llm,"Shelf A has 105 units, Shelf C has 130 units, and Shelf F has 132 units. Shelf F is highest by 2 units over Shelf C; Shelf C exceeds Shelf A by 25 units.",hybrid_80_20,0.8,0.2,2,27,0.789836439497386,0.6666666666666666,0.7652024849312422,40.681396484375,"Item: Logitech G Pro X Superlight, Shelf: Shelf F, Shelf ID: F, Location: (8.776, 2.159, 0.003), Stock: 22, Price: $149.99, Category: Gaming Mouse",False,nan,nan,nan,nan,nan,nan
"Give a short comparison of total stock on Shelves A, C, and F.",llm,"Shelf A has 105 units, Shelf C has 130 units, and Shelf F has 132 units. Shelf F is highest by 2 units over Shelf C; Shelf C exceeds Shelf A by 25 units.",hybrid_80_20,0.8,0.2,3,10,0.7133742751666747,0.6666666666666666,0.7040327534666732,42.111263275146484,"Item: Sony WH-1000XM5, Shelf: Shelf C, Shelf ID: C, Location: (3.265, 2.080, 0.001), Stock: 16, Price: $399.99, Category: Headphones",False,nan,nan,nan,nan,nan,nan
"Give a short comparison of total stock on Shelves A, C, and F.",llm,"Shelf A has 105 units, Shelf C has 130 units, and Shelf F has 132 units. Shelf F is highest by 2 units over Shelf C; Shelf C exceeds Shelf A by 25 units.",hybrid_80_20,0.8,0.2,4,14,0.6960552652690253,0.6666666666666666,0.6901775455485536,42.44886779785156,"Item: Sony Carrying Case, Shelf: Shelf C, Shelf ID: C, Location: (3.265, 2.080, 0.001), Stock: 42, Price: $19.99, Category: Accessories",False,nan,nan,nan,nan,nan,nan
"Give a short comparison of total stock on Shelves A, C, and F.",llm,"Shelf A has 105 units, Shelf C has 130 units, and Shelf F has 132 units. Shelf F is highest by 2 units over Shelf C; Shelf C exceeds Shelf A by 25 units.",hybrid_80_20,0.8,0.2,5,12,0.6867140378132142,0.6666666666666666,0.6827045635839046,42.63316345214844,"Item: Sony WF-1000XM5, Shelf: Shelf C, Shelf ID: C, Location: (3.265, 2.080, 0.001), Stock: 18, Price: $299.99, Category: Earbuds",False,nan,nan,nan,nan,nan,nan
